ID_Fakta_Anggaran,ID_Waktu,ID_Akun,ID_Unit,Nilai_Anggaran,Nilai_Realisasi,Persen_Realisasi
1,1,1,1,699504493.74,580948210.93,83.05
2,2,2,2,293277941.6,285016045.0,97.18
3,3,3,3,234582939.03,224947094.67,95.89
4,4,4,4,555801621.39,330195900.37,59.41
5,5,5,5,722274280.09,318142186.44,44.05
6,6,6,6,428875395.52,167316457.94,39.01
7,7,7,7,980956556.4,826050946.27,84.21
8,8,8,8,687981441.2,687981441.2,100.0
9,9,9,9,486122582.47,486122582.47,100.0
10,10,10,10,398196343.01,231896896.64,58.24
11,11,11,11,349746235.99,207494577.63,59.33
12,12,12,12,731759210.31,539145143.4,73.68
13,13,13,13,444186522.23,309917074.56,69.77
14,14,14,14,69081117.64,30921452.18,44.76
15,15,15,15,404063812.78,404063812.78,100.0
16,16,16,16,740615451.67,249565024.62,33.7
17,17,17,17,190666813.15,79959102.65,41.94
18,18,18,18,183697238.59,68622493.48,37.36
19,19,19,19,536235860.1,214938860.19,40.08
20,20,20,20,536509311.23,364681854.4,67.97
21,21,21,21,638056948.97,247471384.62,38.79
22,22,22,22,850937476.14,353115728.93,41.5
23,23,23,23,727210771.61,396743834.15,54.56
24,24,24,24,614913275.57,452036171.07,73.51
25,25,25,25,725218948.74,643989900.24,88.8
26,26,26,26,329729324.71,303753061.6,92.12
27,27,27,27,368170769.07,227093354.79,61.68
28,28,28,28,235980598.57,83306709.22,35.3
29,29,29,29,300776905.92,154185482.73,51.26
30,30,30,30,634666362.62,253728570.59,39.98
31,31,31,31,101183890.55,91567110.04,90.5
32,32,32,32,439364160.95,422864182.87,96.24
33,33,33,33,436554135.7,436554135.7,100.0
34,34,34,34,498748246.67,498506278.18,99.95
35,35,35,35,431571987.39,231756294.61,53.7
36,36,36,36,319138610.74,223172394.81,69.93
37,37,37,37,432087793.89,319428713.39,73.93
38,38,38,38,894455271.49,786637560.67,87.95
39,39,39,39,944718418.02,865095834.77,91.57
40,40,40,40,506818309.13,329701940.35,65.05
41,41,41,41,627713422.27,331044713.86,52.74
42,42,42,42,124462211.13,64548496.62,51.86
43,43,43,43,324112627.0,239720063.37,73.96
44,44,44,44,420677949.83,378729414.7,90.03
45,45,45,45,867646066.3,867646066.3,100.0
46,46,46,46,257950811.74,195776775.39,75.9
47,47,47,47,488203921.62,227014168.42,46.5
48,48,48,48,985704187.75,943535258.19,95.72
49,49,49,49,524290268.07,423825638.22,80.84
50,50,50,50,616765580.51,356357157.97,57.78
51,51,51,51,129422379.33,129422379.33,100.0
52,52,52,52,828077392.5,659512899.45,79.64
53,53,53,53,607029527.13,491498433.01,80.97
54,54,54,54,549617326.4,222729183.34,40.52
55,55,55,55,349336195.44,324202417.92,92.81
56,56,56,56,311079581.14,311079581.14,100.0
57,57,57,57,422851988.91,422851988.91,100.0
58,58,58,58,684487758.13,206662804.7,30.19
59,59,59,59,876702273.38,568915517.11,64.89
60,60,60,60,515318114.1,297446933.43,57.72
61,61,61,61,672620645.13,338947980.34,50.39
62,62,62,62,590077187.04,209825240.08,35.56
63,63,63,63,628654467.07,367953071.87,58.53
64,64,64,64,677942160.48,545169188.5,80.42
65,65,65,65,843919013.24,843919013.24,100.0
66,66,66,66,92363038.45,49792701.07,53.91
67,67,67,67,766046013.03,443494903.56,57.89
68,68,68,68,251229710.79,193340758.55,76.96
69,69,69,69,202280730.97,190752830.06,94.3
70,70,70,70,576732387.92,548676911.79,95.14
71,71,71,71,104755391.45,77246463.95,73.74
72,72,72,72,886473558.01,550315938.71,62.08
73,73,73,73,630976482.33,405711955.24,64.3
74,74,74,74,726182194.61,637585198.4,87.8
75,75,75,75,25967914.63,25967914.63,100.0
76,76,76,76,598487560.65,598487560.65,100.0
77,77,77,77,561217340.47,405112838.23,72.18
78,78,78,78,167370047.7,149158322.33,89.12
79,79,79,79,161539809.97,109972897.42,68.08
80,80,80,80,698574233.48,397866581.85,56.95
81,81,81,81,325578762.12,278259531.91,85.47
82,82,82,82,695050592.58,695050592.58,100.0
83,83,83,83,558839417.22,375626629.62,67.22
84,84,84,84,395061068.38,387662121.48,98.13
85,85,85,85,925881164.72,713962493.61,77.11
86,86,86,86,843253296.94,504499209.75,59.83
87,87,87,87,363823591.02,151256735.09,41.57
88,88,88,88,53155549.16,18884283.21,35.53
89,89,89,89,311720392.68,311720392.68,100.0
90,90,90,90,404203825.1,146751843.12,36.31
91,91,91,91,707909242.15,707909242.15,100.0
92,92,92,92,995404897.21,857800471.94,86.18
93,93,93,93,362355717.06,296332623.02,81.78
94,94,94,94,764922335.65,521690817.33,68.2
95,95,95,95,597245147.4,597245147.4,100.0
96,96,96,96,694784780.71,526699677.06,75.81
97,97,97,97,159616177.82,102284426.49,64.08
98,98,98,98,404887529.8,272089420.28,67.2
99,99,99,99,248447338.75,237811271.86,95.72
100,100,100,100,350021453.91,350021453.91,100.0
101,101,101,101,517996872.66,405968822.74,78.37
102,102,102,102,669958304.66,209528984.25,31.27
103,103,103,103,114849400.21,42270257.66,36.8
104,104,104,104,139586001.16,139586001.16,100.0
105,105,105,105,328760800.4,245123237.8,74.56
106,106,106,106,664948693.3,664948693.3,100.0
107,107,107,107,848041163.02,630413547.13,74.34
108,108,108,108,557724771.35,522000263.54,93.59
109,109,109,109,855907962.65,708503167.24,82.78
110,110,110,110,390989433.16,333953341.21,85.41
111,111,111,111,323620018.15,237183365.55,73.29
112,112,112,112,360722028.84,327395947.71,90.76
113,113,113,113,179371010.91,125404531.48,69.91
114,114,114,114,830821508.16,783578789.93,94.31
115,115,115,115,345284137.46,184375761.28,53.4
116,116,116,116,556846374.54,186628302.78,33.52
117,117,117,117,582765953.43,246355423.24,42.27
118,118,118,118,526317728.8,316986894.87,60.23
119,119,119,119,12661183.93,12661183.93,100.0
120,120,120,120,988461965.09,988461965.09,100.0
121,121,121,121,906288159.9,522988794.9,57.71
122,122,122,122,215559502.58,137905273.07,63.98
123,123,123,123,299564518.66,221381776.93,73.9
124,124,124,124,524810051.54,436728728.51,83.22
125,125,125,125,902892258.93,588015099.38,65.13
126,126,126,126,983794576.06,850298136.71,86.43
127,127,127,127,264966643.51,190108284.11,71.75
128,128,128,128,568715452.5,247922027.73,43.59
129,129,129,129,808898997.3,788182080.94,97.44
130,130,130,130,400426353.41,249898371.61,62.41
131,131,131,131,733762305.49,279286931.77,38.06
132,132,132,132,169458324.28,82057237.11,48.42
133,133,133,133,604691582.16,406413234.26,67.21
134,134,134,134,867205813.72,637989091.35,73.57
135,135,135,135,983686393.11,983686393.11,100.0
136,136,136,136,88572132.47,50119766.35,56.59
137,137,137,137,434063801.95,434063801.95,100.0
138,138,138,138,212497430.95,86934360.02,40.91
139,139,139,139,456130125.61,208153931.97,45.63
140,140,140,140,552285936.9,246864849.35,44.7
141,141,141,141,102393443.27,78946135.65,77.1
142,142,142,142,303892167.73,225628969.94,74.25
143,143,143,143,928308397.75,509958295.12,54.93
144,144,144,144,573313694.12,534439311.39,93.22
145,145,145,145,462837877.55,353102416.07,76.29
146,146,146,146,755990730.89,639754242.33,84.62
147,147,147,147,744443530.32,386258699.25,51.89
148,148,148,148,58093242.52,44479395.0,76.57
149,149,149,149,711610421.49,685023144.72,96.26
150,150,150,150,840850914.33,513183739.94,61.03
151,151,151,151,174278505.36,174278505.36,100.0
152,152,152,152,783187958.62,392975997.04,50.18
153,153,153,153,293671250.56,293671250.56,100.0
154,154,154,154,313405055.8,258242514.47,82.4
155,155,155,155,668608850.7,667147487.23,99.78
156,156,156,156,120278249.89,74466094.17,61.91
157,157,157,157,668223724.32,422298204.96,63.2
158,158,158,158,888978224.75,689564447.38,77.57
159,159,159,159,699348155.55,229530219.13,32.82
160,160,160,160,445924597.9,445924597.9,100.0
161,161,161,161,443832240.53,443832240.53,100.0
162,162,162,162,767445134.29,444806842.65,57.96
163,163,163,163,569985581.21,332594572.4,58.35
164,164,164,164,94055121.56,84581410.64,89.93
165,165,165,165,586844376.98,351997745.74,59.98
166,166,166,166,816695265.86,577776343.72,70.75
167,167,167,167,343695719.61,285890210.74,83.18
168,168,168,168,928300813.78,621716342.81,66.97
169,169,169,169,753209830.34,411240628.47,54.6
170,170,170,170,578323186.9,404463859.29,69.94
171,171,171,171,754127548.9,502232678.61,66.6
172,172,172,172,88357471.13,88357471.13,100.0
173,173,173,173,860795184.92,782508133.75,90.91
174,174,174,174,823289072.07,814711602.09,98.96
175,175,175,175,910772943.01,910772943.01,100.0
176,176,176,176,137344885.53,137344885.53,100.0
177,177,177,177,90962286.22,90224603.69,99.19
178,178,178,178,147031417.05,46171785.11,31.4
179,179,179,179,405384923.0,152970675.48,37.73
180,180,180,180,430063792.47,339840169.27,79.02
181,181,181,181,566596194.94,402994173.59,71.13
182,182,182,182,131021114.14,64664420.32,49.35
183,183,183,183,209385506.37,107927691.66,51.54
184,184,184,184,813527904.8,735971879.06,90.47
185,185,185,185,473307698.32,412582851.75,87.17
186,186,186,186,809858827.39,342776422.77,42.33
187,187,187,187,17352114.76,9577958.76,55.2
188,188,188,188,556076798.72,556076798.72,100.0
189,189,189,189,932612826.6,700898700.06,75.15
190,190,190,190,586353704.55,443370169.29,75.61
191,191,191,191,214034770.17,214034770.17,100.0
192,192,192,192,720579986.66,697072932.94,96.74
193,193,193,193,385195991.2,323491514.95,83.98
194,194,194,194,671700107.79,312173908.39,46.48
195,195,195,195,39026525.66,39026525.66,100.0
196,196,196,196,639541355.76,537749341.07,84.08
197,197,197,197,41875955.59,13824464.17,33.01
198,198,198,198,747332848.59,474856872.7,63.54
199,199,199,199,478183872.22,266366596.97,55.7
200,200,200,200,130536811.92,114837393.96,87.97
201,201,201,201,547209566.53,487565718.94,89.1
202,202,202,202,76106698.79,55949982.18,73.52
203,203,203,203,656831222.64,656831222.64,100.0
204,204,204,204,996125464.09,693890372.8,69.66
205,205,205,205,771703363.7,441195675.91,57.17
206,206,206,206,578036372.52,513312119.08,88.8
207,207,207,207,111608906.62,60113894.17,53.86
208,208,208,208,702835734.03,358655686.96,51.03
209,209,209,209,664556188.65,448816753.12,67.54
210,210,210,210,58606159.32,48801686.51,83.27
211,211,211,211,794376308.83,268638384.82,33.82
212,212,212,212,523529424.98,392550075.99,74.98
213,213,213,213,431609017.26,149174111.23,34.56
214,214,214,214,790305301.87,790305301.87,100.0
215,215,215,215,417453530.98,184782697.48,44.26
216,216,216,216,486216012.75,486216012.75,100.0
217,217,217,217,189812554.25,103631717.06,54.6
218,218,218,218,328105710.51,134524939.87,41.0
219,219,219,219,847077666.6,655406518.25,77.37
220,220,220,220,195034711.44,188598221.04,96.7
221,221,221,221,423118150.29,200834426.63,47.47
222,222,222,222,989144162.32,966988496.16,97.76
223,223,223,223,244233813.59,209742080.32,85.88
224,224,224,224,917664009.61,914468605.49,99.65
225,225,225,225,919213493.13,716893283.2,77.99
226,226,226,226,100383378.78,47337625.19,47.16
227,227,227,227,469016197.64,405581093.75,86.47
228,228,228,228,507194171.97,263550564.55,51.96
229,229,229,229,320532260.55,119866760.89,37.4
230,230,230,230,56866141.87,39645275.67,69.72
231,231,231,231,249268780.87,108448671.58,43.51
232,232,232,232,104574345.14,88056095.2,84.2
233,233,233,233,245867406.66,121243798.34,49.31
234,234,234,234,809713175.43,607525862.67,75.03
235,235,235,235,896028505.01,417011766.36,46.54
236,236,236,236,52790663.16,52790663.16,100.0
237,237,237,237,308927367.9,308927367.9,100.0
238,238,238,238,980776376.61,867079965.11,88.41
239,239,239,239,544109774.33,285651121.12,52.5
240,240,240,240,630046268.09,332202983.14,52.73
241,241,241,241,15489954.32,7988291.67,51.57
242,242,242,242,490060349.01,273868122.88,55.88
243,243,243,243,988445249.28,330032590.16,33.39
244,244,244,244,381433672.21,291639763.83,76.46
245,245,245,245,106067777.05,80692935.44,76.08
246,246,246,246,467289673.95,177144989.53,37.91
247,247,247,247,963374421.33,717897944.78,74.52
248,248,248,248,348412307.43,160535214.44,46.08
249,249,249,249,800933505.88,609282659.93,76.07
250,250,250,250,800857867.9,587319276.63,73.34
251,1,1,1,216165813.77,109646421.25,50.72
252,2,2,2,448934024.78,228330237.83,50.86
253,3,3,3,718445262.4,573481083.03,79.82
254,4,4,4,416414587.56,258768572.79,62.14
255,5,5,5,199096885.82,199096885.82,100.0
256,6,6,6,967819363.74,967819363.74,100.0
257,7,7,7,654242862.81,654242862.81,100.0
258,8,8,8,866805253.01,359616951.41,41.49
259,9,9,9,34989934.22,34385318.61,98.27
260,10,10,10,274236756.64,110121726.59,40.16
261,11,11,11,507050389.32,169776221.17,33.48
262,12,12,12,76774148.78,24711921.21,32.19
263,13,13,13,993102928.48,992340944.34,99.92
264,14,14,14,244097772.24,87575699.01,35.88
265,15,15,15,380549260.52,289200070.37,76.0
266,16,16,16,221871795.76,169706208.7,76.49
267,17,17,17,114391407.44,98334609.88,85.96
268,18,18,18,240154987.75,153879888.79,64.08
269,19,19,19,307604034.15,160249327.1,52.1
270,20,20,20,638097845.22,430902761.45,67.53
271,21,21,21,288422433.64,215241143.83,74.63
272,22,22,22,368653993.37,198699813.86,53.9
273,23,23,23,15883415.29,7490762.43,47.16
274,24,24,24,372061934.67,372061934.67,100.0
275,25,25,25,538547121.88,429863472.2,79.82
276,26,26,26,170395678.68,90619312.31,53.18
277,27,27,27,601458777.28,491582626.84,81.73
278,28,28,28,300220943.94,230112677.87,76.65
279,29,29,29,635729989.85,270085091.4,42.48
280,30,30,30,35934639.2,20151795.0,56.08
281,31,31,31,888717525.86,270861435.31,30.48
282,32,32,32,25957444.12,23756125.52,91.52
283,33,33,33,135688450.73,88667959.4,65.35
284,34,34,34,779390836.95,281151014.42,36.07
285,35,35,35,55436279.88,34010203.36,61.35
286,36,36,36,713888706.66,252783632.44,35.41
287,37,37,37,971335679.11,633586523.22,65.23
288,38,38,38,872966103.81,857884110.77,98.27
289,39,39,39,713060034.81,508126853.51,71.26
290,40,40,40,958924645.59,356087062.3,37.13
291,41,41,41,435515204.51,302070101.29,69.36
292,42,42,42,874150125.18,368634142.07,42.17
293,43,43,43,362398091.29,214303487.27,59.13
294,44,44,44,930466016.37,840939064.48,90.38
295,45,45,45,157289879.68,153144329.95,97.36
296,46,46,46,940628724.78,326611100.49,34.72
297,47,47,47,834389035.31,526117011.66,63.05
298,48,48,48,847594289.81,319334678.04,37.68
299,49,49,49,132683779.82,92614708.27,69.8
300,50,50,50,600522029.36,498382356.03,82.99
301,51,51,51,26228556.07,21164823.38,80.69
302,52,52,52,723972522.39,343753127.49,47.48
303,53,53,53,17660138.98,15860078.54,89.81
304,54,54,54,93974054.67,73482196.06,78.19
305,55,55,55,233243426.35,102309817.09,43.86
306,56,56,56,876373288.53,670688028.18,76.53
307,57,57,57,369940554.81,369940554.81,100.0
308,58,58,58,544560335.86,431523306.55,79.24
309,59,59,59,572422181.68,364177183.7,63.62
310,60,60,60,233208726.7,107194805.42,45.97
311,61,61,61,576425300.3,331541461.57,57.52
312,62,62,62,664342277.08,588004106.3,88.51
313,63,63,63,305262939.38,124668080.13,40.84
314,64,64,64,424440590.39,381709649.49,89.93
315,65,65,65,458558035.3,419973857.56,91.59
316,66,66,66,933027154.93,709800349.13,76.07
317,67,67,67,591618810.0,216497274.08,36.59
318,68,68,68,948769847.9,785718312.79,82.81
319,69,69,69,560474406.23,454071763.74,81.02
320,70,70,70,505555806.64,365043660.31,72.21
321,71,71,71,13496888.86,12799008.5,94.83
322,72,72,72,486080153.44,206270976.55,42.44
323,73,73,73,928180448.58,813983370.88,87.7
324,74,74,74,206382032.14,179985326.58,87.21
325,75,75,75,61570223.05,52249636.86,84.86
326,76,76,76,412711104.54,412216180.97,99.88
327,77,77,77,378672515.79,303735788.25,80.21
328,78,78,78,858581527.29,710020004.83,82.7
329,79,79,79,36345004.4,34714365.84,95.51
330,80,80,80,920947737.46,409315779.72,44.45
331,81,81,81,684093969.01,289380788.27,42.3
332,82,82,82,905183734.12,860177012.89,95.03
333,83,83,83,611453780.11,458633772.44,75.01
334,84,84,84,813833779.31,478403149.66,58.78
335,85,85,85,342188434.8,136827078.71,39.99
336,86,86,86,356070565.75,137157547.18,38.52
337,87,87,87,395975488.03,373817373.11,94.4
338,88,88,88,757249110.76,278609507.4,36.79
339,89,89,89,375598262.68,188409315.82,50.16
340,90,90,90,249797608.43,97255393.8,38.93
341,91,91,91,938291673.22,376604790.18,40.14
342,92,92,92,908930972.83,734656517.9,80.83
343,93,93,93,355309342.93,327848550.53,92.27
344,94,94,94,638291689.56,493330626.89,77.29
345,95,95,95,281103789.54,272885617.75,97.08
346,96,96,96,214053977.43,160560241.42,75.01
347,97,97,97,342976133.71,293296998.23,85.52
348,98,98,98,333828893.69,100898315.65,30.22
349,99,99,99,883453340.18,804222194.03,91.03
350,100,100,100,824080776.58,363736551.38,44.14
351,101,101,101,712526996.27,401582558.1,56.36
352,102,102,102,959751773.01,668004378.82,69.6
353,103,103,103,428317919.58,162619147.84,37.97
354,104,104,104,252582708.17,237621545.05,94.08
355,105,105,105,126224452.82,121815548.13,96.51
356,106,106,106,308042824.62,121561902.11,39.46
357,107,107,107,153811096.63,106084864.02,68.97
358,108,108,108,101264236.39,99968802.18,98.72
359,109,109,109,606902874.74,329147811.5,54.23
360,110,110,110,370545575.26,370545575.26,100.0
361,111,111,111,568924639.17,230706501.16,40.55
362,112,112,112,199422363.51,73856718.17,37.04
363,113,113,113,680136801.06,281030964.64,41.32
364,114,114,114,223350392.8,98656446.24,44.17
365,115,115,115,285243357.81,140282807.87,49.18
366,116,116,116,744342817.92,291057066.97,39.1
367,117,117,117,564140516.69,555046275.02,98.39
368,118,118,118,341488048.74,341488048.74,100.0
369,119,119,119,547558894.72,249495731.63,45.57
370,120,120,120,697044855.83,332715753.22,47.73
371,121,121,121,913010800.26,676438791.92,74.09
372,122,122,122,584906081.26,399160422.7,68.24
373,123,123,123,240359515.1,200265040.44,83.32
374,124,124,124,749230654.47,279587756.58,37.32
375,125,125,125,779991327.38,530193968.59,67.97
376,126,126,126,208397301.81,89433717.69,42.92
377,127,127,127,822368477.48,822368477.48,100.0
378,128,128,128,470285506.18,446940958.23,95.04
379,129,129,129,781968995.47,414822817.04,53.05
380,130,130,130,245103437.79,115687009.74,47.2
381,131,131,131,339254467.02,275942655.41,81.34
382,132,132,132,954160148.1,352916872.82,36.99
383,133,133,133,661236922.42,227535985.42,34.41
384,134,134,134,775149052.2,376537268.99,48.58
385,135,135,135,691490599.79,604343409.27,87.4
386,136,136,136,212261076.67,132453676.24,62.4
387,137,137,137,475981860.96,255818445.08,53.75
388,138,138,138,810874233.98,576484203.47,71.09
389,139,139,139,678284775.64,581712379.3,85.76
390,140,140,140,15967606.8,11681253.74,73.16
391,141,141,141,96533665.23,96533665.23,100.0
392,142,142,142,353326773.01,312948084.91,88.57
393,143,143,143,944921884.22,944921884.22,100.0
394,144,144,144,496278576.16,154551808.27,31.14
395,145,145,145,277474504.76,277474504.76,100.0
396,146,146,146,366819482.26,200928627.04,54.78
397,147,147,147,218546101.28,202355836.95,92.59
398,148,148,148,426988056.6,426988056.6,100.0
399,149,149,149,225855085.15,73868681.93,32.71
400,150,150,150,847294982.23,847294982.23,100.0
401,151,151,151,461707893.05,357410195.06,77.41
402,152,152,152,287003998.25,287003998.25,100.0
403,153,153,153,933562731.66,763223534.37,81.75
404,154,154,154,321207840.09,263310779.7,81.98
405,155,155,155,910617515.42,381099262.35,41.85
406,156,156,156,52983910.06,45131961.87,85.18
407,157,157,157,710043909.66,622946837.44,87.73
408,158,158,158,489050148.64,184573495.77,37.74
409,159,159,159,449778850.71,166097783.43,36.93
410,160,160,160,45960110.91,29906017.39,65.07
411,161,161,161,50276358.59,27762049.32,55.22
412,162,162,162,339426080.89,332159794.42,97.86
413,163,163,163,947648344.51,782621474.76,82.59
414,164,164,164,621483377.34,274521975.11,44.17
415,165,165,165,375186093.26,171874098.03,45.81
416,166,166,166,615857268.66,333745877.76,54.19
417,167,167,167,214070220.92,161657356.24,75.52
418,168,168,168,173415778.4,121716178.92,70.19
419,169,169,169,368199092.88,251452219.45,68.29
420,170,170,170,864719818.03,281040971.71,32.5
421,171,171,171,514307710.08,377204823.56,73.34
422,172,172,172,303932500.9,96001589.27,31.59
423,173,173,173,950749108.82,622645214.28,65.49
424,174,174,174,817806428.77,381074061.47,46.6
425,175,175,175,329744203.37,179355594.85,54.39
426,176,176,176,972377262.78,799286091.02,82.2
427,177,177,177,987477586.85,609255169.96,61.7
428,178,178,178,414573532.41,320293311.33,77.26
429,179,179,179,659363871.86,586674450.44,88.98
430,180,180,180,411596666.47,359972673.54,87.46
431,181,181,181,264774624.68,193840595.06,73.21
432,182,182,182,91826149.24,91342423.48,99.47
433,183,183,183,270974242.66,270974242.66,100.0
434,184,184,184,278765054.97,233125454.12,83.63
435,185,185,185,404652688.89,146352097.15,36.17
436,186,186,186,193037170.72,75190685.22,38.95
437,187,187,187,954280219.28,752671417.32,78.87
438,188,188,188,111851086.53,54378982.71,48.62
439,189,189,189,628956447.81,628956447.81,100.0
440,190,190,190,447280414.17,217124646.34,48.54
441,191,191,191,429282868.49,301747777.93,70.29
442,192,192,192,378271865.1,136909095.93,36.19
443,193,193,193,869631563.07,682699993.92,78.5
444,194,194,194,287672210.84,261440584.95,90.88
445,195,195,195,30370395.82,26096564.45,85.93
446,196,196,196,918916045.8,566459132.62,61.64
447,197,197,197,865835474.8,499767743.53,57.72
448,198,198,198,284132772.15,146077838.9,51.41
449,199,199,199,528252672.84,282719107.61,53.52
450,200,200,200,117997315.29,108763631.62,92.17
451,201,201,201,102492798.07,93893719.29,91.61
452,202,202,202,839091447.35,779954117.64,92.95
453,203,203,203,416163060.39,416163060.39,100.0
454,204,204,204,665099374.8,508773670.83,76.5
455,205,205,205,943768552.89,402168183.15,42.61
456,206,206,206,252679285.65,128542342.57,50.87
457,207,207,207,23028232.98,15029680.9,65.27
458,208,208,208,33906921.73,10326629.44,30.46
459,209,209,209,712291835.48,417516608.89,58.62
460,210,210,210,925306365.95,597633523.75,64.59
461,211,211,211,472656970.28,165925092.03,35.1
462,212,212,212,381358056.62,357874044.93,93.84
463,213,213,213,547431820.43,461867232.93,84.37
464,214,214,214,860327669.21,758154656.21,88.12
465,215,215,215,655632335.06,238771035.48,36.42
466,216,216,216,240650097.72,179158530.87,74.45
467,217,217,217,776834402.48,557663543.62,71.79
468,218,218,218,143267362.36,106704702.3,74.48
469,219,219,219,173904371.02,135483303.67,77.91
470,220,220,220,616555459.98,310251551.81,50.32
471,221,221,221,246395572.08,219145732.31,88.94
472,222,222,222,707730762.08,473010337.32,66.83
473,223,223,223,356023342.12,163638768.71,45.96
474,224,224,224,284649720.41,233490249.02,82.03
475,225,225,225,998929221.91,567845473.62,56.85
476,226,226,226,50209963.31,29164167.93,58.08
477,227,227,227,649364296.47,325511327.6,50.13
478,228,228,228,48312589.16,34837720.52,72.11
479,229,229,229,762608155.34,525938813.99,68.97
480,230,230,230,237789057.92,152629054.1,64.19
481,231,231,231,98933548.4,61575494.78,62.24
482,232,232,232,651965214.79,289824999.22,44.45
483,233,233,233,735275205.12,509641977.67,69.31
484,234,234,234,681314361.77,391613465.07,57.48
485,235,235,235,61381937.66,47204397.08,76.9
486,236,236,236,301363876.1,91952140.31,30.51
487,237,237,237,456577462.76,188302529.69,41.24
488,238,238,238,294232256.83,206838331.84,70.3
489,239,239,239,812408321.71,563309933.11,69.34
490,240,240,240,139803954.1,75589613.01,54.07
491,241,241,241,616057568.07,396914075.56,64.43
492,242,242,242,988332794.19,717279241.35,72.57
493,243,243,243,903530973.21,566902735.68,62.74
494,244,244,244,229935491.86,160941963.97,69.99
495,245,245,245,10081068.74,4672872.59,46.35
496,246,246,246,980791368.64,911401842.02,92.93
497,247,247,247,883885854.85,398605875.59,45.1
498,248,248,248,920277741.66,637406234.4,69.26
499,249,249,249,421348515.33,353367524.12,83.87
500,250,250,250,747169307.54,666647041.51,89.22
501,1,1,1,220703183.58,132899192.06,60.22
502,2,2,2,398381030.37,333891727.58,83.81
503,3,3,3,853032570.87,601715263.97,70.54
504,4,4,4,136336101.98,95576246.3,70.1
505,5,5,5,894926714.19,414768933.92,46.35
506,6,6,6,501542892.65,186727292.04,37.23
507,7,7,7,431834698.82,166202389.85,38.49
508,8,8,8,312589924.21,140552035.98,44.96
509,9,9,9,917680297.42,624019625.03,68.0
510,10,10,10,522447226.15,245528983.38,47.0
511,11,11,11,805986104.65,375750601.91,46.62
512,12,12,12,859075269.41,498722082.65,58.05
513,13,13,13,923158531.05,827050058.7,89.59
514,14,14,14,310346926.69,306456830.77,98.75
515,15,15,15,346412745.5,175403594.54,50.63
516,16,16,16,599123137.58,186392605.47,31.11
517,17,17,17,446910894.1,298475986.95,66.79
518,18,18,18,933514107.29,486574874.23,52.12
519,19,19,19,403588411.12,268774767.38,66.6
520,20,20,20,483000267.89,325741454.58,67.44
521,21,21,21,621014227.67,602925819.82,97.09
522,22,22,22,410692091.11,137807685.36,33.55
523,23,23,23,992553651.57,992553651.57,100.0
524,24,24,24,107862771.71,40136111.95,37.21
525,25,25,25,228397284.63,216384766.43,94.74
526,26,26,26,329428579.81,289756492.16,87.96
527,27,27,27,156245615.2,72973998.2,46.7
528,28,28,28,291377042.19,159132876.36,54.61
529,29,29,29,781452839.93,781452839.93,100.0
530,30,30,30,527663080.88,392386849.86,74.36
531,31,31,31,43614099.77,31001783.39,71.08
532,32,32,32,982796359.34,760171241.21,77.35
533,33,33,33,619846412.79,619846412.79,100.0
534,34,34,34,68350083.82,38571433.5,56.43
535,35,35,35,664557084.08,507952114.54,76.43
536,36,36,36,384585676.99,301045825.41,78.28
537,37,37,37,144316564.15,65358943.77,45.29
538,38,38,38,568027946.97,568027946.97,100.0
539,39,39,39,729809151.0,447193896.31,61.28
540,40,40,40,674415338.43,415335993.37,61.58
541,41,41,41,255038021.97,255038021.97,100.0
542,42,42,42,529617559.24,477596728.33,90.18
543,43,43,43,542286809.63,320826607.26,59.16
544,44,44,44,719635330.49,360458210.76,50.09
545,45,45,45,366268675.45,111476798.82,30.44
546,46,46,46,799755269.24,420953284.06,52.64
547,47,47,47,631642630.41,262471409.11,41.55
548,48,48,48,47948290.95,23655388.29,49.34
549,49,49,49,551014231.45,551014231.45,100.0
550,50,50,50,863292974.48,402565200.98,46.63
551,51,51,51,571898420.93,176760276.49,30.91
552,52,52,52,184069982.8,86005028.65,46.72
553,53,53,53,515272606.64,410678272.12,79.7
554,54,54,54,759376378.16,759376378.16,100.0
555,55,55,55,119004144.48,73475590.41,61.74
556,56,56,56,818928087.95,796670968.06,97.28
557,57,57,57,175806824.75,140682416.34,80.02
558,58,58,58,538735727.29,213167529.38,39.57
559,59,59,59,391886047.61,295726669.02,75.46
560,60,60,60,256137529.84,197080584.5,76.94
561,61,61,61,650958187.88,346632704.05,53.25
562,62,62,62,47018187.68,35462600.6,75.42
563,63,63,63,762445348.68,762445348.68,100.0
564,64,64,64,531671232.35,245885565.88,46.25
565,65,65,65,877013498.44,877013498.44,100.0
566,66,66,66,525511136.72,525511136.72,100.0
567,67,67,67,44682836.85,22609350.8,50.6
568,68,68,68,152164959.19,68901670.48,45.28
569,69,69,69,797648542.75,240819816.06,30.19
570,70,70,70,497056288.37,370578250.32,74.55
571,71,71,71,447460478.75,237700537.51,53.12
572,72,72,72,325250433.56,325250433.56,100.0
573,73,73,73,291703706.28,216446808.97,74.2
574,74,74,74,966227449.36,690705998.75,71.48
575,75,75,75,438639637.48,235234460.87,53.63
576,76,76,76,885163002.35,370792065.92,41.89
577,77,77,77,651681491.97,282240360.76,43.31
578,78,78,78,859843369.81,859843369.81,100.0
579,79,79,79,853925049.33,732527331.22,85.78
580,80,80,80,956748907.51,291046215.62,30.42
581,81,81,81,700962813.84,637477542.53,90.94
582,82,82,82,807342966.04,758496179.82,93.95
583,83,83,83,735796616.45,645823559.91,87.77
584,84,84,84,609174567.59,256535019.58,42.11
585,85,85,85,720180592.55,461090253.27,64.02
586,86,86,86,718592907.31,557508584.18,77.58
587,87,87,87,50498715.11,50498715.11,100.0
588,88,88,88,520949727.18,520949727.18,100.0
589,89,89,89,794724847.12,449498331.04,56.56
590,90,90,90,250532564.64,82541132.07,32.95
591,91,91,91,470496506.61,470496506.61,100.0
592,92,92,92,440635853.85,440635853.85,100.0
593,93,93,93,408759297.59,304133604.43,74.4
594,94,94,94,130621132.49,114565106.42,87.71
595,95,95,95,530454425.86,269385605.01,50.78
596,96,96,96,451785881.62,293201482.11,64.9
597,97,97,97,666758829.7,314297704.83,47.14
598,98,98,98,553918928.19,275593976.82,49.75
599,99,99,99,37267500.36,20912735.96,56.12
600,100,100,100,41598807.73,21859358.09,52.55
601,101,101,101,704346203.01,451116723.96,64.05
602,102,102,102,710505307.37,710505307.37,100.0
603,103,103,103,960339742.39,604252455.05,62.92
604,104,104,104,877937634.69,344100083.38,39.19
605,105,105,105,473379070.71,185233705.97,39.13
606,106,106,106,629647446.57,497495379.0,79.01
607,107,107,107,462609910.42,379455123.63,82.02
608,108,108,108,230716774.3,91604811.63,39.7
609,109,109,109,382910227.28,157755804.09,41.2
610,110,110,110,112845390.14,97952979.67,86.8
611,111,111,111,669861847.81,669861847.81,100.0
612,112,112,112,200109842.28,133050921.88,66.49
613,113,113,113,480713109.62,226272922.76,47.07
614,114,114,114,967762236.99,757198272.83,78.24
615,115,115,115,41352241.34,14949974.62,36.15
616,116,116,116,160212650.56,91942802.31,57.39
617,117,117,117,305593392.53,144903818.4,47.42
618,118,118,118,942388894.77,473356183.97,50.23
619,119,119,119,909753378.17,683221907.28,75.1
620,120,120,120,170380832.4,113179738.31,66.43
621,121,121,121,981306595.54,943555349.62,96.15
622,122,122,122,753240049.88,519099788.82,68.92
623,123,123,123,544577312.1,343571067.43,63.09
624,124,124,124,932385854.13,656700281.9,70.43
625,125,125,125,881801070.75,733015826.01,83.13
626,126,126,126,397403327.59,288292377.69,72.54
627,127,127,127,659779764.02,214405643.59,32.5
628,128,128,128,650911294.12,451211457.78,69.32
629,129,129,129,333698503.96,101163962.99,30.32
630,130,130,130,187596272.91,168583981.17,89.87
631,131,131,131,472141778.69,246641793.47,52.24
632,132,132,132,270648225.94,100413734.86,37.1
633,133,133,133,361514475.1,225207502.11,62.3
634,134,134,134,954602529.21,871597864.36,91.3
635,135,135,135,466526491.83,152590586.54,32.71
636,136,136,136,688042550.82,346704879.34,50.39
637,137,137,137,342867595.82,273705321.0,79.83
638,138,138,138,995902467.67,459536073.42,46.14
639,139,139,139,662179929.98,404250133.65,61.05
640,140,140,140,204049371.09,166038935.87,81.37
641,141,141,141,107202158.64,73304879.58,68.38
642,142,142,142,943748765.47,745037069.9,78.94
643,143,143,143,945330053.89,700814743.31,74.13
644,144,144,144,625115091.67,576841152.98,92.28
645,145,145,145,26821584.35,22178115.84,82.69
646,146,146,146,233279535.43,231391783.67,99.19
647,147,147,147,803264016.28,468514240.47,58.33
648,148,148,148,876705231.02,607960283.53,69.35
649,149,149,149,459449916.27,166149076.15,36.16
650,150,150,150,371865412.09,140754720.29,37.85
651,151,151,151,281482761.34,197883547.66,70.3
652,152,152,152,125800808.63,82045233.37,65.22
653,153,153,153,124587090.59,124587090.59,100.0
654,154,154,154,953076671.42,548598665.34,57.56
655,155,155,155,810539853.58,516727819.5,63.75
656,156,156,156,173131566.98,94691093.77,54.69
657,157,157,157,214979549.39,211285486.97,98.28
658,158,158,158,658996035.15,426849018.2,64.77
659,159,159,159,767017573.03,637327163.5,83.09
660,160,160,160,812211696.81,250736099.89,30.87
661,161,161,161,171704314.42,171704314.42,100.0
662,162,162,162,984287005.14,874060221.67,88.8
663,163,163,163,235524045.16,127584245.9,54.17
664,164,164,164,593521278.8,477573677.47,80.46
665,165,165,165,591739597.77,485492158.24,82.04
666,166,166,166,967688266.79,408097781.36,42.17
667,167,167,167,661090768.64,214127551.99,32.39
668,168,168,168,589055223.66,589055223.66,100.0
669,169,169,169,523584852.88,507194232.39,96.87
670,170,170,170,767010962.72,748817009.87,97.63
671,171,171,171,114994707.98,88127066.82,76.64
672,172,172,172,12070982.17,10964559.42,90.83
673,173,173,173,952963979.11,349712326.24,36.7
674,174,174,174,503671102.71,195185769.97,38.75
675,175,175,175,335052025.05,335052025.05,100.0
676,176,176,176,374372727.48,374372727.48,100.0
677,177,177,177,805804882.96,733761039.67,91.06
678,178,178,178,388546510.29,344174205.49,88.58
679,179,179,179,772467482.25,365006000.61,47.25
680,180,180,180,446057382.07,282239440.56,63.27
681,181,181,181,845636688.12,605825816.86,71.64
682,182,182,182,85442023.41,72307784.15,84.63
683,183,183,183,486317044.3,235354419.36,48.4
684,184,184,184,472181213.11,240316849.31,50.9
685,185,185,185,271684699.52,145964205.16,53.73
686,186,186,186,944178597.5,733409615.9,77.68
687,187,187,187,905978173.28,587026519.81,64.79
688,188,188,188,449160338.93,268770008.82,59.84
689,189,189,189,106188009.66,77873796.08,73.34
690,190,190,190,214715317.41,168230255.97,78.35
691,191,191,191,278776918.1,173618354.33,62.28
692,192,192,192,489377575.79,480713198.16,98.23
693,193,193,193,344993340.11,314693579.46,91.22
694,194,194,194,776394709.1,776394709.1,100.0
695,195,195,195,481266341.56,481266341.56,100.0
696,196,196,196,871666799.4,848577072.56,97.35
697,197,197,197,995823932.63,574954945.43,57.74
698,198,198,198,227637590.5,73326664.68,32.21
699,199,199,199,615554663.4,216031917.3,35.1
700,200,200,200,849027287.42,474498543.31,55.89
701,201,201,201,945784268.6,312432355.74,33.03
702,202,202,202,297185560.8,210991025.39,71.0
703,203,203,203,729772316.51,268035847.64,36.73
704,204,204,204,24865986.93,13474641.85,54.19
705,205,205,205,880351014.01,879519890.75,99.91
706,206,206,206,73299163.62,36813033.17,50.22
707,207,207,207,736061444.68,457342673.75,62.13
708,208,208,208,994664283.0,993011788.65,99.83
709,209,209,209,506177882.98,449891586.52,88.88
710,210,210,210,217240650.83,217240650.83,100.0
711,211,211,211,598697147.06,598697147.06,100.0
712,212,212,212,627908479.94,269237152.64,42.88
713,213,213,213,671392009.96,480239559.21,71.53
714,214,214,214,180885624.75,180885624.75,100.0
715,215,215,215,899725565.51,342630399.69,38.08
716,216,216,216,624781453.83,307741003.64,49.26
717,217,217,217,53133017.51,36894920.79,69.44
718,218,218,218,687200654.06,207062666.0,30.13
719,219,219,219,204123206.16,118617065.62,58.11
720,220,220,220,37067373.51,18429230.46,49.72
721,221,221,221,555443742.48,340848049.58,61.36
722,222,222,222,815180502.2,446774195.78,54.81
723,223,223,223,861341736.8,861341736.8,100.0
724,224,224,224,112485715.9,88659551.1,78.82
725,225,225,225,666412357.83,505935761.41,75.92
726,226,226,226,712974472.21,403562639.37,56.6
727,227,227,227,301571824.13,276511442.53,91.69
728,228,228,228,971650358.7,971650358.7,100.0
729,229,229,229,285900595.37,219535992.37,76.79
730,230,230,230,79282367.49,56608221.8,71.4
731,231,231,231,524087557.53,307493399.54,58.67
732,232,232,232,697371737.31,555506346.9,79.66
733,233,233,233,252213189.19,197041591.07,78.13
734,234,234,234,345196380.21,235577057.65,68.24
735,235,235,235,567991703.2,409757553.81,72.14
736,236,236,236,887811384.13,541991319.22,61.05
737,237,237,237,749852646.88,587530132.08,78.35
738,238,238,238,217496039.52,185733223.21,85.4
739,239,239,239,259259300.01,259259300.01,100.0
740,240,240,240,528641882.28,327755551.8,62.0
741,241,241,241,771269108.02,417618163.0,54.15
742,242,242,242,622574160.41,622574160.41,100.0
743,243,243,243,506311023.64,285387891.77,56.37
744,244,244,244,601154086.44,601154086.44,100.0
745,245,245,245,758499428.84,606349236.96,79.94
746,246,246,246,541708995.86,509184217.43,94.0
747,247,247,247,898775216.76,867450847.9,96.51
748,248,248,248,947596815.59,507221992.05,53.53
749,249,249,249,916200961.56,595002839.3,64.94
750,250,250,250,756973156.66,372677972.75,49.23
751,1,1,1,253857793.95,248362380.62,97.84
752,2,2,2,391418731.55,390381282.49,99.73
753,3,3,3,287199951.56,203120619.77,70.72
754,4,4,4,661083638.65,529523981.22,80.1
755,5,5,5,330979408.2,292420832.36,88.35
756,6,6,6,756847688.86,756847688.86,100.0
757,7,7,7,122373987.63,48229864.65,39.41
758,8,8,8,777611115.21,380210284.52,48.89
759,9,9,9,590042954.91,548929306.37,93.03
760,10,10,10,837034800.28,413519134.02,49.4
761,11,11,11,436566895.61,430423919.36,98.59
762,12,12,12,628714808.68,326444683.18,51.92
763,13,13,13,558868010.25,401210703.38,71.79
764,14,14,14,975914553.69,904063341.91,92.64
765,15,15,15,757919647.5,307025262.49,40.51
766,16,16,16,549365116.91,238481599.4,43.41
767,17,17,17,182291769.63,92332619.59,50.65
768,18,18,18,905073074.68,313478881.87,34.64
769,19,19,19,213779404.86,98046300.42,45.86
770,20,20,20,653542824.22,281249156.68,43.03
771,21,21,21,937107134.44,432113160.15,46.11
772,22,22,22,231343833.91,196425461.84,84.91
773,23,23,23,233664305.33,76368020.04,32.68
774,24,24,24,853300721.32,853300721.32,100.0
775,25,25,25,829378475.71,369282254.33,44.53
776,26,26,26,358186319.45,309952032.14,86.53
777,27,27,27,272445325.8,157497915.76,57.81
778,28,28,28,136114587.54,95831852.81,70.41
779,29,29,29,988056742.07,830276873.64,84.03
780,30,30,30,836989669.87,639663104.32,76.42
781,31,31,31,900397688.89,481446372.32,53.47
782,32,32,32,518542532.75,196975473.21,37.99
783,33,33,33,123240983.96,109639843.18,88.96
784,34,34,34,62054535.07,46715209.88,75.28
785,35,35,35,337276281.79,174714962.02,51.8
786,36,36,36,921127128.66,738248278.33,80.15
787,37,37,37,948106016.79,912590495.36,96.25
788,38,38,38,842752227.11,587441405.44,69.71
789,39,39,39,167092352.04,122263368.32,73.17
790,40,40,40,425723939.4,384314931.71,90.27
791,41,41,41,253780489.51,227081465.39,89.48
792,42,42,42,213296276.98,75291573.44,35.3
793,43,43,43,687977591.61,208179246.49,30.26
794,44,44,44,491250551.04,382651354.19,77.89
795,45,45,45,331660548.53,327404438.01,98.72
796,46,46,46,109212317.71,104970493.89,96.12
797,47,47,47,549315737.28,549315737.28,100.0
798,48,48,48,353554901.54,119928484.3,33.92
799,49,49,49,397184848.09,186494592.85,46.95
800,50,50,50,317403654.38,148586317.62,46.81
801,51,51,51,393323252.87,238364277.01,60.6
802,52,52,52,560300988.73,460569550.26,82.2
803,53,53,53,24002367.54,21989351.9,91.61
804,54,54,54,849170525.27,484008320.67,57.0
805,55,55,55,922700663.01,502895047.29,54.5
806,56,56,56,555024393.55,244955417.48,44.13
807,57,57,57,275340905.62,125925107.02,45.73
808,58,58,58,990336610.21,696323604.67,70.31
809,59,59,59,389362089.71,271165038.04,69.64
810,60,60,60,696718840.35,492997020.15,70.76
811,61,61,61,693053021.77,579438337.33,83.61
812,62,62,62,439965974.01,348423168.8,79.19
813,63,63,63,207166575.76,115290393.82,55.65
814,64,64,64,966913582.13,357875897.53,37.01
815,65,65,65,73053950.73,36172292.72,49.51
816,66,66,66,490297893.94,247542950.56,50.49
817,67,67,67,228523402.69,117671437.92,51.49
818,68,68,68,301034390.91,279391417.61,92.81
819,69,69,69,830242048.97,329296274.93,39.66
820,70,70,70,373592907.35,127923086.2,34.24
821,71,71,71,92514787.01,66186810.26,71.54
822,72,72,72,204345915.07,105404781.54,51.58
823,73,73,73,861769676.16,861769676.16,100.0
824,74,74,74,977258561.56,860683337.22,88.07
825,75,75,75,275302339.01,275302339.01,100.0
826,76,76,76,678654897.83,678654897.83,100.0
827,77,77,77,90387007.52,65847097.5,72.85
828,78,78,78,726230935.91,492103329.02,67.76
829,79,79,79,422272246.28,213311655.51,50.52
830,80,80,80,918978319.11,804782922.89,87.57
831,81,81,81,318420808.25,318420808.25,100.0
832,82,82,82,942052327.43,873047488.97,92.68
833,83,83,83,508214952.81,319277181.81,62.82
834,84,84,84,355403994.79,151632291.09,42.66
835,85,85,85,650549399.19,532845358.93,81.91
836,86,86,86,257248741.28,228649612.86,88.88
837,87,87,87,237465961.38,190609064.76,80.27
838,88,88,88,204382980.18,74314806.56,36.36
839,89,89,89,960300568.19,681195427.08,70.94
840,90,90,90,497984590.34,459591633.04,92.29
841,91,91,91,754098813.24,470328626.25,62.37
842,92,92,92,479251962.52,246691470.1,51.47
843,93,93,93,591664758.47,323743395.57,54.72
844,94,94,94,588297591.32,285562323.45,48.54
845,95,95,95,980087444.84,965172306.05,98.48
846,96,96,96,671748792.94,520163023.75,77.43
847,97,97,97,247371776.86,226881517.49,91.72
848,98,98,98,25045682.57,10633330.57,42.46
849,99,99,99,226495318.28,148461350.0,65.55
850,100,100,100,460964445.87,460964445.87,100.0
851,101,101,101,399486133.36,250914249.34,62.81
852,102,102,102,814202976.92,479091762.52,58.84
853,103,103,103,787701187.45,319166132.21,40.52
854,104,104,104,98205008.23,78518426.88,79.95
855,105,105,105,952490617.72,607025425.89,63.73
856,106,106,106,532182110.61,347137655.69,65.23
857,107,107,107,600439923.23,394601439.35,65.72
858,108,108,108,411006203.59,310003082.4,75.43
859,109,109,109,653005946.14,576127227.19,88.23
860,110,110,110,872613040.46,663462962.65,76.03
861,111,111,111,677196607.15,207106659.92,30.58
862,112,112,112,970397558.38,356912142.52,36.78
863,113,113,113,704111027.17,643595406.15,91.41
864,114,114,114,823503529.08,768420285.91,93.31
865,115,115,115,54589187.98,26666790.58,48.85
866,116,116,116,675971528.86,383870927.43,56.79
867,117,117,117,658205118.01,481550930.45,73.16
868,118,118,118,110728590.47,110728590.47,100.0
869,119,119,119,843963621.1,390087686.86,46.22
870,120,120,120,618030679.86,609322141.44,98.59
871,121,121,121,107344809.48,50435553.15,46.98
872,122,122,122,598522447.54,189942082.72,31.74
873,123,123,123,483631689.85,438781333.75,90.73
874,124,124,124,240960634.19,172149133.74,71.44
875,125,125,125,29558529.67,23094794.09,78.13
876,126,126,126,371911608.37,219996642.77,59.15
877,127,127,127,623652566.7,575079011.64,92.21
878,128,128,128,335986342.15,237444191.89,70.67
879,129,129,129,314182105.99,167135844.76,53.2
880,130,130,130,753610029.7,723522494.45,96.01
881,131,131,131,761038401.08,314685374.92,41.35
882,132,132,132,721578177.12,721578177.12,100.0
883,133,133,133,110170134.56,89825738.62,81.53
884,134,134,134,521004297.4,440060474.47,84.46
885,135,135,135,562220673.76,240703845.71,42.81
886,136,136,136,747356481.67,488264247.57,65.33
887,137,137,137,904145945.04,725486168.12,80.24
888,138,138,138,375348477.38,129620227.08,34.53
889,139,139,139,434376837.62,406594643.72,93.6
890,140,140,140,735439817.47,442056618.95,60.11
891,141,141,141,666010054.48,556365804.54,83.54
892,142,142,142,562291201.91,382588064.29,68.04
893,143,143,143,356638235.68,282916902.84,79.33
894,144,144,144,203398823.09,161265338.73,79.29
895,145,145,145,191969298.29,189229618.33,98.57
896,146,146,146,90767457.55,77080880.21,84.92
897,147,147,147,90388841.39,27551811.2,30.48
898,148,148,148,847340241.4,434883461.28,51.32
899,149,149,149,389836021.68,153438753.38,39.36
900,150,150,150,70132226.72,27160845.25,38.73
901,151,151,151,897461414.82,504378638.34,56.2
902,152,152,152,231037769.61,231037769.61,100.0
903,153,153,153,275443186.01,132937187.61,48.26
904,154,154,154,202552861.15,187143451.86,92.39
905,155,155,155,967826049.28,820668463.63,84.8
906,156,156,156,121414685.31,103309073.07,85.09
907,157,157,157,724941609.74,522601815.06,72.09
908,158,158,158,932767855.61,741945853.08,79.54
909,159,159,159,671321282.37,651566704.5,97.06
910,160,160,160,860139343.36,754455337.41,87.71
911,161,161,161,250022630.89,183168429.15,73.26
912,162,162,162,677188698.81,382218956.58,56.44
913,163,163,163,703862626.57,287384224.75,40.83
914,164,164,164,463749187.55,426029179.02,91.87
915,165,165,165,871840164.41,430286080.79,49.35
916,166,166,166,697442239.17,464452599.53,66.59
917,167,167,167,895929013.23,618725888.07,69.06
918,168,168,168,755672309.74,423055472.29,55.98
919,169,169,169,525087517.1,316149167.04,60.21
920,170,170,170,503701333.84,427035415.45,84.78
921,171,171,171,459190350.43,293652275.9,63.95
922,172,172,172,31430394.22,31430394.22,100.0
923,173,173,173,539789986.02,539789986.02,100.0
924,174,174,174,428743501.38,306733097.18,71.54
925,175,175,175,165958260.14,82070475.24,49.45
926,176,176,176,127879001.4,47901496.53,37.46
927,177,177,177,454858359.53,153519399.54,33.75
928,178,178,178,49513923.01,45580494.38,92.06
929,179,179,179,986714090.21,893658430.99,90.57
930,180,180,180,384339721.99,384339721.99,100.0
931,181,181,181,388288101.02,336995913.58,86.79
932,182,182,182,60615037.53,30609158.95,50.5
933,183,183,183,432405610.61,414505120.14,95.86
934,184,184,184,25587982.94,7963995.86,31.12
935,185,185,185,39792697.0,35506963.95,89.23
936,186,186,186,345708240.83,257064571.99,74.36
937,187,187,187,822759258.27,791829462.57,96.24
938,188,188,188,464232869.13,287090858.16,61.84
939,189,189,189,24692173.41,8072538.02,32.69
940,190,190,190,171587831.37,171587831.37,100.0
941,191,191,191,742523494.73,608780609.32,81.99
942,192,192,192,740910799.77,740910799.77,100.0
943,193,193,193,756977677.34,615750376.55,81.34
944,194,194,194,358152682.42,236736287.62,66.1
945,195,195,195,358754177.57,168819676.45,47.06
946,196,196,196,804054910.37,301367338.77,37.48
947,197,197,197,404156506.63,343239778.31,84.93
948,198,198,198,729919095.01,531367610.09,72.8
949,199,199,199,585311778.79,505516479.41,86.37
950,200,200,200,370698262.78,303125590.54,81.77
951,201,201,201,89206454.81,26829100.3,30.08
952,202,202,202,124964122.71,109328337.79,87.49
953,203,203,203,890663136.08,776875989.11,87.22
954,204,204,204,457817104.92,409899372.64,89.53
955,205,205,205,994064493.55,351293429.06,35.34
956,206,206,206,370257979.01,293365470.17,79.23
957,207,207,207,257454761.62,206252121.43,80.11
958,208,208,208,357033926.61,316072760.11,88.53
959,209,209,209,349655235.99,131985438.71,37.75
960,210,210,210,640983164.31,410682894.47,64.07
961,211,211,211,22610188.05,14365037.69,63.53
962,212,212,212,765635950.89,449523667.99,58.71
963,213,213,213,422250478.95,303483353.31,71.87
964,214,214,214,437916801.73,164807819.93,37.63
965,215,215,215,486303864.98,243662105.19,50.1
966,216,216,216,454720324.31,454720324.31,100.0
967,217,217,217,502496190.07,161422302.08,32.12
968,218,218,218,352445267.25,166389049.85,47.21
969,219,219,219,458812675.52,263829302.63,57.5
970,220,220,220,410604822.32,219183844.48,53.38
971,221,221,221,523060290.8,523060290.8,100.0
972,222,222,222,627036394.01,475072724.04,75.76
973,223,223,223,248630201.15,164452713.79,66.14
974,224,224,224,513352777.32,303807359.27,59.18
975,225,225,225,598675700.02,415095972.77,69.34
976,226,226,226,26778831.44,10080272.73,37.64
977,227,227,227,525288801.27,354131262.97,67.42
978,228,228,228,246900313.57,235742876.17,95.48
979,229,229,229,410493162.47,279205023.34,68.02
980,230,230,230,828264860.73,353185316.68,42.64
981,231,231,231,332973240.79,175209645.18,52.62
982,232,232,232,488384754.51,154957057.2,31.73
983,233,233,233,34493742.12,30528042.08,88.5
984,234,234,234,315663369.38,195164747.31,61.83
985,235,235,235,643323882.16,278179670.75,43.24
986,236,236,236,322010156.81,322010156.81,100.0
987,237,237,237,213739531.12,203363413.49,95.15
988,238,238,238,297749123.09,123697430.58,41.54
989,239,239,239,954834523.74,570602327.82,59.76
990,240,240,240,95933804.03,59085525.08,61.59
991,241,241,241,468724185.94,468724185.94,100.0
992,242,242,242,67803034.62,65472030.14,96.56
993,243,243,243,543271658.88,373676734.5,68.78
994,244,244,244,154575379.61,82688002.53,53.49
995,245,245,245,637743957.19,517095671.96,81.08
996,246,246,246,271753487.87,172525584.34,63.49
997,247,247,247,694006235.03,235030055.49,33.87
998,248,248,248,353674599.07,141343724.05,39.96
999,249,249,249,14126803.72,13639049.58,96.55
1000,250,250,250,301945761.93,301945761.93,100.0
1001,1,1,1,91075494.66,84262647.22,92.52
1002,2,2,2,500089235.27,213072438.1,42.61
1003,3,3,3,296001167.97,281277333.1,95.03
1004,4,4,4,643591950.07,284680305.03,44.23
1005,5,5,5,504936587.96,219905475.06,43.55
1006,6,6,6,45684404.07,29921584.25,65.5
1007,7,7,7,325447561.56,128282686.52,39.42
1008,8,8,8,494168598.83,494168598.83,100.0
1009,9,9,9,576481804.16,382832149.02,66.41
1010,10,10,10,113822580.99,42354605.46,37.21
1011,11,11,11,653471577.52,386873506.09,59.2
1012,12,12,12,350260700.95,159498548.0,45.54
1013,13,13,13,191092081.01,107544066.91,56.28
1014,14,14,14,807273421.4,801691436.27,99.31
1015,15,15,15,77937153.0,25094980.28,32.2
1016,16,16,16,930472154.8,753991475.79,81.03
1017,17,17,17,709203498.53,391977647.02,55.27
1018,18,18,18,480835110.09,280297516.1,58.29
1019,19,19,19,21049276.04,20242144.94,96.17
1020,20,20,20,396224057.94,396224057.94,100.0
1021,21,21,21,649340429.39,584108783.71,89.95
1022,22,22,22,860323967.06,748966903.3,87.06
1023,23,23,23,621586354.17,516104131.14,83.03
1024,24,24,24,403730347.04,208523145.99,51.65
1025,25,25,25,452885792.88,452885792.88,100.0
1026,26,26,26,874562373.58,663024244.29,75.81
1027,27,27,27,357843736.41,238031050.74,66.52
1028,28,28,28,74506022.64,54697714.15,73.41
1029,29,29,29,448245831.28,403513801.04,90.02
1030,30,30,30,998474534.75,387727322.11,38.83
1031,31,31,31,385975134.05,194668093.05,50.44
1032,32,32,32,201124169.52,171651012.69,85.35
1033,33,33,33,54678835.23,18419473.83,33.69
1034,34,34,34,179259193.78,176402453.63,98.41
1035,35,35,35,330823760.33,260036792.94,78.6
1036,36,36,36,578535552.11,578535552.11,100.0
1037,37,37,37,668932531.6,419468301.03,62.71
1038,38,38,38,52390734.95,47000357.78,89.71
1039,39,39,39,936818302.16,644084541.46,68.75
1040,40,40,40,243281961.41,243281961.41,100.0
1041,41,41,41,157571387.59,157571387.59,100.0
1042,42,42,42,535521139.72,232016211.98,43.33
1043,43,43,43,680809960.81,352106456.02,51.72
1044,44,44,44,314180261.47,146949427.56,46.77
1045,45,45,45,672746806.56,429318381.44,63.82
1046,46,46,46,301350914.48,105728250.4,35.08
1047,47,47,47,903149804.96,319960966.13,35.43
1048,48,48,48,881887789.8,725216033.93,82.23
1049,49,49,49,80482432.97,47926839.06,59.55
1050,50,50,50,158898494.99,158898494.99,100.0
1051,51,51,51,701078099.29,525208448.88,74.91
1052,52,52,52,10118900.47,9800920.38,96.86
1053,53,53,53,823595478.88,280654057.78,34.08
1054,54,54,54,362677414.34,300757795.57,82.93
1055,55,55,55,747173695.81,245103612.69,32.8
1056,56,56,56,53794834.79,53794834.79,100.0
1057,57,57,57,217171785.1,126511214.63,58.25
1058,58,58,58,80097127.8,60652435.98,75.72
1059,59,59,59,188025557.15,181823940.53,96.7
1060,60,60,60,390577019.95,347137069.17,88.88
1061,61,61,61,496636292.89,444440146.08,89.49
1062,62,62,62,916930446.54,281647140.68,30.72
1063,63,63,63,630902279.79,485268065.92,76.92
1064,64,64,64,709415015.84,709415015.84,100.0
1065,65,65,65,91289569.91,64106738.81,70.22
1066,66,66,66,293919217.25,217833247.35,74.11
1067,67,67,67,991814593.82,335637650.06,33.84
1068,68,68,68,564818078.63,201894330.79,35.75
1069,69,69,69,789939259.07,553019386.88,70.01
1070,70,70,70,42157641.35,23080754.44,54.75
1071,71,71,71,93235451.99,33766160.43,36.22
1072,72,72,72,118140866.12,48081493.78,40.7
1073,73,73,73,25132985.9,9379668.14,37.32
1074,74,74,74,922759178.97,725643373.66,78.64
1075,75,75,75,261098933.31,174096656.97,66.68
1076,76,76,76,996603439.82,896338911.85,89.94
1077,77,77,77,740748552.04,555632206.26,75.01
1078,78,78,78,258104682.21,103421389.89,40.07
1079,79,79,79,991886589.33,991886589.33,100.0
1080,80,80,80,869848518.95,710484537.51,81.68
1081,81,81,81,173348025.37,118296065.12,68.24
1082,82,82,82,193468692.15,124507033.9,64.36
1083,83,83,83,683384280.05,634155690.47,92.8
1084,84,84,84,87497443.14,30829886.73,35.24
1085,85,85,85,588679613.77,565577797.1,96.08
1086,86,86,86,75936895.4,59747669.41,78.68
1087,87,87,87,229084630.21,88797592.35,38.76
1088,88,88,88,948955553.79,774559508.49,81.62
1089,89,89,89,503585920.98,503585920.98,100.0
1090,90,90,90,577975839.82,377399193.22,65.3
1091,91,91,91,276986445.08,251674458.35,90.86
1092,92,92,92,445661028.71,408940018.74,91.76
1093,93,93,93,141672382.01,114441521.43,80.78
1094,94,94,94,521450147.2,413316388.68,79.26
1095,95,95,95,63416234.87,36059066.63,56.86
1096,96,96,96,57766874.88,27485005.94,47.58
1097,97,97,97,682851262.21,401276474.45,58.76
1098,98,98,98,64431794.37,51095175.08,79.3
1099,99,99,99,526071007.16,449492542.72,85.44
1100,100,100,100,273366229.22,84250959.04,30.82
1101,101,101,101,195817003.58,107821592.91,55.06
1102,102,102,102,577585701.15,461387474.98,79.88
1103,103,103,103,303498664.38,221650026.91,73.03
1104,104,104,104,461818550.98,456016901.48,98.74
1105,105,105,105,147584100.33,147584100.33,100.0
1106,106,106,106,135220831.57,115336157.35,85.29
1107,107,107,107,115463645.51,100443449.68,86.99
1108,108,108,108,80844511.31,47023314.97,58.17
1109,109,109,109,558176581.51,191932777.26,34.39
1110,110,110,110,758445436.57,744337030.79,98.14
1111,111,111,111,794443203.48,309176253.27,38.92
1112,112,112,112,958266360.06,363356797.44,37.92
1113,113,113,113,176708436.59,176708436.59,100.0
1114,114,114,114,144262764.35,140786721.39,97.59
1115,115,115,115,475255231.52,289904278.48,61.0
1116,116,116,116,862397450.42,650304225.92,75.41
1117,117,117,117,769398581.19,494037507.43,64.21
1118,118,118,118,562596327.14,460328477.89,81.82
1119,119,119,119,165215432.95,96860418.94,58.63
1120,120,120,120,397349943.41,228088399.27,57.4
1121,121,121,121,722152318.89,489533374.78,67.79
1122,122,122,122,379678558.09,267558554.88,70.47
1123,123,123,123,48728156.77,21663046.04,44.46
1124,124,124,124,588045121.46,277859765.5,47.25
1125,125,125,125,722933233.9,350317633.76,48.46
1126,126,126,126,717623776.73,456337823.24,63.59
1127,127,127,127,173217180.15,173217180.15,100.0
1128,128,128,128,342631673.51,172823034.83,50.44
1129,129,129,129,415080569.37,396592539.22,95.55
1130,130,130,130,426276598.6,250381520.03,58.74
1131,131,131,131,123016904.61,77473052.32,62.98
1132,132,132,132,391676215.39,156521813.4,39.96
1133,133,133,133,511565864.68,257286617.89,50.29
1134,134,134,134,713455065.4,533218427.16,74.74
1135,135,135,135,573753211.96,408483139.92,71.19
1136,136,136,136,410881254.79,236382353.96,57.53
1137,137,137,137,928321389.13,693127658.54,74.66
1138,138,138,138,602102730.97,602102730.97,100.0
1139,139,139,139,975042974.87,957275325.81,98.18
1140,140,140,140,868702592.79,291229302.4,33.52
1141,141,141,141,676889840.61,564631492.63,83.42
1142,142,142,142,900320360.47,689355502.87,76.57
1143,143,143,143,991327281.34,857092127.7,86.46
1144,144,144,144,228668494.29,76889595.58,33.62
1145,145,145,145,694145954.7,344287828.4,49.6
1146,146,146,146,919591485.08,319488201.15,34.74
1147,147,147,147,27226158.42,23070105.99,84.74
1148,148,148,148,801494106.57,314666456.58,39.26
1149,149,149,149,98508920.39,98508920.39,100.0
1150,150,150,150,917388754.47,851357740.92,92.8
1151,151,151,151,615893239.67,494030942.9,80.21
1152,152,152,152,170448744.18,80974027.09,47.51
1153,153,153,153,49016065.9,17992688.5,36.71
1154,154,154,154,829543268.94,541725645.77,65.3
1155,155,155,155,148097021.54,144917941.66,97.85
1156,156,156,156,940145960.11,835787425.54,88.9
1157,157,157,157,99956604.13,70787347.08,70.82
1158,158,158,158,839598698.96,680444689.71,81.04
1159,159,159,159,429297217.8,427031288.37,99.47
1160,160,160,160,874007993.92,396233218.62,45.34
1161,161,161,161,770888499.36,347839514.59,45.12
1162,162,162,162,854353459.54,854353459.54,100.0
1163,163,163,163,475539671.49,355388681.43,74.73
1164,164,164,164,716630633.56,716630633.56,100.0
1165,165,165,165,325480916.76,273950669.7,84.17
1166,166,166,166,56701535.14,56701535.14,100.0
1167,167,167,167,240076109.75,91396797.26,38.07
1168,168,168,168,11348022.71,5019916.76,44.24
1169,169,169,169,369397874.43,267642367.15,72.45
1170,170,170,170,498890548.61,372457261.73,74.66
1171,171,171,171,29213016.75,22869113.84,78.28
1172,172,172,172,17652517.07,17652517.07,100.0
1173,173,173,173,689598932.75,520999978.51,75.55
1174,174,174,174,109431483.45,109431483.45,100.0
1175,175,175,175,83107051.16,83107051.16,100.0
1176,176,176,176,500642193.55,500642193.55,100.0
1177,177,177,177,720977716.49,257371334.37,35.7
1178,178,178,178,977393586.25,432953745.96,44.3
1179,179,179,179,302443327.16,105408093.3,34.85
1180,180,180,180,126342794.24,103838813.75,82.19
1181,181,181,181,77851218.2,53963400.25,69.32
1182,182,182,182,215435589.62,104219145.11,48.38
1183,183,183,183,109054110.48,34570850.96,31.7
1184,184,184,184,13350517.79,9365117.65,70.15
1185,185,185,185,292222955.24,232431329.01,79.54
1186,186,186,186,172564814.83,166915494.86,96.73
1187,187,187,187,28067403.07,28067403.07,100.0
1188,188,188,188,361085663.61,302965891.85,83.9
1189,189,189,189,827656629.12,525335455.73,63.47
1190,190,190,190,310624900.13,134963938.45,43.45
1191,191,191,191,712998739.13,620336329.55,87.0
1192,192,192,192,731447598.18,386640230.97,52.86
1193,193,193,193,35300899.06,17239814.02,48.84
1194,194,194,194,962167251.9,574976881.65,59.76
1195,195,195,195,147619299.06,141466969.44,95.83
1196,196,196,196,720290339.41,548265838.15,76.12
1197,197,197,197,385648703.6,316514883.99,82.07
1198,198,198,198,869540317.32,477303496.89,54.89
1199,199,199,199,995011418.14,355310693.29,35.71
1200,200,200,200,201389737.68,123012684.41,61.08
1201,201,201,201,821261061.87,659936343.15,80.36
1202,202,202,202,510447918.1,421407930.29,82.56
1203,203,203,203,965776753.64,810211877.77,83.89
1204,204,204,204,661508107.46,373346998.39,56.44
1205,205,205,205,597305522.63,592171626.77,99.14
1206,206,206,206,237228213.13,225325164.23,94.98
1207,207,207,207,721513063.67,404958526.33,56.13
1208,208,208,208,295319274.19,118877425.6,40.25
1209,209,209,209,847301026.61,533777507.26,63.0
1210,210,210,210,977491022.51,855405775.36,87.51
1211,211,211,211,17715051.66,12952648.7,73.12
1212,212,212,212,955086751.07,683960592.61,71.61
1213,213,213,213,364875690.23,330210062.68,90.5
1214,214,214,214,493432522.72,220218782.51,44.63
1215,215,215,215,924844658.56,693558193.28,74.99
1216,216,216,216,778198111.82,772971229.07,99.33
1217,217,217,217,250790263.23,179396047.66,71.53
1218,218,218,218,105884161.17,52115162.89,49.22
1219,219,219,219,842813965.47,785380949.51,93.19
1220,220,220,220,749589531.15,656840310.49,87.63
1221,221,221,221,859756028.94,698715143.3,81.27
1222,222,222,222,390200915.11,163547500.4,41.91
1223,223,223,223,497192573.53,470444934.39,94.62
1224,224,224,224,470368441.69,166984326.67,35.5
1225,225,225,225,321574453.85,287122286.35,89.29
1226,226,226,226,342315654.23,254811990.89,74.44
1227,227,227,227,721462766.59,573539086.37,79.5
1228,228,228,228,755540415.46,729880036.14,96.6
1229,229,229,229,865215446.64,676474984.77,78.19
1230,230,230,230,846453017.69,742247252.05,87.69
1231,231,231,231,756398333.42,733020999.94,96.91
1232,232,232,232,339450039.69,157993240.67,46.54
1233,233,233,233,712945874.44,712945874.44,100.0
1234,234,234,234,972898247.19,706041375.28,72.57
1235,235,235,235,917077515.72,617710885.83,67.36
1236,236,236,236,971772849.13,790652686.69,81.36
1237,237,237,237,45845444.74,45845444.74,100.0
1238,238,238,238,615483145.54,241598007.35,39.25
1239,239,239,239,223189471.96,192548153.26,86.27
1240,240,240,240,254094137.06,198774737.46,78.23
1241,241,241,241,845620299.05,621368768.62,73.48
1242,242,242,242,752689762.99,581682780.31,77.28
1243,243,243,243,335514394.75,134574710.72,40.11
1244,244,244,244,524716210.01,313081073.44,59.67
1245,245,245,245,196446578.29,66424164.53,33.81
1246,246,246,246,13788931.76,7187406.72,52.12
1247,247,247,247,900958525.91,564621743.58,62.67
1248,248,248,248,712545896.2,480285366.68,67.4
1249,249,249,249,533530262.53,274618941.63,51.47
1250,250,250,250,63557873.93,63557873.93,100.0
1251,1,1,1,426631775.65,137122043.76,32.14
1252,2,2,2,386241482.01,243187527.55,62.96
1253,3,3,3,179831526.54,58053031.07,32.28
1254,4,4,4,164626396.01,123697096.1,75.14
1255,5,5,5,181446019.25,64415236.97,35.5
1256,6,6,6,600867239.82,600867239.82,100.0
1257,7,7,7,133456912.32,133456912.32,100.0
1258,8,8,8,246163764.1,246163764.1,100.0
1259,9,9,9,946809459.19,324441220.42,34.27
1260,10,10,10,227267166.61,119890288.5,52.75
1261,11,11,11,766218030.53,689250004.77,89.95
1262,12,12,12,602059609.45,446362364.54,74.14
1263,13,13,13,419025241.35,341942131.16,81.6
1264,14,14,14,599333034.56,599333034.56,100.0
1265,15,15,15,142283829.62,94119331.23,66.15
1266,16,16,16,489346009.05,206739101.33,42.25
1267,17,17,17,972412168.87,658332198.4,67.7
1268,18,18,18,433443606.96,405972683.54,93.66
1269,19,19,19,250452431.98,79908289.31,31.91
1270,20,20,20,928231811.82,928231811.82,100.0
1271,21,21,21,614666576.77,463619186.19,75.43
1272,22,22,22,730578672.0,585457289.41,80.14
1273,23,23,23,547970578.32,349911758.03,63.86
1274,24,24,24,21089989.93,8788548.22,41.67
1275,25,25,25,758143109.31,724280097.65,95.53
1276,26,26,26,978910204.16,823219873.8,84.1
1277,27,27,27,719025731.42,254060749.61,35.33
1278,28,28,28,810669796.83,448324448.1,55.3
1279,29,29,29,853070802.87,256436265.24,30.06
1280,30,30,30,999209249.96,980482547.66,98.13
1281,31,31,31,295727363.98,246531550.65,83.36
1282,32,32,32,454890350.4,409311495.26,89.98
1283,33,33,33,547397829.1,353976232.33,64.67
1284,34,34,34,160931137.36,140713108.84,87.44
1285,35,35,35,486166240.58,486166240.58,100.0
1286,36,36,36,284211077.92,284211077.92,100.0
1287,37,37,37,838563027.03,687930426.2,82.04
1288,38,38,38,353592961.75,197602799.93,55.88
1289,39,39,39,90867815.49,34510507.96,37.98
1290,40,40,40,19984564.73,19984564.73,100.0
1291,41,41,41,861938052.67,333552513.96,38.7
1292,42,42,42,860257256.66,351804188.45,40.9
1293,43,43,43,934747818.52,532600058.01,56.98
1294,44,44,44,81820077.64,81820077.64,100.0
1295,45,45,45,400811062.73,212417363.03,53.0
1296,46,46,46,433912004.1,218554953.12,50.37
1297,47,47,47,862274946.23,352043860.05,40.83
1298,48,48,48,268806188.59,105427404.67,39.22
1299,49,49,49,309182354.02,142417676.48,46.06
1300,50,50,50,735399996.5,232977764.0,31.68
1301,51,51,51,188251965.73,103706970.76,55.09
1302,52,52,52,639021087.82,418476619.47,65.49
1303,53,53,53,744787142.65,270694363.61,36.35
1304,54,54,54,188648931.06,188648931.06,100.0
1305,55,55,55,229725320.04,193378090.68,84.18
1306,56,56,56,702811155.47,644907953.06,91.76
1307,57,57,57,796559274.38,344592623.21,43.26
1308,58,58,58,953821278.65,507055638.69,53.16
1309,59,59,59,315563398.39,241429558.97,76.51
1310,60,60,60,553147248.27,386616311.86,69.89
1311,61,61,61,155344628.0,141355973.89,91.0
1312,62,62,62,442526207.73,442526207.73,100.0
1313,63,63,63,268509477.73,139028571.29,51.78
1314,64,64,64,355312178.58,178386796.97,50.21
1315,65,65,65,805331942.77,519475077.81,64.5
1316,66,66,66,805197426.96,715966216.48,88.92
1317,67,67,67,707460622.47,402378996.71,56.88
1318,68,68,68,132402915.39,132402915.39,100.0
1319,69,69,69,291184827.96,111311486.44,38.23
1320,70,70,70,939902864.41,475656100.41,50.61
1321,71,71,71,458000889.52,225129441.78,49.15
1322,72,72,72,625626303.94,518946987.79,82.95
1323,73,73,73,28125964.47,19718425.81,70.11
1324,74,74,74,522839847.63,522839847.63,100.0
1325,75,75,75,692251441.47,415555056.76,60.03
1326,76,76,76,68292965.0,36935154.93,54.08
1327,77,77,77,124131687.71,52826337.38,42.56
1328,78,78,78,374685604.08,215382627.32,57.48
1329,79,79,79,945014175.65,739017615.02,78.2
1330,80,80,80,256310023.71,114153156.11,44.54
1331,81,81,81,31386645.91,22632865.64,72.11
1332,82,82,82,811185687.71,724646820.67,89.33
1333,83,83,83,850755893.41,446004388.25,52.42
1334,84,84,84,541328545.94,217864136.41,40.25
1335,85,85,85,894116746.71,889857490.09,99.52
1336,86,86,86,187243733.91,187243733.91,100.0
1337,87,87,87,281921936.98,281921936.98,100.0
1338,88,88,88,30245237.56,15063859.82,49.81
1339,89,89,89,587597958.94,587597958.94,100.0
1340,90,90,90,888514860.97,837758775.06,94.29
1341,91,91,91,610337246.33,445383080.54,72.97
1342,92,92,92,89482962.15,75608095.98,84.49
1343,93,93,93,696291308.45,639037990.3,91.78
1344,94,94,94,679181206.71,203949935.26,30.03
1345,95,95,95,175076768.08,135965247.96,77.66
1346,96,96,96,830694447.97,802036308.41,96.55
1347,97,97,97,913266458.56,324591499.86,35.54
1348,98,98,98,397782094.89,340272835.95,85.54
1349,99,99,99,315676475.53,303482992.7,96.14
1350,100,100,100,578927014.33,360368073.43,62.25
1351,101,101,101,972792020.0,861062860.45,88.51
1352,102,102,102,727713487.89,613342910.65,84.28
1353,103,103,103,792161926.93,287505925.25,36.29
1354,104,104,104,770897637.24,672008876.73,87.17
1355,105,105,105,957424017.7,554145626.5,57.88
1356,106,106,106,818030277.65,708683306.43,86.63
1357,107,107,107,275631095.81,221337497.74,80.3
1358,108,108,108,238988041.48,87637222.91,36.67
1359,109,109,109,249669738.34,102509802.25,41.06
1360,110,110,110,220805558.41,169369126.16,76.71
1361,111,111,111,216180774.06,80929584.92,37.44
1362,112,112,112,935157353.92,571807054.05,61.15
1363,113,113,113,952145819.08,933260641.86,98.02
1364,114,114,114,98955860.35,98955860.35,100.0
1365,115,115,115,73433606.12,25993405.06,35.4
1366,116,116,116,858460017.3,858460017.3,100.0
1367,117,117,117,568104444.2,397941775.08,70.05
1368,118,118,118,219450655.44,165694359.5,75.5
1369,119,119,119,467198519.01,340859200.85,72.96
1370,120,120,120,83008836.02,76902983.07,92.64
1371,121,121,121,982394516.63,485055702.25,49.37
1372,122,122,122,148551917.67,146942245.99,98.92
1373,123,123,123,808487801.69,808487801.69,100.0
1374,124,124,124,958598020.32,360322567.27,37.59
1375,125,125,125,713901001.57,590213313.37,82.67
1376,126,126,126,97665464.58,74123521.88,75.9
1377,127,127,127,594085130.57,324027844.03,54.54
1378,128,128,128,137924334.92,137184081.97,99.46
1379,129,129,129,868280532.45,868280532.45,100.0
1380,130,130,130,676098092.64,657568001.68,97.26
1381,131,131,131,942635587.54,858693615.7,91.09
1382,132,132,132,154426998.35,87688874.44,56.78
1383,133,133,133,459147514.37,252432592.34,54.98
1384,134,134,134,548127492.74,246092124.7,44.9
1385,135,135,135,117254649.79,117254649.79,100.0
1386,136,136,136,680136635.02,627694754.72,92.29
1387,137,137,137,570771258.77,570771258.77,100.0
1388,138,138,138,354561638.3,111461484.47,31.44
1389,139,139,139,418788208.78,364629194.25,87.07
1390,140,140,140,798266628.43,772883692.94,96.82
1391,141,141,141,362849090.58,241119435.92,66.45
1392,142,142,142,972906813.66,424202146.47,43.6
1393,143,143,143,919002787.22,919002787.22,100.0
1394,144,144,144,87305255.62,64468633.42,73.84
1395,145,145,145,853892658.13,349941607.03,40.98
1396,146,146,146,677041145.13,467139675.6,69.0
1397,147,147,147,64766302.02,19961739.99,30.82
1398,148,148,148,955812475.45,811914954.42,84.95
1399,149,149,149,835152110.6,630807214.63,75.53
1400,150,150,150,834357123.62,656957927.97,78.74
1401,151,151,151,916488542.19,357428527.31,39.0
1402,152,152,152,921873458.01,921054545.79,99.91
1403,153,153,153,226888736.15,184854064.18,81.47
1404,154,154,154,937988983.46,349848735.28,37.3
1405,155,155,155,57450828.09,32976161.65,57.4
1406,156,156,156,882617982.38,714448059.93,80.95
1407,157,157,157,462145397.19,462145397.19,100.0
1408,158,158,158,832856070.88,421849488.16,50.65
1409,159,159,159,280310885.56,127173305.56,45.37
1410,160,160,160,757314421.62,712714173.61,94.11
1411,161,161,161,806652906.79,499461399.79,61.92
1412,162,162,162,90127997.87,33755605.5,37.45
1413,163,163,163,915270316.15,915270316.15,100.0
1414,164,164,164,819078091.5,772140718.3,94.27
1415,165,165,165,599507409.52,209732615.99,34.98
1416,166,166,166,710850105.95,403547399.36,56.77
1417,167,167,167,352362080.42,352362080.42,100.0
1418,168,168,168,475854759.04,237844670.4,49.98
1419,169,169,169,155889205.63,98494550.25,63.18
1420,170,170,170,504908213.03,262596974.21,52.01
1421,171,171,171,784993132.68,328857440.14,41.89
1422,172,172,172,562812454.27,173381952.45,30.81
1423,173,173,173,142149552.03,53461668.82,37.61
1424,174,174,174,831256471.98,484619285.04,58.3
1425,175,175,175,740606899.85,740606899.85,100.0
1426,176,176,176,46981425.61,24134509.44,51.37
1427,177,177,177,806832864.3,459796292.97,56.99
1428,178,178,178,866592040.46,802227945.14,92.57
1429,179,179,179,517255767.81,517255767.81,100.0
1430,180,180,180,384807874.2,164488084.17,42.75
1431,181,181,181,92644300.9,28286590.84,30.53
1432,182,182,182,829993218.52,628263476.95,75.7
1433,183,183,183,13622275.42,6364485.29,46.72
1434,184,184,184,350051828.97,350051828.97,100.0
1435,185,185,185,334457854.53,334457854.53,100.0
1436,186,186,186,912892205.15,284369408.14,31.15
1437,187,187,187,454798157.2,283177851.89,62.26
1438,188,188,188,889770963.02,865076671.13,97.22
1439,189,189,189,98402282.37,40367811.12,41.02
1440,190,190,190,847618029.3,771038588.97,90.97
1441,191,191,191,616254571.05,454705752.92,73.79
1442,192,192,192,542539891.16,261217347.27,48.15
1443,193,193,193,312896271.41,242972327.49,77.65
1444,194,194,194,495465584.36,269959435.63,54.49
1445,195,195,195,280719936.56,105245507.57,37.49
1446,196,196,196,461259777.26,311284044.28,67.49
1447,197,197,197,771128772.37,363086725.84,47.09
1448,198,198,198,629235575.95,407625457.31,64.78
1449,199,199,199,683729102.03,464361278.66,67.92
1450,200,200,200,893294592.86,362385407.46,40.57
1451,201,201,201,62409954.24,61081305.99,97.87
1452,202,202,202,206953607.23,71685515.14,34.64
1453,203,203,203,726952001.08,332699358.29,45.77
1454,204,204,204,414153353.27,414153353.27,100.0
1455,205,205,205,653711113.77,202566816.49,30.99
1456,206,206,206,898787460.96,382770787.21,42.59
1457,207,207,207,738643392.35,495053154.45,67.02
1458,208,208,208,933786101.18,748504098.91,80.16
1459,209,209,209,160422188.76,89568032.62,55.83
1460,210,210,210,759063004.04,587258992.08,77.37
1461,211,211,211,705600740.83,302025236.6,42.8
1462,212,212,212,17477210.86,14180558.87,81.14
1463,213,213,213,52545645.47,30048909.43,57.19
1464,214,214,214,43431890.22,34888537.12,80.33
1465,215,215,215,532341224.01,419761317.19,78.85
1466,216,216,216,778744701.12,706016620.68,90.66
1467,217,217,217,411304023.7,278928792.98,67.82
1468,218,218,218,13197589.61,8291430.63,62.83
1469,219,219,219,183145742.45,64342529.59,35.13
1470,220,220,220,949019859.61,336924227.72,35.5
1471,221,221,221,252215821.53,115284733.51,45.71
1472,222,222,222,854851751.07,507395843.51,59.35
1473,223,223,223,376683726.44,123204161.24,32.71
1474,224,224,224,526083860.18,526083860.18,100.0
1475,225,225,225,494835194.18,494835194.18,100.0
1476,226,226,226,143135946.42,143135946.42,100.0
1477,227,227,227,372501400.37,316657502.49,85.01
1478,228,228,228,999647808.3,759266254.7,75.95
1479,229,229,229,568485242.56,418613430.77,73.64
1480,230,230,230,470582912.96,339286150.97,72.1
1481,231,231,231,553652056.06,361940095.25,65.37
1482,232,232,232,270378982.79,173687951.42,64.24
1483,233,233,233,570702552.72,568400658.22,99.6
1484,234,234,234,731036667.28,478865146.11,65.5
1485,235,235,235,114627095.15,78208525.94,68.23
1486,236,236,236,285665165.63,285665165.63,100.0
1487,237,237,237,216833061.85,216190517.88,99.7
1488,238,238,238,747430439.34,703113766.73,94.07
1489,239,239,239,936309911.95,671962753.16,71.77
1490,240,240,240,430440324.86,314742682.55,73.12
1491,241,241,241,636913475.22,237729176.03,37.33
1492,242,242,242,40900038.69,30939470.8,75.65
1493,243,243,243,140172733.94,103338976.62,73.72
1494,244,244,244,390606058.05,231441671.15,59.25
1495,245,245,245,667748143.89,643268048.77,96.33
1496,246,246,246,643925220.18,438515768.66,68.1
1497,247,247,247,200234927.58,113045972.66,56.46
1498,248,248,248,141567209.69,138308608.36,97.7
1499,249,249,249,938690930.35,688858025.07,73.38
1500,250,250,250,361806122.74,259647719.2,71.76
1501,1,1,1,465827697.9,334922523.35,71.9
1502,2,2,2,104406121.71,46343013.45,44.39
1503,3,3,3,911132379.06,911132379.06,100.0
1504,4,4,4,671338279.78,510708085.38,76.07
1505,5,5,5,514871251.87,336758870.42,65.41
1506,6,6,6,436953081.92,366115391.24,83.79
1507,7,7,7,60950856.61,37744752.64,61.93
1508,8,8,8,222151266.01,159064138.83,71.6
1509,9,9,9,857518405.44,758894166.88,88.5
1510,10,10,10,625982368.66,625982368.66,100.0
1511,11,11,11,201936369.08,97785486.75,48.42
1512,12,12,12,197311185.39,191935719.7,97.28
1513,13,13,13,356624257.42,257749872.41,72.27
1514,14,14,14,619143572.95,571864809.28,92.36
1515,15,15,15,546991107.09,334837911.72,61.21
1516,16,16,16,531764526.46,266428788.59,50.1
1517,17,17,17,870241491.81,807664166.83,92.81
1518,18,18,18,862638942.06,768923797.69,89.14
1519,19,19,19,846746517.78,547252292.36,64.63
1520,20,20,20,705427166.92,231271033.88,32.78
1521,21,21,21,398525711.38,221980687.49,55.7
1522,22,22,22,276650827.41,184389643.32,66.65
1523,23,23,23,956135713.11,372730334.64,38.98
1524,24,24,24,54832113.23,37900852.84,69.12
1525,25,25,25,622199242.56,354700890.8,57.01
1526,26,26,26,847662881.21,347560787.66,41.0
1527,27,27,27,279193780.86,143113917.43,51.26
1528,28,28,28,978958611.01,529728088.3,54.11
1529,29,29,29,887064732.22,472413207.76,53.26
1530,30,30,30,207334807.61,163898444.64,79.05
1531,31,31,31,277606223.76,139381788.33,50.21
1532,32,32,32,898329881.01,438206601.39,48.78
1533,33,33,33,118159275.45,106479864.67,90.12
1534,34,34,34,196592399.91,177058123.19,90.06
1535,35,35,35,612463915.06,205964658.56,33.63
1536,36,36,36,155544201.58,73280486.66,47.11
1537,37,37,37,576819719.19,386763643.71,67.05
1538,38,38,38,579789761.08,497241902.15,85.76
1539,39,39,39,600390856.64,219320690.93,36.53
1540,40,40,40,258194377.26,170077601.9,65.87
1541,41,41,41,822870058.09,694611073.45,84.41
1542,42,42,42,970739185.96,621865023.9,64.06
1543,43,43,43,285107162.25,285107162.25,100.0
1544,44,44,44,866838385.98,470118907.13,54.23
1545,45,45,45,300121519.4,287383299.54,95.76
1546,46,46,46,355437842.79,120568578.42,33.92
1547,47,47,47,787589011.79,599835720.38,76.16
1548,48,48,48,145956797.23,58149806.86,39.84
1549,49,49,49,71189497.2,60351135.13,84.78
1550,50,50,50,392766274.22,392766274.22,100.0
1551,51,51,51,138386388.36,125228770.01,90.49
1552,52,52,52,88757227.88,55357276.87,62.37
1553,53,53,53,592840740.01,352041106.39,59.38
1554,54,54,54,192134997.98,186689936.5,97.17
1555,55,55,55,307892276.59,231717258.0,75.26
1556,56,56,56,731797680.91,592890045.74,81.02
1557,57,57,57,102065764.73,35499049.5,34.78
1558,58,58,58,994028552.14,365642049.73,36.78
1559,59,59,59,315669101.36,110226019.62,34.92
1560,60,60,60,550172959.33,235540682.6,42.81
1561,61,61,61,793930986.59,379397817.89,47.79
1562,62,62,62,244636432.38,177022098.21,72.36
1563,63,63,63,347752119.18,333769048.72,95.98
1564,64,64,64,214206079.46,193505206.26,90.34
1565,65,65,65,384792528.64,211848092.63,55.06
1566,66,66,66,737587305.77,737587305.77,100.0
1567,67,67,67,717282624.87,717282624.87,100.0
1568,68,68,68,190198986.91,142811591.91,75.09
1569,69,69,69,482154722.45,482154722.45,100.0
1570,70,70,70,691324699.0,576204951.2,83.35
1571,71,71,71,740768395.58,543191566.2,73.33
1572,72,72,72,639676602.12,269139427.35,42.07
1573,73,73,73,202874485.07,182829936.65,90.12
1574,74,74,74,869398264.86,273313147.87,31.44
1575,75,75,75,295563296.4,291854360.47,98.75
1576,76,76,76,376222584.97,181849830.2,48.34
1577,77,77,77,562912823.91,410966089.68,73.01
1578,78,78,78,860784719.86,452764889.79,52.6
1579,79,79,79,653153808.95,653153808.95,100.0
1580,80,80,80,704670827.43,585507806.66,83.09
1581,81,81,81,224204596.89,149507446.37,66.68
1582,82,82,82,359036205.91,265885138.84,74.06
1583,83,83,83,145524483.86,125287974.64,86.09
1584,84,84,84,739534382.14,739534382.14,100.0
1585,85,85,85,949270228.5,949270228.5,100.0
1586,86,86,86,737519578.87,323403197.21,43.85
1587,87,87,87,133431928.88,52230045.79,39.14
1588,88,88,88,696431698.84,583160715.4,83.74
1589,89,89,89,438892939.21,314371449.33,71.63
1590,90,90,90,101193040.18,94287861.59,93.18
1591,91,91,91,999479431.56,999479431.56,100.0
1592,92,92,92,726884037.83,239604872.41,32.96
1593,93,93,93,626213589.56,265042052.82,42.32
1594,94,94,94,874366894.64,809161269.47,92.54
1595,95,95,95,332087683.54,112874139.26,33.99
1596,96,96,96,670176639.41,670176639.41,100.0
1597,97,97,97,473597628.14,473597628.14,100.0
1598,98,98,98,132710270.05,132710270.05,100.0
1599,99,99,99,545659016.58,439252766.09,80.5
1600,100,100,100,635590392.84,263799661.24,41.5
1601,101,101,101,478517404.83,231809177.7,48.44
1602,102,102,102,134018841.47,106114425.86,79.18
1603,103,103,103,84530343.03,84530343.03,100.0
1604,104,104,104,668190080.11,668190080.11,100.0
1605,105,105,105,839529082.35,839529082.35,100.0
1606,106,106,106,924853104.97,290427528.43,31.4
1607,107,107,107,394303995.06,263607783.39,66.85
1608,108,108,108,938932676.37,938932676.37,100.0
1609,109,109,109,821605437.38,301812157.52,36.73
1610,110,110,110,429801251.68,389972266.64,90.73
1611,111,111,111,412256832.54,412256832.54,100.0
1612,112,112,112,340144014.64,128673824.61,37.83
1613,113,113,113,78425439.98,34706193.26,44.25
1614,114,114,114,19628874.54,11895793.55,60.6
1615,115,115,115,253043676.85,99557986.83,39.34
1616,116,116,116,262071175.56,83859104.57,32.0
1617,117,117,117,732364435.45,732364435.45,100.0
1618,118,118,118,165796970.55,52912423.48,31.91
1619,119,119,119,695497417.63,659334677.05,94.8
1620,120,120,120,733031946.96,325908107.14,44.46
1621,121,121,121,465119989.3,189250808.29,40.69
1622,122,122,122,126476969.34,126476969.34,100.0
1623,123,123,123,722314515.84,532414746.45,73.71
1624,124,124,124,914510778.77,770840118.19,84.29
1625,125,125,125,372517659.64,285774157.87,76.71
1626,126,126,126,761152379.53,449578810.52,59.07
1627,127,127,127,744499530.79,248660535.99,33.4
1628,128,128,128,63501745.84,56870493.98,89.56
1629,129,129,129,65150588.94,61719136.95,94.73
1630,130,130,130,679851563.48,523909479.46,77.06
1631,131,131,131,832598589.75,630729892.43,75.75
1632,132,132,132,921356284.28,726695335.59,78.87
1633,133,133,133,150246492.02,105955232.7,70.52
1634,134,134,134,587556306.11,587556306.11,100.0
1635,135,135,135,289232556.45,289232556.45,100.0
1636,136,136,136,230473858.41,230473858.41,100.0
1637,137,137,137,741004667.0,660325814.75,89.11
1638,138,138,138,419059959.54,419059959.54,100.0
1639,139,139,139,443315187.58,267594815.55,60.36
1640,140,140,140,845957248.4,828706991.45,97.96
1641,141,141,141,246297897.36,246297897.36,100.0
1642,142,142,142,533058953.96,355511926.22,66.69
1643,143,143,143,829433276.83,730450253.06,88.07
1644,144,144,144,140569915.23,44751838.43,31.84
1645,145,145,145,600221141.76,335398720.47,55.88
1646,146,146,146,838818186.59,803580975.23,95.8
1647,147,147,147,766820887.09,379982245.01,49.55
1648,148,148,148,885637289.27,785393061.42,88.68
1649,149,149,149,42238557.01,40569889.41,96.05
1650,150,150,150,694541583.86,335967905.3,48.37
1651,151,151,151,211897142.63,156855589.43,74.02
1652,152,152,152,561448540.8,437018761.16,77.84
1653,153,153,153,777031109.77,777031109.77,100.0
1654,154,154,154,425989550.44,156510797.28,36.74
1655,155,155,155,707161673.6,356517008.72,50.42
1656,156,156,156,842006591.05,614262817.46,72.95
1657,157,157,157,946261502.97,790041489.94,83.49
1658,158,158,158,549642174.13,192525375.47,35.03
1659,159,159,159,322938931.2,135371420.45,41.92
1660,160,160,160,396125891.81,396125891.81,100.0
1661,161,161,161,866940964.78,343158033.49,39.58
1662,162,162,162,247913464.37,106639915.99,43.01
1663,163,163,163,884431756.53,440943982.83,49.86
1664,164,164,164,67257881.09,67257881.09,100.0
1665,165,165,165,971612243.36,624234376.05,64.25
1666,166,166,166,127916150.93,68087753.39,53.23
1667,167,167,167,884555165.93,269867211.38,30.51
1668,168,168,168,545363961.28,475695831.87,87.23
1669,169,169,169,565714470.21,206405030.56,36.49
1670,170,170,170,980849394.51,631677067.22,64.4
1671,171,171,171,951848488.92,854246767.4,89.75
1672,172,172,172,800622065.05,280700339.98,35.06
1673,173,173,173,655067613.23,290085122.8,44.28
1674,174,174,174,680924372.85,568385627.55,83.47
1675,175,175,175,142133842.77,50564643.92,35.58
1676,176,176,176,472731274.18,258296751.61,54.64
1677,177,177,177,434874142.55,291378809.31,67.0
1678,178,178,178,110890033.72,61730909.78,55.67
1679,179,179,179,21215153.15,21215153.15,100.0
1680,180,180,180,26105624.56,17497374.92,67.03
1681,181,181,181,740091911.04,573292211.29,77.46
1682,182,182,182,452981452.09,452981452.09,100.0
1683,183,183,183,495668871.41,495668871.41,100.0
1684,184,184,184,261021043.56,129063674.34,49.45
1685,185,185,185,545429949.59,295034346.25,54.09
1686,186,186,186,135934988.12,98408920.81,72.39
1687,187,187,187,171914228.25,109656852.09,63.79
1688,188,188,188,819467592.8,543037729.53,66.27
1689,189,189,189,37155059.55,24417054.0,65.72
1690,190,190,190,916853377.21,656816826.09,71.64
1691,191,191,191,344806044.9,344806044.9,100.0
1692,192,192,192,932836805.76,492612853.0,52.81
1693,193,193,193,73061809.67,27164906.81,37.18
1694,194,194,194,319573087.01,304459537.46,95.27
1695,195,195,195,597237254.05,438083478.83,73.35
1696,196,196,196,938426793.15,758563292.29,80.83
1697,197,197,197,99103498.33,99103498.33,100.0
1698,198,198,198,811101114.76,523802201.4,64.58
1699,199,199,199,616893682.09,324812030.25,52.65
1700,200,200,200,643607973.91,316560907.25,49.19
1701,201,201,201,992386010.29,412339482.83,41.55
1702,202,202,202,327871985.92,305426022.15,93.15
1703,203,203,203,366586091.51,129725640.44,35.39
1704,204,204,204,540495336.49,340646542.44,63.02
1705,205,205,205,628833009.69,628833009.69,100.0
1706,206,206,206,318628658.56,112998723.21,35.46
1707,207,207,207,709260300.48,521827712.86,73.57
1708,208,208,208,91303353.13,29793079.11,32.63
1709,209,209,209,202856737.2,146628494.45,72.28
1710,210,210,210,23119342.37,21818730.24,94.37
1711,211,211,211,752123911.08,703328992.02,93.51
1712,212,212,212,948419123.64,429708478.58,45.31
1713,213,213,213,771023891.84,443169613.51,57.48
1714,214,214,214,181142403.11,69869201.54,38.57
1715,215,215,215,291019284.36,291019284.36,100.0
1716,216,216,216,674466495.44,294585702.11,43.68
1717,217,217,217,316352158.03,211498299.42,66.86
1718,218,218,218,412750271.93,322176304.4,78.06
1719,219,219,219,263245925.52,120035956.35,45.6
1720,220,220,220,538884484.52,531344272.36,98.6
1721,221,221,221,870781528.15,457415774.9,52.53
1722,222,222,222,247295902.08,95255561.98,38.52
1723,223,223,223,534241860.83,226146083.07,42.33
1724,224,224,224,668353612.62,256319787.25,38.35
1725,225,225,225,16510067.06,10702506.44,64.82
1726,226,226,226,260443034.19,157620797.72,60.52
1727,227,227,227,571594748.25,330167896.08,57.76
1728,228,228,228,826947509.69,826947509.69,100.0
1729,229,229,229,235681862.3,143475843.16,60.88
1730,230,230,230,899859258.96,570941455.87,63.45
1731,231,231,231,826319800.47,423867174.6,51.3
1732,232,232,232,400134048.2,153741780.3,38.42
1733,233,233,233,815340187.21,815340187.21,100.0
1734,234,234,234,850756088.54,760652129.7,89.41
1735,235,235,235,288843619.98,279175715.68,96.65
1736,236,236,236,123999817.29,84159295.55,67.87
1737,237,237,237,109909663.85,72430389.84,65.9
1738,238,238,238,881942631.81,306284426.34,34.73
1739,239,239,239,499458193.09,267389373.47,53.54
1740,240,240,240,674738109.01,480654054.46,71.24
1741,241,241,241,396157345.28,203500634.64,51.37
1742,242,242,242,782449644.21,753225190.45,96.27
1743,243,243,243,825971055.7,338660601.34,41.0
1744,244,244,244,893610352.77,850863633.24,95.22
1745,245,245,245,645352114.68,476347721.59,73.81
1746,246,246,246,893199199.49,893199199.49,100.0
1747,247,247,247,868184571.82,765654471.64,88.19
1748,248,248,248,278927291.2,274563975.5,98.44
1749,249,249,249,592662405.64,246918109.34,41.66
1750,250,250,250,269537138.35,162350673.67,60.23
1751,1,1,1,641440965.76,426806306.55,66.54
1752,2,2,2,898176043.01,612159223.95,68.16
1753,3,3,3,488308206.07,202567456.93,41.48
1754,4,4,4,826314568.26,679065307.97,82.18
1755,5,5,5,26933483.01,26933483.01,100.0
1756,6,6,6,868471992.88,347108738.51,39.97
1757,7,7,7,944761132.2,686009609.23,72.61
1758,8,8,8,320272353.3,309311869.49,96.58
1759,9,9,9,712549057.5,589493242.45,82.73
1760,10,10,10,821038629.01,731668171.25,89.11
1761,11,11,11,133025289.06,43134468.4,32.43
1762,12,12,12,420301472.57,312924843.29,74.45
1763,13,13,13,214517572.61,112779446.93,52.57
1764,14,14,14,749093308.7,749093308.7,100.0
1765,15,15,15,411855679.13,246533482.54,59.86
1766,16,16,16,10134582.73,5157702.48,50.89
1767,17,17,17,270007326.58,270007326.58,100.0
1768,18,18,18,211269425.32,125547529.0,59.43
1769,19,19,19,84020565.42,48472998.4,57.69
1770,20,20,20,535509015.08,265072137.2,49.5
1771,21,21,21,343575401.18,343575401.18,100.0
1772,22,22,22,226742085.08,77965333.02,34.39
1773,23,23,23,937299834.0,498018644.52,53.13
1774,24,24,24,330540345.78,291269667.23,88.12
1775,25,25,25,136425554.6,117079473.58,85.82
1776,26,26,26,527946537.82,307978300.84,58.34
1777,27,27,27,893412799.97,376369456.53,42.13
1778,28,28,28,780178247.57,605682696.94,77.63
1779,29,29,29,156707324.03,84891676.2,54.17
1780,30,30,30,305990729.81,305990729.81,100.0
1781,31,31,31,244796949.96,81684002.6,33.37
1782,32,32,32,928359635.58,613790212.95,66.12
1783,33,33,33,286493877.11,278408667.49,97.18
1784,34,34,34,177687975.01,107798781.06,60.67
1785,35,35,35,460565987.82,345421153.77,75.0
1786,36,36,36,615663267.3,444993854.55,72.28
1787,37,37,37,166927108.79,142573393.35,85.41
1788,38,38,38,34265499.2,18763431.72,54.76
1789,39,39,39,103817366.03,103817366.03,100.0
1790,40,40,40,654438255.88,532295884.03,81.34
1791,41,41,41,171813874.15,165135091.27,96.11
1792,42,42,42,266254986.02,134506266.86,50.52
1793,43,43,43,678961560.89,600704861.63,88.47
1794,44,44,44,872648481.91,508671610.69,58.29
1795,45,45,45,953145003.57,326310971.43,34.24
1796,46,46,46,389746966.56,373909514.92,95.94
1797,47,47,47,234107757.42,141151779.91,60.29
1798,48,48,48,741740951.42,325583392.4,43.89
1799,49,49,49,715299669.6,306805467.51,42.89
1800,50,50,50,974678360.88,668522461.47,68.59
1801,51,51,51,106909154.96,92920559.9,86.92
1802,52,52,52,879362905.21,696576771.42,79.21
1803,53,53,53,183903638.01,77182361.6,41.97
1804,54,54,54,749862041.04,640804503.08,85.46
1805,55,55,55,995471044.28,744809915.2,74.82
1806,56,56,56,239460658.38,160707126.29,67.11
1807,57,57,57,744757997.69,529119289.84,71.05
1808,58,58,58,776415948.38,567981123.1,73.15
1809,59,59,59,288149773.58,247206000.51,85.79
1810,60,60,60,922018166.66,837715444.57,90.86
1811,61,61,61,78967366.36,34401630.31,43.56
1812,62,62,62,236591159.78,236591159.78,100.0
1813,63,63,63,301633609.74,251946282.48,83.53
1814,64,64,64,99152904.21,38027248.21,38.35
1815,65,65,65,252799662.52,212770807.1,84.17
1816,66,66,66,789291755.89,267171622.29,33.85
1817,67,67,67,274561208.12,184994496.06,67.38
1818,68,68,68,511549547.66,416467122.29,81.41
1819,69,69,69,144000370.14,69850089.03,48.51
1820,70,70,70,595770232.64,351860350.19,59.06
1821,71,71,71,614761645.32,219438272.89,35.69
1822,72,72,72,226078261.91,180806166.91,79.98
1823,73,73,73,83904759.6,54644463.05,65.13
1824,74,74,74,704766868.83,365828447.7,51.91
1825,75,75,75,637101922.1,631110563.96,99.06
1826,76,76,76,487427641.54,207715365.89,42.61
1827,77,77,77,896468355.12,325948241.95,36.36
1828,78,78,78,977496681.63,611878113.23,62.6
1829,79,79,79,735070190.82,705011040.34,95.91
1830,80,80,80,962650624.74,962650624.74,100.0
1831,81,81,81,155673163.29,47617878.91,30.59
1832,82,82,82,167950251.39,66519149.19,39.61
1833,83,83,83,999076268.6,728891540.74,72.96
1834,84,84,84,382772951.8,147802791.44,38.61
1835,85,85,85,563865496.99,278872062.26,49.46
1836,86,86,86,945284891.42,882064611.27,93.31
1837,87,87,87,607934985.55,285456076.42,46.96
1838,88,88,88,871341222.3,400758614.04,45.99
1839,89,89,89,710223452.69,385686335.43,54.3
1840,90,90,90,857318129.01,659801778.98,76.96
1841,91,91,91,475594116.62,223980776.19,47.09
1842,92,92,92,949886424.67,651967374.84,68.64
1843,93,93,93,134008556.71,63002407.16,47.01
1844,94,94,94,809594428.89,246799708.17,30.48
1845,95,95,95,242939303.29,146452649.29,60.28
1846,96,96,96,622625952.25,622625952.25,100.0
1847,97,97,97,778499599.48,424026828.04,54.47
1848,98,98,98,703990921.84,643493785.54,91.41
1849,99,99,99,445209532.06,234194856.31,52.6
1850,100,100,100,931044720.35,874526975.95,93.93
1851,101,101,101,170211016.81,77740463.19,45.67
1852,102,102,102,722808164.0,367607587.01,50.86
1853,103,103,103,260648640.81,158975410.87,60.99
1854,104,104,104,691084623.73,223485452.53,32.34
1855,105,105,105,198715174.06,113477443.42,57.11
1856,106,106,106,57303194.63,25020686.82,43.66
1857,107,107,107,786944449.66,565159257.13,71.82
1858,108,108,108,819271792.56,819271792.56,100.0
1859,109,109,109,170805540.82,134767567.52,78.9
1860,110,110,110,809028543.7,740421832.4,91.52
1861,111,111,111,334761620.85,253036392.01,75.59
1862,112,112,112,575435934.43,575435934.43,100.0
1863,113,113,113,605863194.49,438789689.71,72.42
1864,114,114,114,914496086.83,914496086.83,100.0
1865,115,115,115,574528215.46,567119979.28,98.71
1866,116,116,116,870266942.29,771767310.1,88.68
1867,117,117,117,427305079.86,354021802.92,82.85
1868,118,118,118,656640587.09,428747378.94,65.29
1869,119,119,119,199551422.98,99519817.1,49.87
1870,120,120,120,715092161.54,574445920.65,80.33
1871,121,121,121,928477030.18,544097659.08,58.6
1872,122,122,122,432904605.79,362291852.54,83.69
1873,123,123,123,650816651.43,340143207.93,52.26
1874,124,124,124,548854993.77,458537737.72,83.54
1875,125,125,125,24355891.71,17468099.21,71.72
1876,126,126,126,908705128.57,395887592.46,43.57
1877,127,127,127,811197437.17,579495381.05,71.44
1878,128,128,128,421329915.48,400110560.0,94.96
1879,129,129,129,100058613.49,44875358.01,44.85
1880,130,130,130,358079387.37,213197900.87,59.54
1881,131,131,131,530385399.37,429290432.72,80.94
1882,132,132,132,251731629.69,238668236.02,94.81
1883,133,133,133,834180040.97,498869742.83,59.8
1884,134,134,134,302522261.23,104320513.51,34.48
1885,135,135,135,212883858.47,176296747.73,82.81
1886,136,136,136,181135364.52,146366071.03,80.8
1887,137,137,137,729006895.5,677141182.01,92.89
1888,138,138,138,551156459.6,182569371.15,33.12
1889,139,139,139,699014654.96,456882932.84,65.36
1890,140,140,140,297441653.6,297441653.6,100.0
1891,141,141,141,406003054.8,187957207.61,46.29
1892,142,142,142,896651200.13,424186258.03,47.31
1893,143,143,143,337098435.21,242368895.71,71.9
1894,144,144,144,903919645.23,809990606.65,89.61
1895,145,145,145,966622586.03,850161453.18,87.95
1896,146,146,146,29338733.43,21512067.98,73.32
1897,147,147,147,499288120.84,499288120.84,100.0
1898,148,148,148,625835443.47,582884677.48,93.14
1899,149,149,149,22376385.41,16595473.43,74.17
1900,150,150,150,356662605.14,234399129.53,65.72
1901,151,151,151,37763172.42,20309058.36,53.78
1902,152,152,152,620326561.24,367357276.84,59.22
1903,153,153,153,468526719.44,271588005.14,57.97
1904,154,154,154,270285839.66,161984292.85,59.93
1905,155,155,155,779814373.74,683662440.3,87.67
1906,156,156,156,547485264.8,519851390.58,94.95
1907,157,157,157,339102961.29,339102961.29,100.0
1908,158,158,158,935949877.86,298647141.79,31.91
1909,159,159,159,976076021.43,520535298.98,53.33
1910,160,160,160,190577048.37,164566390.99,86.35
1911,161,161,161,978607877.02,869228998.07,88.82
1912,162,162,162,591727978.5,591727978.5,100.0
1913,163,163,163,876604848.12,404611629.98,46.16
1914,164,164,164,298582550.97,95315756.7,31.92
1915,165,165,165,56141662.25,55422047.28,98.72
1916,166,166,166,22459230.44,14489333.45,64.51
1917,167,167,167,436621774.39,165735872.1,37.96
1918,168,168,168,14503360.76,14275157.53,98.43
1919,169,169,169,451026612.63,274210798.1,60.8
1920,170,170,170,746530544.84,500477137.35,67.04
1921,171,171,171,671650909.63,671650909.63,100.0
1922,172,172,172,734635942.95,734635942.95,100.0
1923,173,173,173,598635069.4,510574511.62,85.29
1924,174,174,174,954449915.91,871630023.22,91.32
1925,175,175,175,247701642.81,118140258.7,47.69
1926,176,176,176,904788243.31,322698524.72,35.67
1927,177,177,177,981911432.74,694662024.45,70.75
1928,178,178,178,13512589.66,4365726.78,32.31
1929,179,179,179,436826408.11,139459012.21,31.93
1930,180,180,180,679311488.94,429299371.27,63.2
1931,181,181,181,618390195.17,498323023.48,80.58
1932,182,182,182,989351251.61,989351251.61,100.0
1933,183,183,183,663764401.38,383914288.5,57.84
1934,184,184,184,621271723.18,204209359.4,32.87
1935,185,185,185,927066026.52,563992768.94,60.84
1936,186,186,186,903093288.33,459796613.83,50.91
1937,187,187,187,835844070.87,534468150.75,63.94
1938,188,188,188,413300933.28,143560433.38,34.74
1939,189,189,189,700523219.63,700523219.63,100.0
1940,190,190,190,956439894.16,713554596.23,74.61
1941,191,191,191,247487191.28,88289179.26,35.67
1942,192,192,192,493101421.63,296610443.48,60.15
1943,193,193,193,759995474.74,659638268.44,86.8
1944,194,194,194,601787751.78,562640407.35,93.49
1945,195,195,195,785910603.03,785910603.03,100.0
1946,196,196,196,271370344.37,268038946.51,98.77
1947,197,197,197,139517186.84,53164023.71,38.11
1948,198,198,198,476500492.24,316528064.48,66.43
1949,199,199,199,668166457.76,402701872.53,60.27
1950,200,200,200,601570945.5,550621154.69,91.53
1951,201,201,201,614568723.76,614568723.76,100.0
1952,202,202,202,101735247.65,101735247.65,100.0
1953,203,203,203,496405603.45,208944226.45,42.09
1954,204,204,204,210440384.76,177146595.94,84.18
1955,205,205,205,713571265.94,376105099.2,52.71
1956,206,206,206,562834975.99,562834975.99,100.0
1957,207,207,207,604769776.64,306923384.77,50.75
1958,208,208,208,599611225.97,596925371.52,99.55
1959,209,209,209,313151344.08,217909414.02,69.59
1960,210,210,210,92535527.74,82921504.66,89.61
1961,211,211,211,418958173.53,136666796.84,32.62
1962,212,212,212,304763999.76,167527057.69,54.97
1963,213,213,213,574010414.2,574010414.2,100.0
1964,214,214,214,230906370.89,188451947.31,81.61
1965,215,215,215,231464779.34,155632762.53,67.24
1966,216,216,216,331904430.77,299500707.86,90.24
1967,217,217,217,181591248.01,125004456.64,68.84
1968,218,218,218,407990653.52,149885905.81,36.74
1969,219,219,219,825777028.85,357712131.39,43.32
1970,220,220,220,853484340.34,853484340.34,100.0
1971,221,221,221,117164588.98,72410786.62,61.8
1972,222,222,222,337422839.67,203546499.14,60.32
1973,223,223,223,617079964.26,438549477.8,71.07
1974,224,224,224,234679020.64,201470688.01,85.85
1975,225,225,225,920282140.36,322665147.07,35.06
1976,226,226,226,709567036.34,507746946.03,71.56
1977,227,227,227,228087039.62,177382510.42,77.77
1978,228,228,228,115615989.87,67782811.09,58.63
1979,229,229,229,83038098.8,33855385.08,40.77
1980,230,230,230,196094337.34,148783897.31,75.87
1981,231,231,231,401592403.1,176377664.61,43.92
1982,232,232,232,753280759.76,373933420.52,49.64
1983,233,233,233,149588958.68,138615876.5,92.66
1984,234,234,234,46097586.96,35185452.05,76.33
1985,235,235,235,892783569.12,672629169.48,75.34
1986,236,236,236,342021770.06,156095236.04,45.64
1987,237,237,237,337057986.12,119875440.9,35.57
1988,238,238,238,529856337.92,482283211.66,91.02
1989,239,239,239,425631432.16,187775651.02,44.12
1990,240,240,240,302277823.84,180374414.5,59.67
1991,241,241,241,718423527.51,603642385.43,84.02
1992,242,242,242,794246914.81,498367587.78,62.75
1993,243,243,243,828016875.66,557920968.91,67.38
1994,244,244,244,772329973.79,380577503.65,49.28
1995,245,245,245,693523535.17,233378259.75,33.65
1996,246,246,246,201082232.86,124412499.63,61.87
1997,247,247,247,734333886.69,652356025.77,88.84
1998,248,248,248,281964267.98,265943700.79,94.32
1999,249,249,249,724599347.9,597885814.03,82.51
2000,250,250,250,106884274.04,83301624.83,77.94
2001,1,1,1,428785814.32,346259920.66,80.75
2002,2,2,2,399088113.48,380754916.57,95.41
2003,3,3,3,46334138.35,29991214.23,64.73
2004,4,4,4,885179398.43,471224254.75,53.23
2005,5,5,5,679715308.37,632834197.68,93.1
2006,6,6,6,780474858.7,744006625.15,95.33
2007,7,7,7,669063785.59,401541966.52,60.02
2008,8,8,8,349570158.51,161017951.24,46.06
2009,9,9,9,511725937.16,291626129.84,56.99
2010,10,10,10,137457826.15,137457826.15,100.0
2011,11,11,11,170001127.37,170001127.37,100.0
2012,12,12,12,330827896.64,147203431.54,44.5
2013,13,13,13,647247946.91,625018995.64,96.57
2014,14,14,14,603598796.14,588146218.04,97.44
2015,15,15,15,777507549.55,743728523.4,95.66
2016,16,16,16,536835586.19,192336859.14,35.83
2017,17,17,17,678914214.82,678914214.82,100.0
2018,18,18,18,53444944.34,33911628.89,63.45
2019,19,19,19,933964924.55,599858190.2,64.23
2020,20,20,20,847725185.39,278073337.43,32.8
2021,21,21,21,937248500.43,407671379.42,43.5
2022,22,22,22,181888784.17,122529701.0,67.37
2023,23,23,23,154513604.03,101435919.31,65.65
2024,24,24,24,544841654.23,294214680.26,54.0
2025,25,25,25,840331336.07,316686709.7,37.69
2026,26,26,26,740994315.83,740994315.83,100.0
2027,27,27,27,266039297.05,198656199.38,74.67
2028,28,28,28,480496761.9,306234719.25,63.73
2029,29,29,29,243006210.2,191572610.64,78.83
2030,30,30,30,568587918.59,568587918.59,100.0
2031,31,31,31,571856979.29,268458683.79,46.95
2032,32,32,32,92288715.15,68780178.65,74.53
2033,33,33,33,636488498.74,460832464.84,72.4
2034,34,34,34,106060003.93,80667449.02,76.06
2035,35,35,35,37625494.99,37625494.99,100.0
2036,36,36,36,856578234.93,556974423.77,65.02
2037,37,37,37,255962685.78,157848313.1,61.67
2038,38,38,38,470449300.9,217031167.29,46.13
2039,39,39,39,938581296.36,383586576.0,40.87
2040,40,40,40,629159308.02,629159308.02,100.0
2041,41,41,41,378879783.2,165385132.09,43.65
2042,42,42,42,853323127.14,632733029.22,74.15
2043,43,43,43,222428851.14,222428851.14,100.0
2044,44,44,44,493379765.24,210804774.67,42.73
2045,45,45,45,570081358.01,172361998.93,30.23
2046,46,46,46,589968089.7,233129680.9,39.52
2047,47,47,47,27334773.32,15271996.61,55.87
2048,48,48,48,383197794.56,195085735.39,50.91
2049,49,49,49,519743867.67,488977417.68,94.08
2050,50,50,50,463268733.55,293091629.81,63.27
2051,51,51,51,823723530.64,789209112.13,95.81
2052,52,52,52,725711716.24,700974728.61,96.59
2053,53,53,53,932841558.06,598482723.73,64.16
2054,54,54,54,231542982.46,118181518.74,51.04
2055,55,55,55,164654530.38,123550046.78,75.04
2056,56,56,56,211186824.57,96601011.99,45.74
2057,57,57,57,659814132.29,659814132.29,100.0
2058,58,58,58,259167257.49,91468188.0,35.29
2059,59,59,59,667923607.61,631369283.28,94.53
2060,60,60,60,686518405.01,418052809.14,60.89
2061,61,61,61,90513080.65,33030980.85,36.49
2062,62,62,62,742610320.99,473573630.91,63.77
2063,63,63,63,320824805.22,222068617.98,69.22
2064,64,64,64,228909206.75,224957007.18,98.27
2065,65,65,65,266223825.34,154480655.65,58.03
2066,66,66,66,897333822.77,555158210.39,61.87
2067,67,67,67,609055793.55,609055793.55,100.0
2068,68,68,68,653216011.73,390764092.99,59.82
2069,69,69,69,224952456.63,78764146.74,35.01
2070,70,70,70,366363471.01,278555365.19,76.03
2071,71,71,71,812378191.65,312638461.85,38.48
2072,72,72,72,346773477.76,241255596.55,69.57
2073,73,73,73,814524152.68,310236509.82,38.09
2074,74,74,74,207984966.98,207984966.98,100.0
2075,75,75,75,735051848.83,424940036.36,57.81
2076,76,76,76,125642876.08,80785078.21,64.3
2077,77,77,77,824161515.51,824161515.51,100.0
2078,78,78,78,675984893.62,368845561.33,54.56
2079,79,79,79,957744621.25,471304899.74,49.21
2080,80,80,80,39226897.15,14204307.96,36.21
2081,81,81,81,140538495.79,107769947.26,76.68
2082,82,82,82,37001872.01,28184915.06,76.17
2083,83,83,83,26582769.37,21088780.63,79.33
2084,84,84,84,847592241.38,295193514.04,34.83
2085,85,85,85,635110819.19,419341249.43,66.03
2086,86,86,86,647326308.43,498707088.47,77.04
2087,87,87,87,382366404.03,239268871.36,62.58
2088,88,88,88,62764946.46,33605961.05,53.54
2089,89,89,89,436875339.48,398281219.34,91.17
2090,90,90,90,165793426.86,105254446.65,63.49
2091,91,91,91,935249288.7,877724203.86,93.85
2092,92,92,92,879759540.23,311771583.89,35.44
2093,93,93,93,307909989.67,96793463.98,31.44
2094,94,94,94,27154288.25,12093204.29,44.54
2095,95,95,95,30716395.49,15933716.3,51.87
2096,96,96,96,533550413.35,290088233.28,54.37
2097,97,97,97,824923286.36,573381650.93,69.51
2098,98,98,98,348899307.85,255351976.03,73.19
2099,99,99,99,660870661.65,633544530.62,95.87
2100,100,100,100,859402789.45,835968798.25,97.27
2101,101,101,101,639860579.72,475822896.89,74.36
2102,102,102,102,16068368.79,16068368.79,100.0
2103,103,103,103,555629280.9,421205775.66,75.81
2104,104,104,104,183101061.83,69280837.69,37.84
2105,105,105,105,802063213.22,513164965.54,63.98
2106,106,106,106,418248701.96,418248701.96,100.0
2107,107,107,107,444807544.75,436770615.69,98.19
2108,108,108,108,310870247.09,202902859.95,65.27
2109,109,109,109,237259835.94,202545305.69,85.37
2110,110,110,110,168354925.44,82106474.5,48.77
2111,111,111,111,413598956.11,413598956.11,100.0
2112,112,112,112,542206786.52,446650846.05,82.38
2113,113,113,113,901930144.61,897855786.7,99.55
2114,114,114,114,407926797.35,223020002.77,54.67
2115,115,115,115,328535739.23,131982466.68,40.17
2116,116,116,116,819993052.15,739722124.84,90.21
2117,117,117,117,699229938.25,452224758.56,64.67
2118,118,118,118,123636361.82,81771149.23,66.14
2119,119,119,119,710259279.97,262694000.84,36.99
2120,120,120,120,951690069.7,615695994.22,64.7
2121,121,121,121,502236431.02,212149308.92,42.24
2122,122,122,122,495679888.29,263695000.83,53.2
2123,123,123,123,726339036.65,259192730.44,35.68
2124,124,124,124,207858428.08,75552970.72,36.35
2125,125,125,125,373333971.3,178350918.18,47.77
2126,126,126,126,323752041.59,120388454.71,37.19
2127,127,127,127,995924401.34,517905736.51,52.0
2128,128,128,128,170002028.91,151496042.84,89.11
2129,129,129,129,182214869.39,75546431.69,41.46
2130,130,130,130,466297725.86,466297725.86,100.0
2131,131,131,131,281568779.45,126186485.28,44.82
2132,132,132,132,871970573.05,702722362.5,80.59
2133,133,133,133,442111455.15,162325034.24,36.72
2134,134,134,134,688048055.92,290777180.67,42.26
2135,135,135,135,820020812.44,581674917.88,70.93
2136,136,136,136,279325507.27,178754908.31,64.0
2137,137,137,137,735410191.14,634853446.43,86.33
2138,138,138,138,405106197.99,226109853.24,55.81
2139,139,139,139,261974219.02,261974219.02,100.0
2140,140,140,140,891207727.99,287149591.99,32.22
2141,141,141,141,569384427.87,201881392.05,35.46
2142,142,142,142,501368309.91,483811680.38,96.5
2143,143,143,143,188796971.77,101982192.23,54.02
2144,144,144,144,902624214.68,360968825.11,39.99
2145,145,145,145,641463536.9,501012544.51,78.1
2146,146,146,146,948147425.11,486470834.2,51.31
2147,147,147,147,53884087.07,46659196.58,86.59
2148,148,148,148,125458421.36,125458421.36,100.0
2149,149,149,149,878580521.62,428261964.65,48.74
2150,150,150,150,457246522.92,368896779.83,80.68
2151,151,151,151,472308238.66,178229696.75,37.74
2152,152,152,152,231048329.97,177723739.41,76.92
2153,153,153,153,493543295.69,301413806.89,61.07
2154,154,154,154,444137773.81,414431270.69,93.31
2155,155,155,155,723648665.72,655715802.81,90.61
2156,156,156,156,639129597.65,606822952.8,94.95
2157,157,157,157,800995352.93,464325617.32,57.97
2158,158,158,158,785270589.68,434302522.44,55.31
2159,159,159,159,427302477.73,421395657.66,98.62
2160,160,160,160,308469279.05,215734342.64,69.94
2161,161,161,161,333525406.36,333525406.36,100.0
2162,162,162,162,990041274.32,706339922.2,71.34
2163,163,163,163,415139787.52,154048674.31,37.11
2164,164,164,164,757911742.36,297248601.39,39.22
2165,165,165,165,91914669.19,35675406.36,38.81
2166,166,166,166,435269381.49,211344575.4,48.55
2167,167,167,167,335583037.58,294763225.1,87.84
2168,168,168,168,168611115.88,155262317.17,92.08
2169,169,169,169,33634800.96,29338272.47,87.23
2170,170,170,170,259429114.57,131716963.82,50.77
2171,171,171,171,795388434.4,782138909.45,98.33
2172,172,172,172,304516817.79,109551580.18,35.98
2173,173,173,173,874287349.01,461162647.5,52.75
2174,174,174,174,583059211.27,474200660.59,81.33
2175,175,175,175,806688333.27,529156940.78,65.6
2176,176,176,176,999368966.27,999368966.27,100.0
2177,177,177,177,644157598.72,644157598.72,100.0
2178,178,178,178,347470811.63,307412620.9,88.47
2179,179,179,179,316924199.2,132134886.76,41.69
2180,180,180,180,972960767.1,972960767.1,100.0
2181,181,181,181,717421820.62,550172737.26,76.69
2182,182,182,182,507477926.54,374716369.26,73.84
2183,183,183,183,221935401.37,126829119.59,57.15
2184,184,184,184,494996626.31,416367568.27,84.12
2185,185,185,185,764518522.79,515503713.11,67.43
2186,186,186,186,974969597.87,598243509.4,61.36
2187,187,187,187,676081719.71,528528301.78,78.18
2188,188,188,188,34389406.05,29656411.89,86.24
2189,189,189,189,470522400.33,156884120.56,33.34
2190,190,190,190,829400441.42,281088575.65,33.89
2191,191,191,191,515412280.91,374839639.93,72.73
2192,192,192,192,350666338.75,135932745.71,38.76
2193,193,193,193,862493883.98,413892784.84,47.99
2194,194,194,194,581815966.83,570035651.92,97.98
2195,195,195,195,509347337.92,206907806.19,40.62
2196,196,196,196,491424873.92,193107779.09,39.3
2197,197,197,197,684679113.07,340237873.13,49.69
2198,198,198,198,460729932.99,335747441.95,72.87
2199,199,199,199,571448633.79,390952375.79,68.41
2200,200,200,200,295630331.77,167720696.89,56.73
2201,201,201,201,180146710.8,77274332.96,42.9
2202,202,202,202,821852757.81,694950614.47,84.56
2203,203,203,203,326005582.45,306011570.15,93.87
2204,204,204,204,134407946.57,75007826.53,55.81
2205,205,205,205,192419411.5,168292461.32,87.46
2206,206,206,206,418535386.74,214515047.26,51.25
2207,207,207,207,292572616.44,187465732.39,64.07
2208,208,208,208,698131900.45,685209385.3,98.15
2209,209,209,209,356401866.5,165188575.3,46.35
2210,210,210,210,589991520.91,385101631.73,65.27
2211,211,211,211,175439460.29,81535870.32,46.48
2212,212,212,212,145219290.63,134624763.12,92.7
2213,213,213,213,907247627.36,460125457.42,50.72
2214,214,214,214,865940322.21,537489408.52,62.07
2215,215,215,215,898756843.72,717817838.59,79.87
2216,216,216,216,498496634.07,469084783.46,94.1
2217,217,217,217,79732686.08,62310902.44,78.15
2218,218,218,218,317085319.75,97750818.67,30.83
2219,219,219,219,882587974.32,882587974.32,100.0
2220,220,220,220,428279130.45,224949337.45,52.52
2221,221,221,221,333598703.72,311516072.07,93.38
2222,222,222,222,302541911.25,161271514.69,53.31
2223,223,223,223,553949040.9,208562161.74,37.65
2224,224,224,224,457754438.57,224721661.87,49.09
2225,225,225,225,381140716.87,345616808.23,90.68
2226,226,226,226,428813122.47,201849399.18,47.07
2227,227,227,227,273998051.81,238367407.26,87.0
2228,228,228,228,199904603.21,67340978.57,33.69
2229,229,229,229,209829846.55,82033496.1,39.1
2230,230,230,230,47960967.83,18069897.43,37.68
2231,231,231,231,946147874.97,870745505.02,92.03
2232,232,232,232,956938941.23,308959281.81,32.29
2233,233,233,233,111857060.26,111857060.26,100.0
2234,234,234,234,83074875.33,43878922.53,52.82
2235,235,235,235,422103944.76,211008750.65,49.99
2236,236,236,236,766305063.42,682761037.5,89.1
2237,237,237,237,827775609.44,593916003.66,71.75
2238,238,238,238,31175801.51,31175801.51,100.0
2239,239,239,239,290469353.63,223740841.6,77.03
2240,240,240,240,539953181.97,343448916.05,63.61
2241,241,241,241,143744666.68,56304273.11,39.17
2242,242,242,242,970289949.38,846279677.98,87.22
2243,243,243,243,258781865.66,258781865.66,100.0
2244,244,244,244,536058602.59,459754037.13,85.77
2245,245,245,245,118557192.21,76174832.3,64.25
2246,246,246,246,345516937.46,185759147.05,53.76
2247,247,247,247,131880144.58,43225260.34,32.78
2248,248,248,248,912728362.39,512367657.78,56.14
2249,249,249,249,950362964.34,579378137.72,60.96
2250,250,250,250,545907330.66,545907330.66,100.0
2251,1,1,1,356349550.06,236090504.36,66.25
2252,2,2,2,330256675.51,147395382.85,44.63
2253,3,3,3,924441373.96,873837506.34,94.53
2254,4,4,4,623144808.43,232993375.28,37.39
2255,5,5,5,415496617.87,387713535.63,93.31
2256,6,6,6,773832585.0,773832585.0,100.0
2257,7,7,7,539936679.5,539936679.5,100.0
2258,8,8,8,225792436.51,225072382.65,99.68
2259,9,9,9,246106032.15,246106032.15,100.0
2260,10,10,10,282451352.0,205897354.0,72.9
2261,11,11,11,25847518.66,8804649.07,34.06
2262,12,12,12,263255371.61,188596285.1,71.64
2263,13,13,13,615217360.54,264456561.2,42.99
2264,14,14,14,755850724.88,523059170.95,69.2
2265,15,15,15,122296276.79,116952347.38,95.63
2266,16,16,16,972523158.25,382353497.63,39.32
2267,17,17,17,493862164.09,407936817.7,82.6
2268,18,18,18,71619647.61,54908140.58,76.67
2269,19,19,19,940576563.73,775084721.36,82.41
2270,20,20,20,278955913.75,278955913.75,100.0
2271,21,21,21,316615522.79,302357514.53,95.5
2272,22,22,22,464752523.55,464752523.55,100.0
2273,23,23,23,331128573.37,310753071.22,93.85
2274,24,24,24,185901339.36,83906364.08,45.13
2275,25,25,25,135857515.47,45246767.41,33.3
2276,26,26,26,514588193.02,310562204.67,60.35
2277,27,27,27,79824768.56,67445270.12,84.49
2278,28,28,28,712735825.12,223159621.12,31.31
2279,29,29,29,348467407.33,160460086.81,46.05
2280,30,30,30,992697927.18,892894007.57,89.95
2281,31,31,31,72224865.34,33115604.89,45.85
2282,32,32,32,58086041.09,48074558.02,82.76
2283,33,33,33,259290946.84,138611413.13,53.46
2284,34,34,34,358095004.57,181401377.09,50.66
2285,35,35,35,815114205.78,637107202.3,78.16
2286,36,36,36,831377111.84,336668877.15,40.5
2287,37,37,37,726350041.14,401829623.91,55.32
2288,38,38,38,827469910.77,788016930.9,95.23
2289,39,39,39,731059460.49,488728390.45,66.85
2290,40,40,40,874273471.12,617516508.44,70.63
2291,41,41,41,469868071.04,311789441.73,66.36
2292,42,42,42,283673789.34,145588480.36,51.32
2293,43,43,43,633163734.12,195483174.12,30.87
2294,44,44,44,370923264.72,163644935.39,44.12
2295,45,45,45,76966751.77,67924087.29,88.25
2296,46,46,46,857277754.59,583066676.11,68.01
2297,47,47,47,835754957.2,824069980.53,98.6
2298,48,48,48,501349606.16,403005008.34,80.38
2299,49,49,49,471355947.13,445269776.68,94.47
2300,50,50,50,127678638.14,103562275.25,81.11
2301,51,51,51,134638573.82,46877241.43,34.82
2302,52,52,52,799780992.02,645007936.0,80.65
2303,53,53,53,855469827.38,269030373.23,31.45
2304,54,54,54,15624707.64,12366769.54,79.15
2305,55,55,55,786062419.22,534638103.72,68.01
2306,56,56,56,540610473.84,166998571.19,30.89
2307,57,57,57,442977749.55,367356041.0,82.93
2308,58,58,58,480737879.69,376666245.19,78.35
2309,59,59,59,715919116.08,541912149.29,75.69
2310,60,60,60,12366310.22,9102861.39,73.61
2311,61,61,61,72065610.16,72065610.16,100.0
2312,62,62,62,842921843.78,776673372.02,92.14
2313,63,63,63,997674577.41,872319474.8,87.44
2314,64,64,64,249168919.75,249168919.75,100.0
2315,65,65,65,406116263.06,187251782.29,46.11
2316,66,66,66,704928314.13,634584516.11,90.02
2317,67,67,67,668135832.64,204548067.91,30.61
2318,68,68,68,785896129.14,757148935.76,96.34
2319,69,69,69,914980478.02,543274411.12,59.38
2320,70,70,70,271429409.69,143236547.83,52.77
2321,71,71,71,531804751.85,385729278.91,72.53
2322,72,72,72,149089048.76,75640540.42,50.74
2323,73,73,73,970608148.38,945104585.37,97.37
2324,74,74,74,759825706.38,378113668.2,49.76
2325,75,75,75,195477386.85,90354183.08,46.22
2326,76,76,76,742454611.23,243294874.62,32.77
2327,77,77,77,800845438.72,278200321.72,34.74
2328,78,78,78,145084072.9,145084072.9,100.0
2329,79,79,79,504238250.24,284075851.96,56.34
2330,80,80,80,824510170.11,719183014.82,87.23
2331,81,81,81,353698723.0,199389028.55,56.37
2332,82,82,82,59970189.19,59970189.19,100.0
2333,83,83,83,350640395.4,139042555.02,39.65
2334,84,84,84,784159558.51,453619638.01,57.85
2335,85,85,85,109395461.47,101076625.0,92.4
2336,86,86,86,317145078.43,98246602.44,30.98
2337,87,87,87,855047566.92,460154098.83,53.82
2338,88,88,88,170315967.68,170315967.68,100.0
2339,89,89,89,394765471.82,394765471.82,100.0
2340,90,90,90,558643227.69,549444384.44,98.35
2341,91,91,91,186159829.34,186159829.34,100.0
2342,92,92,92,703647589.21,684863056.02,97.33
2343,93,93,93,783493832.52,655507433.02,83.66
2344,94,94,94,638237880.59,638237880.59,100.0
2345,95,95,95,863189584.74,775061420.15,89.79
2346,96,96,96,139394153.21,92261566.83,66.19
2347,97,97,97,13262034.17,7243114.48,54.62
2348,98,98,98,274270886.83,213637316.19,77.89
2349,99,99,99,841635179.14,414715430.73,49.27
2350,100,100,100,135703394.85,111404563.75,82.09
2351,101,101,101,766203998.81,711904883.72,92.91
2352,102,102,102,930007626.75,878883895.56,94.5
2353,103,103,103,565164404.44,183859604.68,32.53
2354,104,104,104,884208936.03,407317346.01,46.07
2355,105,105,105,255623497.73,195601026.26,76.52
2356,106,106,106,725593564.58,231518423.54,31.91
2357,107,107,107,782331635.29,561418176.89,71.76
2358,108,108,108,492619752.26,476394851.08,96.71
2359,109,109,109,606725489.95,606324263.67,99.93
2360,110,110,110,98005802.79,34296319.03,34.99
2361,111,111,111,283573286.29,251833591.91,88.81
2362,112,112,112,86026444.53,65220413.82,75.81
2363,113,113,113,247046542.28,126609229.99,51.25
2364,114,114,114,893646090.66,466594151.73,52.21
2365,115,115,115,40537434.37,16337586.69,40.3
2366,116,116,116,501861923.41,489733825.45,97.58
2367,117,117,117,527439330.51,495133816.62,93.88
2368,118,118,118,292914763.86,292914763.86,100.0
2369,119,119,119,783807183.9,393929764.23,50.26
2370,120,120,120,593648354.57,515722438.99,86.87
2371,121,121,121,203292513.65,203292513.65,100.0
2372,122,122,122,476474471.89,382564913.93,80.29
2373,123,123,123,33134753.66,16416699.75,49.55
2374,124,124,124,27727639.43,27727639.43,100.0
2375,125,125,125,737537229.69,662550354.57,89.83
2376,126,126,126,180541339.32,169494637.16,93.88
2377,127,127,127,968797300.01,708216024.33,73.1
2378,128,128,128,364628219.08,180456144.64,49.49
2379,129,129,129,701728917.63,397507155.32,56.65
2380,130,130,130,467851244.87,274656129.06,58.71
2381,131,131,131,415367626.97,362004284.33,87.15
2382,132,132,132,671256326.02,637710162.13,95.0
2383,133,133,133,629796663.45,393333304.32,62.45
2384,134,134,134,878094597.39,704262306.32,80.2
2385,135,135,135,93577130.36,63681877.92,68.05
2386,136,136,136,511489213.38,160444298.45,31.37
2387,137,137,137,611608179.84,611608179.84,100.0
2388,138,138,138,653352020.56,653352020.56,100.0
2389,139,139,139,629225257.45,411528898.64,65.4
2390,140,140,140,374165329.7,248496431.8,66.41
2391,141,141,141,40766319.79,36503912.03,89.54
2392,142,142,142,716361440.17,405765539.15,56.64
2393,143,143,143,53401030.65,31788077.33,59.53
2394,144,144,144,476007258.91,162724620.67,34.19
2395,145,145,145,721931967.26,332486357.55,46.06
2396,146,146,146,280776480.46,117335802.92,41.79
2397,147,147,147,37522570.19,37522570.19,100.0
2398,148,148,148,101793276.01,37976169.7,37.31
2399,149,149,149,147715023.04,71334854.03,48.29
2400,150,150,150,668447078.42,299693385.92,44.83
2401,151,151,151,656995222.56,395258045.16,60.16
2402,152,152,152,978614077.2,492532838.32,50.33
2403,153,153,153,330639003.74,237567975.43,71.85
2404,154,154,154,140057065.98,112764715.77,80.51
2405,155,155,155,180806170.65,93637184.79,51.79
2406,156,156,156,41841742.13,13938262.34,33.31
2407,157,157,157,825639503.51,825639503.51,100.0
2408,158,158,158,85393724.19,72239318.35,84.6
2409,159,159,159,894723485.84,347765885.9,38.87
2410,160,160,160,57952910.4,57952910.4,100.0
2411,161,161,161,815178758.02,507508102.52,62.26
2412,162,162,162,203797994.06,203797994.06,100.0
2413,163,163,163,32852292.7,28339356.68,86.26
2414,164,164,164,704529807.99,258105344.61,36.64
2415,165,165,165,12623549.47,9897858.45,78.41
2416,166,166,166,304693148.9,199790562.39,65.57
2417,167,167,167,66521777.86,26527170.6,39.88
2418,168,168,168,130153116.52,39675854.38,30.48
2419,169,169,169,134156347.94,134156347.94,100.0
2420,170,170,170,725958438.06,387018734.22,53.31
2421,171,171,171,972433200.08,897780219.79,92.32
2422,172,172,172,252140823.62,134323532.89,53.27
2423,173,173,173,404917132.12,354278645.02,87.49
2424,174,174,174,380645886.1,173257401.03,45.52
2425,175,175,175,264229220.8,102678534.6,38.86
2426,176,176,176,715576736.35,636652411.14,88.97
2427,177,177,177,278599329.76,147260519.75,52.86
2428,178,178,178,519270468.2,485650865.57,93.53
2429,179,179,179,138452770.97,103469023.67,74.73
2430,180,180,180,849483414.83,483595207.31,56.93
2431,181,181,181,690498945.71,250457138.26,36.27
2432,182,182,182,543371017.29,275919727.6,50.78
2433,183,183,183,617944620.53,208751935.54,33.78
2434,184,184,184,232126078.53,190264250.59,81.97
2435,185,185,185,845615277.06,416019911.57,49.2
2436,186,186,186,131185128.61,57943418.9,44.17
2437,187,187,187,882340895.4,507313606.05,57.5
2438,188,188,188,617008746.02,430646809.7,69.8
2439,189,189,189,940967136.89,940967136.89,100.0
2440,190,190,190,295281394.98,245949772.27,83.29
2441,191,191,191,936027479.35,893407214.02,95.45
2442,192,192,192,641923859.68,344369125.3,53.65
2443,193,193,193,19888423.93,9276684.32,46.64
2444,194,194,194,111862185.51,100102600.4,89.49
2445,195,195,195,596938892.13,387752304.64,64.96
2446,196,196,196,104129181.63,89232170.46,85.69
2447,197,197,197,750397939.01,236004875.96,31.45
2448,198,198,198,675251569.67,659084649.19,97.61
2449,199,199,199,195468203.67,100321337.14,51.32
2450,200,200,200,640556319.62,458756815.63,71.62
2451,201,201,201,571052483.65,526424488.8,92.18
2452,202,202,202,253871076.93,101243423.9,39.88
2453,203,203,203,710487505.04,652348075.63,91.82
2454,204,204,204,258794112.75,258794112.75,100.0
2455,205,205,205,866080442.69,610834934.8,70.53
2456,206,206,206,402279885.64,286518551.76,71.22
2457,207,207,207,500317664.06,433698391.32,86.68
2458,208,208,208,664713740.84,661073777.75,99.45
2459,209,209,209,884135700.98,619466005.77,70.06
2460,210,210,210,461605630.19,164396687.87,35.61
2461,211,211,211,658351767.19,494908408.18,75.17
2462,212,212,212,600880896.2,600880896.2,100.0
2463,213,213,213,81430266.59,39726053.14,48.79
2464,214,214,214,636561523.56,217323540.02,34.14
2465,215,215,215,55903379.58,54704800.13,97.86
2466,216,216,216,510554867.29,451837512.32,88.5
2467,217,217,217,115461902.86,53711337.33,46.52
2468,218,218,218,612591275.61,199339286.34,32.54
2469,219,219,219,723774191.64,690831736.06,95.45
2470,220,220,220,787922607.64,248259666.54,31.51
2471,221,221,221,594111049.48,371270558.65,62.49
2472,222,222,222,989404862.91,840856439.79,84.99
2473,223,223,223,366299560.21,365757766.13,99.85
2474,224,224,224,21217957.41,17074799.88,80.47
2475,225,225,225,820237312.78,471908090.27,57.53
2476,226,226,226,457809379.25,255807535.02,55.88
2477,227,227,227,547157602.31,246390558.28,45.03
2478,228,228,228,848533863.4,481668039.79,56.76
2479,229,229,229,269370048.71,100260833.59,37.22
2480,230,230,230,333480556.48,333480556.48,100.0
2481,231,231,231,105743123.72,95292126.77,90.12
2482,232,232,232,684973981.69,602270661.1,87.93
2483,233,233,233,220864916.86,99718757.6,45.15
2484,234,234,234,854705381.44,362342066.76,42.39
2485,235,235,235,614169321.12,508680801.85,82.82
2486,236,236,236,912251831.12,703346502.82,77.1
2487,237,237,237,70384962.3,64539732.71,91.7
2488,238,238,238,991791365.45,991791365.45,100.0
2489,239,239,239,403815080.31,303066487.5,75.05
2490,240,240,240,550206894.43,463718350.89,84.28
2491,241,241,241,647296723.73,518804135.86,80.15
2492,242,242,242,490425532.73,426781682.82,87.02
2493,243,243,243,532609454.41,508350720.25,95.45
2494,244,244,244,422984064.59,367504942.84,86.88
2495,245,245,245,195014511.61,151639446.73,77.76
2496,246,246,246,969748407.34,761825369.82,78.56
2497,247,247,247,803085179.36,639936898.13,79.68
2498,248,248,248,601912668.48,519854421.13,86.37
2499,249,249,249,66016029.42,62911209.94,95.3
2500,250,250,250,895776408.42,302754704.22,33.8
2501,1,1,1,86631505.67,58178407.89,67.16
2502,2,2,2,784359888.48,429565112.44,54.77
2503,3,3,3,68243482.81,35750500.8,52.39
2504,4,4,4,763654765.34,451174050.56,59.08
2505,5,5,5,846130914.04,262714348.03,31.05
2506,6,6,6,455252188.81,327385938.23,71.91
2507,7,7,7,559042786.64,475946379.08,85.14
2508,8,8,8,839205456.59,424018329.7,50.53
2509,9,9,9,970980440.67,730437971.41,75.23
2510,10,10,10,27589979.23,9277270.88,33.63
2511,11,11,11,138489489.05,92218116.9,66.59
2512,12,12,12,865504159.12,716206601.58,82.75
2513,13,13,13,681762972.27,542666260.56,79.6
2514,14,14,14,279640550.29,167178474.89,59.78
2515,15,15,15,450675396.7,354157327.08,78.58
2516,16,16,16,120061153.52,49876904.75,41.54
2517,17,17,17,38394106.57,30602286.19,79.71
2518,18,18,18,734665290.27,343906990.75,46.81
2519,19,19,19,726831256.08,572706728.31,78.8
2520,20,20,20,697345075.26,375485294.97,53.84
2521,21,21,21,885605734.39,734823624.38,82.97
2522,22,22,22,293773867.91,155274042.87,52.85
2523,23,23,23,429381643.96,358913263.94,83.59
2524,24,24,24,258071975.26,126061278.22,48.85
2525,25,25,25,629054662.83,232692923.99,36.99
2526,26,26,26,640646761.68,402528897.24,62.83
2527,27,27,27,413699708.04,413699708.04,100.0
2528,28,28,28,935779709.88,879730568.4,94.01
2529,29,29,29,493664454.31,230174608.0,46.63
2530,30,30,30,918469890.88,855785468.59,93.18
2531,31,31,31,733152083.92,281291360.5,38.37
2532,32,32,32,939266172.8,419117505.67,44.62
2533,33,33,33,760123964.86,325359715.04,42.8
2534,34,34,34,232445856.34,232445856.34,100.0
2535,35,35,35,692767389.44,692767389.44,100.0
2536,36,36,36,246054925.0,186950578.12,75.98
2537,37,37,37,297706790.06,223079967.09,74.93
2538,38,38,38,229230623.99,148212627.79,64.66
2539,39,39,39,501410941.48,501410941.48,100.0
2540,40,40,40,439676179.36,165203036.41,37.57
2541,41,41,41,908064534.18,532533233.31,58.64
2542,42,42,42,597199130.44,468911367.57,78.52
2543,43,43,43,366175030.8,366175030.8,100.0
2544,44,44,44,627118294.11,570080702.8,90.9
2545,45,45,45,348117616.57,217773805.98,62.56
2546,46,46,46,837954048.64,797422290.95,95.16
2547,47,47,47,98193560.52,74887241.14,76.26
2548,48,48,48,226525886.66,165665354.86,73.13
2549,49,49,49,103109897.88,43563619.14,42.25
2550,50,50,50,868484579.99,365260800.09,42.06
2551,51,51,51,279346107.77,101065193.98,36.18
2552,52,52,52,994781919.05,644617125.99,64.8
2553,53,53,53,160384542.45,113183866.72,70.57
2554,54,54,54,330926756.65,164141020.91,49.6
2555,55,55,55,894392533.66,894392533.66,100.0
2556,56,56,56,639038794.78,243110644.62,38.04
2557,57,57,57,499859249.94,414799637.67,82.98
2558,58,58,58,172184716.95,135480941.92,78.68
2559,59,59,59,793013840.95,529773511.05,66.81
2560,60,60,60,339692366.6,339244433.04,99.87
2561,61,61,61,755576535.87,673172093.84,89.09
2562,62,62,62,586977221.31,334933878.6,57.06
2563,63,63,63,620503489.93,315678714.68,50.87
2564,64,64,64,332027315.03,312789637.48,94.21
2565,65,65,65,84296606.96,33982836.64,40.31
2566,66,66,66,599368995.64,539259026.14,89.97
2567,67,67,67,746062719.61,350343454.27,46.96
2568,68,68,68,580304098.99,295025737.32,50.84
2569,69,69,69,605147682.5,601224143.28,99.35
2570,70,70,70,700444937.92,598247413.81,85.41
2571,71,71,71,54350782.77,36616232.92,67.37
2572,72,72,72,231450769.36,73123765.12,31.59
2573,73,73,73,617725570.4,257810744.45,41.74
2574,74,74,74,144263028.33,78883970.16,54.68
2575,75,75,75,277584841.22,164693087.85,59.33
2576,76,76,76,54562495.36,36390327.11,66.69
2577,77,77,77,223131772.76,79965897.57,35.84
2578,78,78,78,21483174.77,8122891.46,37.81
2579,79,79,79,820123088.46,293476354.34,35.78
2580,80,80,80,591879078.56,247473618.81,41.81
2581,81,81,81,551225553.26,551225553.26,100.0
2582,82,82,82,15560456.63,6210752.87,39.91
2583,83,83,83,851622927.02,353367976.24,41.49
2584,84,84,84,10067159.93,4204206.98,41.76
2585,85,85,85,789445150.51,697975246.95,88.41
2586,86,86,86,226761852.41,128483426.11,56.66
2587,87,87,87,822000441.29,718127316.48,87.36
2588,88,88,88,137832894.49,90294977.96,65.51
2589,89,89,89,551866503.26,183938271.17,33.33
2590,90,90,90,39158612.4,32849573.83,83.89
2591,91,91,91,559104308.18,215657780.89,38.57
2592,92,92,92,141675362.7,96324889.9,67.99
2593,93,93,93,808043352.97,494097886.03,61.15
2594,94,94,94,243883225.62,174570763.42,71.58
2595,95,95,95,124777304.91,86694677.0,69.48
2596,96,96,96,40111054.61,34950605.12,87.13
2597,97,97,97,578402848.81,439908436.18,76.06
2598,98,98,98,665350177.11,273772857.0,41.15
2599,99,99,99,895882701.1,895882701.1,100.0
2600,100,100,100,71153838.8,41221900.86,57.93
2601,101,101,101,397994794.03,382352316.82,96.07
2602,102,102,102,171466366.22,75770246.87,44.19
2603,103,103,103,507183136.51,164929409.81,32.52
2604,104,104,104,246034039.34,246034039.34,100.0
2605,105,105,105,416927169.79,415957917.4,99.77
2606,106,106,106,374931878.45,374931878.45,100.0
2607,107,107,107,693103116.01,252138930.84,36.38
2608,108,108,108,744489537.69,664722473.06,89.29
2609,109,109,109,430415559.79,252438198.04,58.65
2610,110,110,110,251567831.81,216565690.88,86.09
2611,111,111,111,796709255.93,278998769.17,35.02
2612,112,112,112,849473489.68,849473489.68,100.0
2613,113,113,113,544616853.8,389789661.43,71.57
2614,114,114,114,257073675.02,179471471.67,69.81
2615,115,115,115,786057378.55,330308897.92,42.02
2616,116,116,116,362473895.6,362473895.6,100.0
2617,117,117,117,919507999.07,294402583.31,32.02
2618,118,118,118,274053685.85,153388232.91,55.97
2619,119,119,119,940857677.8,584358924.17,62.11
2620,120,120,120,433634631.38,394662121.28,91.01
2621,121,121,121,755742118.59,489569519.84,64.78
2622,122,122,122,216804856.96,85914261.06,39.63
2623,123,123,123,628553656.65,628553656.65,100.0
2624,124,124,124,586376650.42,404104087.97,68.92
2625,125,125,125,426102633.61,205722193.95,48.28
2626,126,126,126,738075434.29,358633495.99,48.59
2627,127,127,127,819798445.74,437984536.53,53.43
2628,128,128,128,729998708.89,409819160.51,56.14
2629,129,129,129,814966960.73,393401745.99,48.27
2630,130,130,130,747733426.93,567395677.58,75.88
2631,131,131,131,158152529.6,77166968.5,48.79
2632,132,132,132,774678700.8,531152596.97,68.56
2633,133,133,133,198780208.44,124734091.38,62.75
2634,134,134,134,108230021.35,79363346.96,73.33
2635,135,135,135,902630009.03,308223665.76,34.15
2636,136,136,136,602253973.29,344158144.8,57.15
2637,137,137,137,184721762.52,184721762.52,100.0
2638,138,138,138,639848989.0,628106701.6,98.16
2639,139,139,139,339519781.36,290674351.46,85.61
2640,140,140,140,150127820.87,87682201.17,58.41
2641,141,141,141,801490610.58,573961309.82,71.61
2642,142,142,142,118886732.38,51911632.99,43.66
2643,143,143,143,962828600.39,856159273.62,88.92
2644,144,144,144,774214854.73,490292640.81,63.33
2645,145,145,145,715104217.16,715104217.16,100.0
2646,146,146,146,246757130.53,246757130.53,100.0
2647,147,147,147,761995076.7,704637961.5,92.47
2648,148,148,148,32323950.3,13236554.98,40.95
2649,149,149,149,558329815.79,520416930.19,93.21
2650,150,150,150,317628622.52,250758692.43,78.95
2651,151,151,151,833968007.15,555986229.06,66.67
2652,152,152,152,763707716.85,265405698.82,34.75
2653,153,153,153,492960086.41,188943555.94,38.33
2654,154,154,154,477632522.79,392027586.35,82.08
2655,155,155,155,82424679.22,82424679.22,100.0
2656,156,156,156,242322955.85,204778723.33,84.51
2657,157,157,157,710174723.27,299177748.18,42.13
2658,158,158,158,74981985.51,74981985.51,100.0
2659,159,159,159,789381162.53,510922196.53,64.72
2660,160,160,160,979760762.7,907180342.88,92.59
2661,161,161,161,88294999.93,49940490.24,56.56
2662,162,162,162,463320926.67,463320926.67,100.0
2663,163,163,163,583232723.76,396242587.83,67.94
2664,164,164,164,814774344.35,357026894.26,43.82
2665,165,165,165,158576831.75,122175831.63,77.05
2666,166,166,166,366526739.62,125385489.97,34.21
2667,167,167,167,837236308.35,837236308.35,100.0
2668,168,168,168,523005023.98,234859355.96,44.91
2669,169,169,169,171841243.55,171841243.55,100.0
2670,170,170,170,870722505.57,563538636.99,64.72
2671,171,171,171,936762988.36,882089576.85,94.16
2672,172,172,172,742267992.49,385092276.24,51.88
2673,173,173,173,973927029.32,733666190.28,75.33
2674,174,174,174,927261950.13,312890764.49,33.74
2675,175,175,175,130189495.95,42806527.91,32.88
2676,176,176,176,415160530.5,253353377.72,61.03
2677,177,177,177,600920056.78,584759980.66,97.31
2678,178,178,178,735062496.13,654410646.06,89.03
2679,179,179,179,539712971.1,320738848.78,59.43
2680,180,180,180,652705984.83,524829002.26,80.41
2681,181,181,181,125637307.36,89521672.32,71.25
2682,182,182,182,412231833.73,306976826.29,74.47
2683,183,183,183,16788552.72,16788552.72,100.0
2684,184,184,184,655330996.49,553367878.23,84.44
2685,185,185,185,172830791.38,155443424.83,89.94
2686,186,186,186,409926402.19,318333006.62,77.66
2687,187,187,187,503662728.37,258644873.87,51.35
2688,188,188,188,669715280.68,438839447.57,65.53
2689,189,189,189,765607601.83,519851237.91,67.9
2690,190,190,190,717951145.86,321777942.39,44.82
2691,191,191,191,572141594.5,323201122.71,56.49
2692,192,192,192,533484330.7,170186197.14,31.9
2693,193,193,193,858330940.19,391083541.21,45.56
2694,194,194,194,868113167.76,820362046.02,94.5
2695,195,195,195,71260575.47,38902015.61,54.59
2696,196,196,196,277443465.44,158922845.11,57.28
2697,197,197,197,922439169.74,742665568.93,80.51
2698,198,198,198,596725727.81,452869622.18,75.89
2699,199,199,199,143314387.0,68355343.92,47.7
2700,200,200,200,80420528.12,75768866.93,94.22
2701,201,201,201,103487521.2,64753692.27,62.57
2702,202,202,202,772141725.87,370715045.48,48.01
2703,203,203,203,229767188.83,218063918.96,94.91
2704,204,204,204,250529033.01,212783149.8,84.93
2705,205,205,205,139290853.65,139290853.65,100.0
2706,206,206,206,603659296.07,603659296.07,100.0
2707,207,207,207,518739166.54,329428029.23,63.51
2708,208,208,208,288726156.84,127751477.96,44.25
2709,209,209,209,661543250.26,513706068.41,77.65
2710,210,210,210,780005824.52,524693818.42,67.27
2711,211,211,211,979798753.82,793085841.41,80.94
2712,212,212,212,483925345.41,483925345.41,100.0
2713,213,213,213,418854818.09,185980370.05,44.4
2714,214,214,214,299253453.95,174702356.57,58.38
2715,215,215,215,786754639.25,246131772.94,31.28
2716,216,216,216,972490657.56,685753601.83,70.52
2717,217,217,217,604420363.38,604420363.38,100.0
2718,218,218,218,645893133.56,454815531.15,70.42
2719,219,219,219,692244546.7,692244546.7,100.0
2720,220,220,220,429051090.91,197592282.41,46.05
2721,221,221,221,228143842.37,117036835.02,51.3
2722,222,222,222,263558751.04,179443969.6,68.08
2723,223,223,223,621027246.62,621027246.62,100.0
2724,224,224,224,641271949.47,371477812.64,57.93
2725,225,225,225,467293142.37,147209702.37,31.5
2726,226,226,226,52906686.34,24961060.57,47.18
2727,227,227,227,878462184.95,565663104.76,64.39
2728,228,228,228,251871132.16,163346291.86,64.85
2729,229,229,229,585222030.2,432204656.01,73.85
2730,230,230,230,741283545.1,710659163.71,95.87
2731,231,231,231,192496089.74,108841578.56,56.54
2732,232,232,232,478560444.35,444283975.57,92.84
2733,233,233,233,11324743.07,7578412.32,66.92
2734,234,234,234,56968715.47,26280421.96,46.13
2735,235,235,235,257984910.42,152680096.45,59.18
2736,236,236,236,662135680.71,537647517.12,81.2
2737,237,237,237,887808505.91,758477626.02,85.43
2738,238,238,238,430241634.64,292022196.46,67.87
2739,239,239,239,34787718.15,13471851.7,38.73
2740,240,240,240,299793801.81,158367078.3,52.83
2741,241,241,241,957431609.85,957431609.85,100.0
2742,242,242,242,120107290.19,100393631.52,83.59
2743,243,243,243,758151060.02,550863786.72,72.66
2744,244,244,244,749854339.61,592552458.87,79.02
2745,245,245,245,594024039.75,588848705.94,99.13
2746,246,246,246,931580430.44,931580430.44,100.0
2747,247,247,247,645728569.52,332393250.3,51.48
2748,248,248,248,966840619.2,966840619.2,100.0
2749,249,249,249,827870481.69,427035063.8,51.58
2750,250,250,250,796105007.17,286199358.46,35.95
2751,1,1,1,951540663.42,774320619.34,81.38
2752,2,2,2,620871850.84,581049975.51,93.59
2753,3,3,3,329126182.56,283784891.76,86.22
2754,4,4,4,112625123.51,64809151.13,57.54
2755,5,5,5,697321993.32,232423936.66,33.33
2756,6,6,6,528046344.43,254342278.34,48.17
2757,7,7,7,391593462.39,230964118.53,58.98
2758,8,8,8,950248810.85,950248810.85,100.0
2759,9,9,9,913303774.32,684453580.5,74.94
2760,10,10,10,384169038.46,294812736.64,76.74
2761,11,11,11,946033138.86,447373643.67,47.29
2762,12,12,12,437700432.03,417525259.87,95.39
2763,13,13,13,214077886.76,65149723.47,30.43
2764,14,14,14,624444318.14,514098193.55,82.33
2765,15,15,15,103305562.12,62704956.34,60.7
2766,16,16,16,161138988.6,131455605.75,81.58
2767,17,17,17,816130289.07,415856950.04,50.95
2768,18,18,18,820915415.75,820033011.44,99.89
2769,19,19,19,248207580.64,181025389.18,72.93
2770,20,20,20,749394133.55,400184221.84,53.4
2771,21,21,21,973834782.24,689648491.69,70.82
2772,22,22,22,958263154.41,898335696.77,93.75
2773,23,23,23,450077151.9,450077151.9,100.0
2774,24,24,24,865267066.21,843972757.08,97.54
2775,25,25,25,561532413.64,554143675.85,98.68
2776,26,26,26,569140512.05,561542721.9,98.67
2777,27,27,27,246877800.47,110052922.29,44.58
2778,28,28,28,390369776.08,317651179.51,81.37
2779,29,29,29,222724487.74,112070559.17,50.32
2780,30,30,30,745026708.5,498233412.16,66.87
2781,31,31,31,644185645.8,644185645.8,100.0
2782,32,32,32,806430584.85,695870627.86,86.29
2783,33,33,33,623679550.48,387515115.65,62.13
2784,34,34,34,284412416.65,121282057.54,42.64
2785,35,35,35,953001286.22,814359326.53,85.45
2786,36,36,36,654203721.71,519950890.6,79.48
2787,37,37,37,481573941.09,394187940.59,81.85
2788,38,38,38,779798424.34,477403636.35,61.22
2789,39,39,39,262080385.8,87892221.14,33.54
2790,40,40,40,812723651.31,775542580.02,95.43
2791,41,41,41,344910890.48,317300733.69,91.99
2792,42,42,42,83909158.94,64754699.18,77.17
2793,43,43,43,785049722.42,402548001.63,51.28
2794,44,44,44,199049270.73,116671254.75,58.61
2795,45,45,45,647857955.1,491407191.13,75.85
2796,46,46,46,277088422.06,277088422.06,100.0
2797,47,47,47,688594077.06,587642451.93,85.34
2798,48,48,48,134837307.95,68947972.54,51.13
2799,49,49,49,627669005.16,249811260.89,39.8
2800,50,50,50,200098626.6,189716620.84,94.81
2801,51,51,51,508325904.36,381409720.8,75.03
2802,52,52,52,873973640.65,466758835.02,53.41
2803,53,53,53,480667406.03,254475303.46,52.94
2804,54,54,54,774345789.07,774345789.07,100.0
2805,55,55,55,154983945.18,154983945.18,100.0
2806,56,56,56,660581259.82,349797963.8,52.95
2807,57,57,57,160460577.31,117733035.34,73.37
2808,58,58,58,770879744.79,289105935.01,37.5
2809,59,59,59,716920438.25,531075545.76,74.08
2810,60,60,60,408382511.04,314755398.98,77.07
2811,61,61,61,475339835.0,180153186.48,37.9
2812,62,62,62,176730708.24,176730708.24,100.0
2813,63,63,63,639165580.67,573150770.78,89.67
2814,64,64,64,913559616.5,372886469.26,40.82
2815,65,65,65,564822854.08,564822854.08,100.0
2816,66,66,66,322005006.07,166914883.06,51.84
2817,67,67,67,415351662.88,338826881.42,81.58
2818,68,68,68,226095499.1,170219447.32,75.29
2819,69,69,69,447342786.46,249769527.76,55.83
2820,70,70,70,500177325.56,358874497.37,71.75
2821,71,71,71,941337672.94,867082983.69,92.11
2822,72,72,72,435605234.21,435605234.21,100.0
2823,73,73,73,863631121.53,347655732.46,40.26
2824,74,74,74,175158276.04,121591029.22,69.42
2825,75,75,75,549718811.58,549718811.58,100.0
2826,76,76,76,594870983.08,379426748.01,63.78
2827,77,77,77,597782590.35,496687838.68,83.09
2828,78,78,78,507129861.3,400191833.36,78.91
2829,79,79,79,769475699.4,466112523.45,60.58
2830,80,80,80,181136067.68,168321970.19,92.93
2831,81,81,81,77423447.19,24835939.78,32.08
2832,82,82,82,151292734.67,151292734.67,100.0
2833,83,83,83,567599207.26,420918834.66,74.16
2834,84,84,84,257225790.76,93924539.04,36.51
2835,85,85,85,741151061.23,685811938.3,92.53
2836,86,86,86,72227356.31,58111469.81,80.46
2837,87,87,87,909904430.71,283670008.06,31.18
2838,88,88,88,952194830.88,793723198.36,83.36
2839,89,89,89,787794535.91,481991355.8,61.18
2840,90,90,90,879173747.39,289476663.28,32.93
2841,91,91,91,384559659.09,161411519.59,41.97
2842,92,92,92,167999270.4,98873537.54,58.85
2843,93,93,93,207948995.61,207948995.61,100.0
2844,94,94,94,506259706.06,506259706.06,100.0
2845,95,95,95,664771747.99,561788860.69,84.51
2846,96,96,96,573101932.51,573101932.51,100.0
2847,97,97,97,113889709.75,113889709.75,100.0
2848,98,98,98,729968804.57,256551153.9,35.15
2849,99,99,99,791105527.6,616439823.74,77.92
2850,100,100,100,39229662.62,39229662.62,100.0
2851,101,101,101,464309414.47,464309414.47,100.0
2852,102,102,102,443414001.12,333825628.45,75.29
2853,103,103,103,76547216.62,49157549.75,64.22
2854,104,104,104,185001544.98,106110262.85,57.36
2855,105,105,105,816841057.77,764434607.99,93.58
2856,106,106,106,588794697.55,574316264.55,97.54
2857,107,107,107,226715013.97,94629208.97,41.74
2858,108,108,108,463818937.53,265149949.96,57.17
2859,109,109,109,856072469.43,507597864.06,59.29
2860,110,110,110,111268540.11,96126656.76,86.39
2861,111,111,111,955927525.03,516307886.23,54.01
2862,112,112,112,150015664.44,113719746.22,75.81
2863,113,113,113,297838675.47,291898523.05,98.01
2864,114,114,114,189666763.0,93407151.13,49.25
2865,115,115,115,474861175.69,349825602.47,73.67
2866,116,116,116,317456414.07,163611162.62,51.54
2867,117,117,117,988623022.69,836311699.55,84.59
2868,118,118,118,25249401.43,23377405.86,92.59
2869,119,119,119,328321160.82,172589743.37,52.57
2870,120,120,120,598749287.64,281548083.79,47.02
2871,121,121,121,346622505.99,291146633.12,84.0
2872,122,122,122,461214888.16,461214888.16,100.0
2873,123,123,123,430967812.5,247806355.91,57.5
2874,124,124,124,95369039.72,77597221.83,81.37
2875,125,125,125,652560502.85,393240329.85,60.26
2876,126,126,126,835671159.43,414602694.49,49.61
2877,127,127,127,532549321.07,315792440.95,59.3
2878,128,128,128,158088674.05,66059943.95,41.79
2879,129,129,129,486461239.85,228978638.72,47.07
2880,130,130,130,23986027.57,16771354.71,69.92
2881,131,131,131,908406022.13,805726216.19,88.7
2882,132,132,132,248188933.73,90569790.73,36.49
2883,133,133,133,903336508.45,543361894.86,60.15
2884,134,134,134,588265220.96,216096561.87,36.73
2885,135,135,135,983499753.55,907456598.55,92.27
2886,136,136,136,850829838.31,850829838.31,100.0
2887,137,137,137,20977977.39,19102034.19,91.06
2888,138,138,138,24967404.69,21462413.35,85.96
2889,139,139,139,746005217.95,316014437.45,42.36
2890,140,140,140,521627458.68,498265742.44,95.52
2891,141,141,141,757811812.48,757811812.48,100.0
2892,142,142,142,593794963.79,472112429.93,79.51
2893,143,143,143,239958266.63,79030931.54,32.94
2894,144,144,144,788740133.48,291209655.63,36.92
2895,145,145,145,40725512.3,18468520.51,45.35
2896,146,146,146,808448134.13,293688899.15,36.33
2897,147,147,147,668434373.26,269154028.6,40.27
2898,148,148,148,676541488.74,270054264.36,39.92
2899,149,149,149,53422435.05,42344126.15,79.26
2900,150,150,150,217676204.85,162933859.33,74.85
2901,151,151,151,494047423.58,370306997.71,74.95
2902,152,152,152,447644346.11,447644346.11,100.0
2903,153,153,153,36200901.31,21514385.87,59.43
2904,154,154,154,342472466.24,220751942.21,64.46
2905,155,155,155,967788160.41,723071638.44,74.71
2906,156,156,156,313498370.52,234902729.66,74.93
2907,157,157,157,636455811.25,481620180.07,75.67
2908,158,158,158,684875967.67,626594632.63,91.49
2909,159,159,159,627426954.24,627426954.24,100.0
2910,160,160,160,296799700.0,89268466.64,30.08
2911,161,161,161,575972033.24,489668093.28,85.02
2912,162,162,162,707053224.76,638568899.7,90.31
2913,163,163,163,389487977.61,389487977.61,100.0
2914,164,164,164,287500897.62,242640593.18,84.4
2915,165,165,165,282245646.28,101474259.95,35.95
2916,166,166,166,918919356.22,598714211.74,65.15
2917,167,167,167,648031345.3,585051484.0,90.28
2918,168,168,168,754909234.04,274470485.83,36.36
2919,169,169,169,572144862.98,207189762.3,36.21
2920,170,170,170,634154528.53,634154528.53,100.0
2921,171,171,171,283753882.56,107268142.48,37.8
2922,172,172,172,893906764.25,352237444.28,39.4
2923,173,173,173,506183471.18,385505576.11,76.16
2924,174,174,174,807298315.81,450079883.23,55.75
2925,175,175,175,522835425.11,522835425.11,100.0
2926,176,176,176,125156714.99,72163687.56,57.66
2927,177,177,177,120704312.98,58835990.13,48.74
2928,178,178,178,469470785.43,333122632.75,70.96
2929,179,179,179,435592660.01,344445033.07,79.08
2930,180,180,180,914163218.03,914163218.03,100.0
2931,181,181,181,140411760.64,44133293.36,31.43
2932,182,182,182,689691215.27,227092754.1,32.93
2933,183,183,183,918958958.08,286295419.94,31.15
2934,184,184,184,416965887.63,202041728.78,48.46
2935,185,185,185,886129804.59,556231311.52,62.77
2936,186,186,186,152868881.21,132380163.0,86.6
2937,187,187,187,114293106.91,78320175.68,68.53
2938,188,188,188,241034640.08,157015297.67,65.14
2939,189,189,189,525982510.03,433472131.72,82.41
2940,190,190,190,649949777.71,649949777.71,100.0
2941,191,191,191,773538891.76,681554637.45,88.11
2942,192,192,192,768885436.35,315819567.99,41.07
2943,193,193,193,120762547.26,39810945.95,32.97
2944,194,194,194,875266258.45,319318935.71,36.48
2945,195,195,195,121211212.26,65599803.56,54.12
2946,196,196,196,898832593.79,602785927.01,67.06
2947,197,197,197,958050140.53,875083783.55,91.34
2948,198,198,198,588258792.22,201127921.85,34.19
2949,199,199,199,696957502.89,583032643.07,83.65
2950,200,200,200,376028992.71,251399953.76,66.86
2951,201,201,201,555148420.26,295186298.65,53.17
2952,202,202,202,833747482.58,833747482.58,100.0
2953,203,203,203,167903857.21,112490825.8,67.0
2954,204,204,204,506728381.17,184253760.81,36.36
2955,205,205,205,415126885.55,406846546.29,98.01
2956,206,206,206,867721700.71,793207090.4,91.41
2957,207,207,207,139681679.9,139233311.83,99.68
2958,208,208,208,892837291.21,593261036.03,66.45
2959,209,209,209,257768504.64,142107919.3,55.13
2960,210,210,210,609641011.9,306039590.4,50.2
2961,211,211,211,386099438.43,190157167.75,49.25
2962,212,212,212,933415729.92,690151850.53,73.94
2963,213,213,213,205552385.07,166595399.33,81.05
2964,214,214,214,507514991.0,267693484.5,52.75
2965,215,215,215,236006152.74,236006152.74,100.0
2966,216,216,216,803214787.54,359457702.41,44.75
2967,217,217,217,278343567.88,103634103.93,37.23
2968,218,218,218,953952679.02,845551421.58,88.64
2969,219,219,219,925154579.23,424822303.03,45.92
2970,220,220,220,480438372.94,260366037.8,54.19
2971,221,221,221,22801835.67,13097296.8,57.44
2972,222,222,222,965763563.57,595225410.73,61.63
2973,223,223,223,689104478.83,625169993.68,90.72
2974,224,224,224,497059370.37,289529261.1,58.25
2975,225,225,225,608044713.26,222345761.09,36.57
2976,226,226,226,119875705.33,90683717.53,75.65
2977,227,227,227,165962037.57,142933104.65,86.12
2978,228,228,228,642523048.58,239736431.63,37.31
2979,229,229,229,58471332.14,28841491.9,49.33
2980,230,230,230,705278508.95,705278508.95,100.0
2981,231,231,231,920581111.05,920581111.05,100.0
2982,232,232,232,711865707.08,672728553.9,94.5
2983,233,233,233,565027801.54,554305992.08,98.1
2984,234,234,234,796261436.44,331422619.37,41.62
2985,235,235,235,750981088.56,260829326.09,34.73
2986,236,236,236,594753369.83,266862413.44,44.87
2987,237,237,237,205052787.03,147860916.9,72.11
2988,238,238,238,17753671.88,11581792.93,65.24
2989,239,239,239,462732496.98,390180916.02,84.32
2990,240,240,240,248630599.84,248630599.84,100.0
2991,241,241,241,234857254.51,80604844.61,34.32
2992,242,242,242,511629027.33,244319901.84,47.75
2993,243,243,243,381640487.56,381640487.56,100.0
2994,244,244,244,509015299.14,171028873.98,33.6
2995,245,245,245,276582674.04,156125938.27,56.45
2996,246,246,246,614016186.27,512204042.59,83.42
2997,247,247,247,625766538.87,544707383.01,87.05
2998,248,248,248,216828164.48,127701770.91,58.9
2999,249,249,249,571797519.66,242411391.96,42.39
3000,250,250,250,450763544.01,225688684.56,50.07
3001,1,1,1,969731849.34,969731849.34,100.0
3002,2,2,2,724565849.39,238163303.63,32.87
3003,3,3,3,190072746.18,190072746.18,100.0
3004,4,4,4,883208089.85,861472110.73,97.54
3005,5,5,5,482251299.62,159857515.76,33.15
3006,6,6,6,848388186.39,834530968.4,98.37
3007,7,7,7,832598457.61,410283026.57,49.28
3008,8,8,8,27177068.23,14290005.84,52.58
3009,9,9,9,241325272.34,234290751.41,97.09
3010,10,10,10,911980693.77,678630512.17,74.41
3011,11,11,11,772047435.74,706760672.52,91.54
3012,12,12,12,143972301.82,57650610.33,40.04
3013,13,13,13,220169454.85,170520124.91,77.45
3014,14,14,14,622460949.3,622460949.3,100.0
3015,15,15,15,285908922.7,258598158.17,90.45
3016,16,16,16,212229709.71,184656807.38,87.01
3017,17,17,17,983577585.41,805981029.32,81.94
3018,18,18,18,464034220.79,408789016.41,88.09
3019,19,19,19,524226051.94,332477501.8,63.42
3020,20,20,20,655716229.62,512935177.16,78.23
3021,21,21,21,84977720.18,31237546.49,36.76
3022,22,22,22,402565813.58,235045183.13,58.39
3023,23,23,23,906373862.33,906373862.33,100.0
3024,24,24,24,943785432.09,438882458.22,46.5
3025,25,25,25,500309348.31,422084386.5,84.36
3026,26,26,26,893290569.87,366856087.74,41.07
3027,27,27,27,504044602.67,388509377.79,77.08
3028,28,28,28,985754443.07,691152017.15,70.11
3029,29,29,29,789316646.16,297684764.4,37.71
3030,30,30,30,832007105.96,308863560.67,37.12
3031,31,31,31,194567373.46,118460026.56,60.88
3032,32,32,32,14442849.78,9417247.33,65.2
3033,33,33,33,509900793.35,410855653.43,80.58
3034,34,34,34,982976675.87,861239350.9,87.62
3035,35,35,35,967585702.55,404214959.99,41.78
3036,36,36,36,618043715.49,297325932.38,48.11
3037,37,37,37,192808962.36,175215889.72,90.88
3038,38,38,38,18885243.76,9288663.43,49.18
3039,39,39,39,501528076.27,350387077.99,69.86
3040,40,40,40,308928765.5,247003108.25,79.95
3041,41,41,41,343421316.19,206583979.97,60.15
3042,42,42,42,834939380.16,422879255.42,50.65
3043,43,43,43,98450806.27,98450806.27,100.0
3044,44,44,44,99793170.25,87614677.64,87.8
3045,45,45,45,448212415.23,145549095.74,32.47
3046,46,46,46,419303389.46,419303389.46,100.0
3047,47,47,47,73245370.68,46052675.96,62.87
3048,48,48,48,550045374.55,250176979.07,45.48
3049,49,49,49,437709443.85,193537449.88,44.22
3050,50,50,50,993127085.46,993127085.46,100.0
3051,51,51,51,75425431.03,56459037.64,74.85
3052,52,52,52,126245420.01,55002806.18,43.57
3053,53,53,53,166839475.9,101424918.01,60.79
3054,54,54,54,331612268.6,315799901.79,95.23
3055,55,55,55,667851950.39,605435430.29,90.65
3056,56,56,56,966840255.95,441100061.3,45.62
3057,57,57,57,908614862.78,470168614.11,51.75
3058,58,58,58,447683614.35,246674578.47,55.1
3059,59,59,59,80213959.87,63520353.74,79.19
3060,60,60,60,648489150.48,214558900.49,33.09
3061,61,61,61,423501433.93,418982355.55,98.93
3062,62,62,62,33105197.77,28588914.14,86.36
3063,63,63,63,819200640.65,728857499.16,88.97
3064,64,64,64,533963020.4,416314166.12,77.97
3065,65,65,65,443493041.09,135201240.86,30.49
3066,66,66,66,726408541.31,607901278.96,83.69
3067,67,67,67,859596797.46,701340696.36,81.59
3068,68,68,68,932911526.35,831586912.28,89.14
3069,69,69,69,338306289.6,338306289.6,100.0
3070,70,70,70,191987393.94,60711106.2,31.62
3071,71,71,71,337005391.29,224421084.55,66.59
3072,72,72,72,976542100.22,701724299.61,71.86
3073,73,73,73,107493971.54,34415685.43,32.02
3074,74,74,74,950784909.86,533410210.29,56.1
3075,75,75,75,622282067.83,459921997.77,73.91
3076,76,76,76,19584976.41,5967919.87,30.47
3077,77,77,77,860554424.86,436608961.26,50.74
3078,78,78,78,684371038.0,244498850.64,35.73
3079,79,79,79,153179849.98,153179849.98,100.0
3080,80,80,80,347937313.1,257582033.95,74.03
3081,81,81,81,874153946.55,788591263.33,90.21
3082,82,82,82,731349802.59,641284043.84,87.68
3083,83,83,83,325470348.37,259534372.53,79.74
3084,84,84,84,796272088.94,662009905.54,83.14
3085,85,85,85,262257662.86,262257662.86,100.0
3086,86,86,86,553923740.18,232748962.39,42.02
3087,87,87,87,934230681.64,934230681.64,100.0
3088,88,88,88,441858031.52,198907606.14,45.02
3089,89,89,89,560685234.87,278587943.33,49.69
3090,90,90,90,778433040.5,353330874.89,45.39
3091,91,91,91,211699714.09,122470171.42,57.85
3092,92,92,92,454568025.51,179455609.69,39.48
3093,93,93,93,920853867.13,385028897.05,41.81
3094,94,94,94,655324755.72,655324755.72,100.0
3095,95,95,95,704367009.42,411317058.86,58.4
3096,96,96,96,962621523.98,904151397.8,93.93
3097,97,97,97,593015078.75,265606305.58,44.79
3098,98,98,98,871832137.53,721008265.1,82.7
3099,99,99,99,992502571.91,613903424.54,61.85
3100,100,100,100,679498723.1,213472855.13,31.42
3101,101,101,101,687931720.5,452966148.68,65.84
3102,102,102,102,189218955.65,139286896.96,73.61
3103,103,103,103,468439769.62,428083311.89,91.38
3104,104,104,104,740452441.55,592156267.66,79.97
3105,105,105,105,349153731.74,180579224.96,51.72
3106,106,106,106,125664174.31,61689241.55,49.09
3107,107,107,107,30714362.56,25749171.52,83.83
3108,108,108,108,672041483.94,385360158.67,57.34
3109,109,109,109,42942507.47,38372840.25,89.36
3110,110,110,110,493367705.58,310346545.16,62.9
3111,111,111,111,883882806.03,722972700.47,81.8
3112,112,112,112,825755581.82,769165371.17,93.15
3113,113,113,113,722186584.26,255884051.62,35.43
3114,114,114,114,861153395.84,611813739.0,71.05
3115,115,115,115,750950683.23,383411314.66,51.06
3116,116,116,116,27984614.14,27634223.27,98.75
3117,117,117,117,476508592.7,260476761.93,54.66
3118,118,118,118,24531806.29,22522776.11,91.81
3119,119,119,119,559519270.28,559519270.28,100.0
3120,120,120,120,243808932.84,118006300.98,48.4
3121,121,121,121,446696528.36,194978385.7,43.65
3122,122,122,122,211979734.82,211979734.82,100.0
3123,123,123,123,821068787.0,683621056.06,83.26
3124,124,124,124,192477179.99,84481876.92,43.89
3125,125,125,125,333103992.3,182778502.94,54.87
3126,126,126,126,25024129.29,15721919.89,62.83
3127,127,127,127,316488016.93,292579631.0,92.45
3128,128,128,128,35973263.25,24256146.59,67.43
3129,129,129,129,455486724.02,437458166.2,96.04
3130,130,130,130,36688893.3,33122695.88,90.28
3131,131,131,131,394286269.37,166328442.46,42.18
3132,132,132,132,610476557.04,420604804.28,68.9
3133,133,133,133,910919148.87,674790589.13,74.08
3134,134,134,134,558123841.18,430538936.73,77.14
3135,135,135,135,519940217.71,490383684.36,94.32
3136,136,136,136,56739007.33,21365718.8,37.66
3137,137,137,137,380512737.51,332781946.55,87.46
3138,138,138,138,399660429.67,255247124.94,63.87
3139,139,139,139,330430389.52,330070991.75,99.89
3140,140,140,140,890330144.54,838376872.81,94.16
3141,141,141,141,401798052.32,131872075.47,32.82
3142,142,142,142,218819904.75,160862979.69,73.51
3143,143,143,143,787166279.77,750150226.74,95.3
3144,144,144,144,814399841.41,259838737.09,31.91
3145,145,145,145,351955465.56,319212206.94,90.7
3146,146,146,146,823156726.67,823156726.67,100.0
3147,147,147,147,708608098.67,259337065.69,36.6
3148,148,148,148,118906464.54,93264987.63,78.44
3149,149,149,149,374457033.09,119608545.08,31.94
3150,150,150,150,853558156.63,810092483.87,94.91
3151,151,151,151,379215950.28,266965565.69,70.4
3152,152,152,152,866427495.72,476260095.51,54.97
3153,153,153,153,451003165.64,226721844.64,50.27
3154,154,154,154,568974893.62,568974893.62,100.0
3155,155,155,155,395494840.39,367957054.41,93.04
3156,156,156,156,617236768.12,262087047.03,42.46
3157,157,157,157,528784818.21,203158092.76,38.42
3158,158,158,158,844076201.14,823932444.72,97.61
3159,159,159,159,967686178.44,582676758.76,60.21
3160,160,160,160,296302306.77,98411044.04,33.21
3161,161,161,161,162730436.91,117236817.3,72.04
3162,162,162,162,334257746.96,254169376.95,76.04
3163,163,163,163,715348188.34,466303728.87,65.19
3164,164,164,164,218638275.4,198704984.65,90.88
3165,165,165,165,328708323.24,116949193.62,35.58
3166,166,166,166,935623707.33,666633894.8,71.25
3167,167,167,167,755836016.26,755836016.26,100.0
3168,168,168,168,953999630.67,470296433.87,49.3
3169,169,169,169,95829030.74,44496238.3,46.43
3170,170,170,170,492515511.33,457024481.52,92.79
3171,171,171,171,905579150.38,677470892.96,74.81
3172,172,172,172,445052731.15,323007341.68,72.58
3173,173,173,173,692442467.48,692442467.48,100.0
3174,174,174,174,178557787.76,157003254.42,87.93
3175,175,175,175,254290538.86,199046087.19,78.28
3176,176,176,176,429265892.9,143535437.32,33.44
3177,177,177,177,320667685.23,306279425.9,95.51
3178,178,178,178,647437586.12,216184186.62,33.39
3179,179,179,179,828166175.76,828166175.76,100.0
3180,180,180,180,364512631.92,242144771.18,66.43
3181,181,181,181,765587908.17,648472576.84,84.7
3182,182,182,182,287359695.64,203574932.18,70.84
3183,183,183,183,409055382.7,409055382.7,100.0
3184,184,184,184,45210605.03,18014157.11,39.84
3185,185,185,185,153169531.14,68121604.43,44.47
3186,186,186,186,121310293.25,88849131.6,73.24
3187,187,187,187,581163740.09,215268852.25,37.04
3188,188,188,188,631373802.07,531741341.66,84.22
3189,189,189,189,64827844.5,30794916.14,47.5
3190,190,190,190,563007608.72,563007608.72,100.0
3191,191,191,191,755620833.99,557912280.44,73.83
3192,192,192,192,509084759.66,204072173.09,40.09
3193,193,193,193,467062662.95,396652329.93,84.92
3194,194,194,194,637942189.28,637942189.28,100.0
3195,195,195,195,388671810.87,236962084.63,60.97
3196,196,196,196,611479562.65,299469910.99,48.97
3197,197,197,197,925343139.55,327355343.68,35.38
3198,198,198,198,856342792.75,326678702.15,38.15
3199,199,199,199,740364574.47,311817014.9,42.12
3200,200,200,200,874806006.25,816890600.78,93.38
3201,201,201,201,306750575.56,94373977.54,30.77
3202,202,202,202,752951318.13,308343451.01,40.95
3203,203,203,203,298639635.78,222415144.19,74.48
3204,204,204,204,521184769.79,465396894.56,89.3
3205,205,205,205,492908815.27,345819138.91,70.16
3206,206,206,206,56962954.34,29928048.05,52.54
3207,207,207,207,574679223.18,429952604.36,74.82
3208,208,208,208,509854462.92,178032490.76,34.92
3209,209,209,209,523971164.52,300857787.96,57.42
3210,210,210,210,41530209.4,31391793.13,75.59
3211,211,211,211,380453451.99,371319094.9,97.6
3212,212,212,212,428940739.7,155487614.0,36.25
3213,213,213,213,738967468.97,445920762.98,60.34
3214,214,214,214,737133376.21,321642020.1,43.63
3215,215,215,215,387836027.63,353858550.71,91.24
3216,216,216,216,409631941.2,317439363.91,77.49
3217,217,217,217,713680909.3,232733995.48,32.61
3218,218,218,218,425399340.21,425399340.21,100.0
3219,219,219,219,610518122.15,348540085.95,57.09
3220,220,220,220,274688171.94,225193778.2,81.98
3221,221,221,221,63291468.51,54378012.52,85.92
3222,222,222,222,697342302.31,229710170.68,32.94
3223,223,223,223,672130187.23,617120048.94,91.82
3224,224,224,224,92532308.89,92299522.73,99.75
3225,225,225,225,34186987.96,34186987.96,100.0
3226,226,226,226,12428695.56,7594391.7,61.1
3227,227,227,227,138593060.37,77645242.19,56.02
3228,228,228,228,219821808.26,84763880.92,38.56
3229,229,229,229,858446415.42,691807061.59,80.59
3230,230,230,230,439011607.51,402169645.77,91.61
3231,231,231,231,655657047.01,460385544.17,70.22
3232,232,232,232,970049559.46,604141172.58,62.28
3233,233,233,233,447598349.6,371456915.01,82.99
3234,234,234,234,800964058.71,496623462.15,62.0
3235,235,235,235,392248003.29,199682032.21,50.91
3236,236,236,236,744053502.85,744053502.85,100.0
3237,237,237,237,271440179.09,167528240.71,61.72
3238,238,238,238,888948567.35,887523622.71,99.84
3239,239,239,239,61672901.43,34297322.69,55.61
3240,240,240,240,457791661.62,434088763.92,94.82
3241,241,241,241,988712900.56,796323659.27,80.54
3242,242,242,242,152295726.82,151848442.12,99.71
3243,243,243,243,110260090.72,57374367.82,52.04
3244,244,244,244,338567738.87,267520025.56,79.02
3245,245,245,245,144697644.28,56889080.26,39.32
3246,246,246,246,680986976.1,564305776.43,82.87
3247,247,247,247,618288064.43,561930636.32,90.88
3248,248,248,248,530898542.47,530898542.47,100.0
3249,249,249,249,970594738.21,479626817.71,49.42
3250,250,250,250,322808695.2,126540629.98,39.2
3251,1,1,1,449602654.86,172577462.84,38.38
3252,2,2,2,468684337.55,236876935.43,50.54
3253,3,3,3,708024994.26,708024994.26,100.0
3254,4,4,4,235083067.83,190327760.99,80.96
3255,5,5,5,757978224.27,427032906.82,56.34
3256,6,6,6,193460802.89,76751716.68,39.67
3257,7,7,7,977273619.92,927609652.61,94.92
3258,8,8,8,952906524.06,695457506.13,72.98
3259,9,9,9,405530451.93,385457294.37,95.05
3260,10,10,10,881052719.05,522628501.55,59.32
3261,11,11,11,400367771.52,221782110.75,55.39
3262,12,12,12,545791011.88,271258334.87,49.7
3263,13,13,13,750211437.06,750211437.06,100.0
3264,14,14,14,761019150.02,376802828.97,49.51
3265,15,15,15,887003550.62,887003550.62,100.0
3266,16,16,16,467150152.11,415891339.25,89.03
3267,17,17,17,597806699.66,310568450.03,51.95
3268,18,18,18,574189562.09,314390564.73,54.75
3269,19,19,19,510512519.5,364193697.84,71.34
3270,20,20,20,697725305.28,598254430.58,85.74
3271,21,21,21,266988562.63,235494240.6,88.2
3272,22,22,22,74644619.24,32818770.3,43.97
3273,23,23,23,523512497.65,225834790.7,43.14
3274,24,24,24,434082554.88,434082554.88,100.0
3275,25,25,25,531919688.46,531919688.46,100.0
3276,26,26,26,616771250.6,591017951.0,95.82
3277,27,27,27,371278458.5,302567942.24,81.49
3278,28,28,28,313903258.33,259529280.59,82.68
3279,29,29,29,678964766.36,404412852.95,59.56
3280,30,30,30,406479847.56,201872237.06,49.66
3281,31,31,31,834802980.18,681283342.88,81.61
3282,32,32,32,764651377.49,293901054.09,38.44
3283,33,33,33,902337302.7,376756404.85,41.75
3284,34,34,34,105221040.54,72545778.58,68.95
3285,35,35,35,169279383.52,81499702.95,48.15
3286,36,36,36,611783162.22,282508050.71,46.18
3287,37,37,37,711379884.13,578339815.72,81.3
3288,38,38,38,218834039.06,126558016.02,57.83
3289,39,39,39,34046932.79,12020325.46,35.31
3290,40,40,40,862955813.08,472270670.69,54.73
3291,41,41,41,780395964.09,462218787.45,59.23
3292,42,42,42,921939308.33,744950204.97,80.8
3293,43,43,43,296801489.26,267933547.22,90.27
3294,44,44,44,514659938.11,399296225.95,77.58
3295,45,45,45,729558324.78,583767671.75,80.02
3296,46,46,46,629588978.86,462201244.83,73.41
3297,47,47,47,22305197.13,10909424.4,48.91
3298,48,48,48,514764792.29,206031970.08,40.02
3299,49,49,49,982043410.74,982043410.74,100.0
3300,50,50,50,240011495.62,194059479.15,80.85
3301,51,51,51,461370953.87,416446367.46,90.26
3302,52,52,52,809438161.33,393986363.12,48.67
3303,53,53,53,273458575.7,131497704.35,48.09
3304,54,54,54,412621140.92,412621140.92,100.0
3305,55,55,55,693547807.15,311070799.7,44.85
3306,56,56,56,455393987.29,212327793.45,46.63
3307,57,57,57,954534176.69,292118973.87,30.6
3308,58,58,58,851693794.22,843871736.2,99.08
3309,59,59,59,297079412.01,236916950.49,79.75
3310,60,60,60,10551353.61,6391954.51,60.58
3311,61,61,61,540869517.56,253173569.59,46.81
3312,62,62,62,854727113.25,848556522.46,99.28
3313,63,63,63,910085638.43,728160437.4,80.01
3314,64,64,64,130802826.45,78722251.26,60.18
3315,65,65,65,892488056.43,892488056.43,100.0
3316,66,66,66,502700082.91,163853879.58,32.59
3317,67,67,67,979409618.09,302128912.79,30.85
3318,68,68,68,803694351.79,644359345.24,80.17
3319,69,69,69,174927425.9,56037147.99,32.03
3320,70,70,70,531716322.95,172381876.02,32.42
3321,71,71,71,882465010.19,416331640.28,47.18
3322,72,72,72,815324835.48,331477718.36,40.66
3323,73,73,73,968431620.57,963080598.38,99.45
3324,74,74,74,835867995.66,594451809.97,71.12
3325,75,75,75,991234673.49,635208242.12,64.08
3326,76,76,76,529372093.32,529372093.32,100.0
3327,77,77,77,600305237.55,482991967.37,80.46
3328,78,78,78,79152400.33,79087840.3,99.92
3329,79,79,79,400120837.83,227742837.65,56.92
3330,80,80,80,322353051.41,157696191.69,48.92
3331,81,81,81,917850808.52,917850808.52,100.0
3332,82,82,82,337913692.72,127448990.32,37.72
3333,83,83,83,887254603.31,291607739.59,32.87
3334,84,84,84,246806663.54,155672150.43,63.07
3335,85,85,85,586171583.4,369079779.88,62.96
3336,86,86,86,539299317.17,539299317.17,100.0
3337,87,87,87,107476718.59,74749423.48,69.55
3338,88,88,88,323974996.09,239729852.5,74.0
3339,89,89,89,985958315.67,509553386.13,51.68
3340,90,90,90,598534945.68,552624087.42,92.33
3341,91,91,91,828292270.57,345436193.52,41.7
3342,92,92,92,722287189.94,562426497.1,77.87
3343,93,93,93,901325814.98,456502557.26,50.65
3344,94,94,94,351039041.03,342428002.42,97.55
3345,95,95,95,228853699.2,130210321.11,56.9
3346,96,96,96,80787750.28,28211000.66,34.92
3347,97,97,97,843337159.2,670783090.07,79.54
3348,98,98,98,527594789.92,350261649.06,66.39
3349,99,99,99,722096032.49,583382486.59,80.79
3350,100,100,100,73437085.04,61039691.84,83.12
3351,101,101,101,848076505.23,581094583.05,68.52
3352,102,102,102,586868851.41,532610978.06,90.75
3353,103,103,103,126616279.14,83630992.67,66.05
3354,104,104,104,503502127.71,468166296.7,92.98
3355,105,105,105,601138290.31,186714881.29,31.06
3356,106,106,106,347347556.15,211284329.43,60.83
3357,107,107,107,714004997.21,223954751.61,31.37
3358,108,108,108,585520335.31,585520335.31,100.0
3359,109,109,109,842009681.33,557354103.89,66.19
3360,110,110,110,864848736.15,590044220.48,68.23
3361,111,111,111,71619950.83,49540650.67,69.17
3362,112,112,112,650015526.99,494862637.56,76.13
3363,113,113,113,725384973.22,725384973.22,100.0
3364,114,114,114,151196009.4,80606889.85,53.31
3365,115,115,115,884613946.06,443611793.85,50.15
3366,116,116,116,857909462.54,296595424.47,34.57
3367,117,117,117,148097443.2,72180054.42,48.74
3368,118,118,118,884449658.31,550992553.77,62.3
3369,119,119,119,650176266.25,438285803.65,67.41
3370,120,120,120,788915493.8,729726465.49,92.5
3371,121,121,121,800565395.34,634496862.22,79.26
3372,122,122,122,170213714.41,170213714.41,100.0
3373,123,123,123,72045659.7,71747825.47,99.59
3374,124,124,124,640618126.51,566765085.15,88.47
3375,125,125,125,343876346.65,325963102.92,94.79
3376,126,126,126,267854537.79,267854537.79,100.0
3377,127,127,127,138566626.01,47628484.82,34.37
3378,128,128,128,860783412.66,836709043.46,97.2
3379,129,129,129,575717833.12,188808324.38,32.8
3380,130,130,130,838342810.62,455885540.36,54.38
3381,131,131,131,561183459.47,197666489.71,35.22
3382,132,132,132,58027899.4,24378422.41,42.01
3383,133,133,133,227316117.96,84813902.52,37.31
3384,134,134,134,819030880.27,365372290.43,44.61
3385,135,135,135,199346948.8,62154251.38,31.18
3386,136,136,136,913189045.49,788053433.17,86.3
3387,137,137,137,326555360.98,297107694.61,90.98
3388,138,138,138,428152043.62,156504599.06,36.55
3389,139,139,139,665440371.09,530406927.51,79.71
3390,140,140,140,802058241.17,802058241.17,100.0
3391,141,141,141,767934435.35,561990114.32,73.18
3392,142,142,142,818221173.48,350949520.77,42.89
3393,143,143,143,514531679.57,274717581.19,53.39
3394,144,144,144,328677735.61,305000002.21,92.8
3395,145,145,145,222773160.87,187977492.68,84.38
3396,146,146,146,959614157.68,515993777.91,53.77
3397,147,147,147,577982174.49,221174175.02,38.27
3398,148,148,148,969278335.17,969278335.17,100.0
3399,149,149,149,498439292.92,163726089.67,32.85
3400,150,150,150,381397554.23,381397554.23,100.0
3401,151,151,151,615217371.97,554390063.71,90.11
3402,152,152,152,993176001.37,993176001.37,100.0
3403,153,153,153,866066729.02,302505455.72,34.93
3404,154,154,154,415460908.99,415460908.99,100.0
3405,155,155,155,52567444.81,21559134.42,41.01
3406,156,156,156,414605379.98,412526203.94,99.5
3407,157,157,157,761092218.3,353532479.46,46.45
3408,158,158,158,11705687.44,7419610.64,63.38
3409,159,159,159,834340980.59,411070281.74,49.27
3410,160,160,160,267729456.82,103466573.22,38.65
3411,161,161,161,372488637.3,138287887.03,37.13
3412,162,162,162,921476541.06,630096031.26,68.38
3413,163,163,163,380385131.66,216993346.33,57.05
3414,164,164,164,483406801.15,483406801.15,100.0
3415,165,165,165,449464158.7,406270316.84,90.39
3416,166,166,166,369283099.15,160314974.86,43.41
3417,167,167,167,90654308.14,74758520.28,82.47
3418,168,168,168,429629200.87,245461568.98,57.13
3419,169,169,169,498216441.74,393796413.07,79.04
3420,170,170,170,226122939.25,82422430.53,36.45
3421,171,171,171,827394890.72,742833145.41,89.78
3422,172,172,172,499630782.47,437656575.11,87.6
3423,173,173,173,246182867.61,237760399.38,96.58
3424,174,174,174,109360333.41,50535620.26,46.21
3425,175,175,175,582048697.8,363185452.67,62.4
3426,176,176,176,483781309.25,483781309.25,100.0
3427,177,177,177,718072326.24,614545997.84,85.58
3428,178,178,178,988447670.03,756096991.99,76.49
3429,179,179,179,208428632.73,109637561.93,52.6
3430,180,180,180,735829446.84,394912573.05,53.67
3431,181,181,181,437195081.6,437195081.6,100.0
3432,182,182,182,401359153.65,313965994.18,78.23
3433,183,183,183,296078590.88,231125470.28,78.06
3434,184,184,184,363976705.48,284510857.38,78.17
3435,185,185,185,126674988.2,126674988.2,100.0
3436,186,186,186,460839283.89,342743661.43,74.37
3437,187,187,187,591700262.03,277108428.55,46.83
3438,188,188,188,286747051.59,223691600.6,78.01
3439,189,189,189,459135419.33,319101583.79,69.5
3440,190,190,190,477318268.68,371028943.94,77.73
3441,191,191,191,663003522.31,663003522.31,100.0
3442,192,192,192,587692840.39,551035283.26,93.76
3443,193,193,193,944050734.04,774997684.96,82.09
3444,194,194,194,530800570.24,433171984.74,81.61
3445,195,195,195,611274115.77,611274115.77,100.0
3446,196,196,196,535294531.4,402272433.39,75.15
3447,197,197,197,351649754.79,114677842.44,32.61
3448,198,198,198,170576793.11,74855962.88,43.88
3449,199,199,199,26221437.55,8763495.71,33.42
3450,200,200,200,229836922.97,229836922.97,100.0
3451,201,201,201,562720721.05,425826110.52,75.67
3452,202,202,202,37183875.24,24682103.03,66.38
3453,203,203,203,324687811.13,324687811.13,100.0
3454,204,204,204,50583713.44,21607248.7,42.72
3455,205,205,205,689702592.7,641734190.43,93.05
3456,206,206,206,518324291.36,326502774.22,62.99
3457,207,207,207,893386494.97,616834385.61,69.04
3458,208,208,208,633319632.69,303377423.22,47.9
3459,209,209,209,706945138.58,375960781.59,53.18
3460,210,210,210,883404946.22,631513868.74,71.49
3461,211,211,211,897653975.29,560511448.63,62.44
3462,212,212,212,375030387.71,251813200.23,67.14
3463,213,213,213,588994079.86,588994079.86,100.0
3464,214,214,214,409510495.14,244415887.05,59.68
3465,215,215,215,570732350.17,348526229.26,61.07
3466,216,216,216,941783449.75,369223210.4,39.2
3467,217,217,217,993230197.18,993230197.18,100.0
3468,218,218,218,477004693.47,326370963.33,68.42
3469,219,219,219,73905698.94,70731780.78,95.71
3470,220,220,220,960341732.87,748813203.23,77.97
3471,221,221,221,127312587.08,40149992.03,31.54
3472,222,222,222,34148455.88,26410303.2,77.34
3473,223,223,223,701638140.33,588347979.93,83.85
3474,224,224,224,850586895.49,758130519.15,89.13
3475,225,225,225,621482722.04,389938917.45,62.74
3476,226,226,226,597736782.04,320778449.36,53.67
3477,227,227,227,335311053.82,335311053.82,100.0
3478,228,228,228,629458252.58,629458252.58,100.0
3479,229,229,229,826414859.28,270959594.18,32.79
3480,230,230,230,333577148.72,317240163.98,95.1
3481,231,231,231,466210963.28,350705237.56,75.22
3482,232,232,232,645792886.56,331238388.08,51.29
3483,233,233,233,783806645.24,664218498.16,84.74
3484,234,234,234,641244551.4,427655709.74,66.69
3485,235,235,235,165640951.64,157934379.63,95.35
3486,236,236,236,534524589.04,405557551.17,75.87
3487,237,237,237,441023658.77,205982378.1,46.71
3488,238,238,238,649080378.14,525872718.01,81.02
3489,239,239,239,649528152.11,547118894.81,84.23
3490,240,240,240,106442710.13,87595418.67,82.29
3491,241,241,241,147270217.54,141805172.69,96.29
3492,242,242,242,96641417.48,95533425.91,98.85
3493,243,243,243,104941353.94,50207280.33,47.84
3494,244,244,244,529063360.41,457623870.41,86.5
3495,245,245,245,12703449.07,12703449.07,100.0
3496,246,246,246,784947395.99,258706584.35,32.96
3497,247,247,247,572967048.32,217123427.6,37.89
3498,248,248,248,723819561.43,219507606.53,30.33
3499,249,249,249,485788461.29,408223291.63,84.03
3500,250,250,250,907622557.55,736948487.42,81.2
3501,1,1,1,824594550.12,824594550.12,100.0
3502,2,2,2,503357957.28,322310714.25,64.03
3503,3,3,3,251759735.51,85467445.85,33.95
3504,4,4,4,135227044.54,113314994.96,83.8
3505,5,5,5,844645720.8,792151036.9,93.79
3506,6,6,6,680104411.56,680104411.56,100.0
3507,7,7,7,272520082.33,130646157.89,47.94
3508,8,8,8,728839191.61,437223655.57,59.99
3509,9,9,9,314897140.05,287167376.85,91.19
3510,10,10,10,262227358.83,197343790.29,75.26
3511,11,11,11,741791939.18,463790520.55,62.52
3512,12,12,12,742142295.87,300272244.59,40.46
3513,13,13,13,825631200.66,587089485.68,71.11
3514,14,14,14,851279713.41,821278177.56,96.48
3515,15,15,15,551289918.49,461173367.34,83.65
3516,16,16,16,265388822.77,239662701.85,90.31
3517,17,17,17,609468940.02,252800966.94,41.48
3518,18,18,18,305933228.06,263297847.6,86.06
3519,19,19,19,794958237.02,264956206.82,33.33
3520,20,20,20,127737690.46,89952609.03,70.42
3521,21,21,21,333116245.77,274882302.44,82.52
3522,22,22,22,47621283.08,17174332.47,36.06
3523,23,23,23,450996488.86,192212455.99,42.62
3524,24,24,24,148647624.86,104903656.6,70.57
3525,25,25,25,972947431.65,675686511.66,69.45
3526,26,26,26,362181761.22,290635061.46,80.25
3527,27,27,27,791971022.65,791971022.65,100.0
3528,28,28,28,830392172.72,343697608.21,41.39
3529,29,29,29,101112930.57,95785112.06,94.73
3530,30,30,30,671947702.84,248454358.71,36.98
3531,31,31,31,350814680.92,152022313.11,43.33
3532,32,32,32,305118639.83,160485554.26,52.6
3533,33,33,33,756856508.06,577608648.25,76.32
3534,34,34,34,261724480.32,261724480.32,100.0
3535,35,35,35,316744682.76,316744682.76,100.0
3536,36,36,36,759202284.79,358471071.02,47.22
3537,37,37,37,356057770.87,265051389.63,74.44
3538,38,38,38,398516643.48,324754037.37,81.49
3539,39,39,39,743561330.7,547932264.16,73.69
3540,40,40,40,147080804.31,85938216.45,58.43
3541,41,41,41,695944247.8,436610054.84,62.74
3542,42,42,42,329911462.09,194816631.37,59.05
3543,43,43,43,845663991.24,728819495.05,86.18
3544,44,44,44,622168836.43,292495657.85,47.01
3545,45,45,45,17597500.99,8479442.43,48.19
3546,46,46,46,140862525.45,108965101.3,77.36
3547,47,47,47,753005453.81,753005453.81,100.0
3548,48,48,48,227596544.25,219283733.25,96.35
3549,49,49,49,26878062.89,25240521.17,93.91
3550,50,50,50,741048867.57,477484007.17,64.43
3551,51,51,51,675851483.99,260844293.5,38.59
3552,52,52,52,231036733.72,188831487.42,81.73
3553,53,53,53,629642501.58,601590717.45,95.54
3554,54,54,54,630916113.23,630916113.23,100.0
3555,55,55,55,939991267.73,874173644.99,93.0
3556,56,56,56,106765112.75,46324049.69,43.39
3557,57,57,57,179725631.11,171887392.31,95.64
3558,58,58,58,309122813.87,233482590.07,75.53
3559,59,59,59,768772795.01,298948859.58,38.89
3560,60,60,60,477170029.84,371452053.08,77.84
3561,61,61,61,374506194.5,320653586.23,85.62
3562,62,62,62,387526043.7,351150090.97,90.61
3563,63,63,63,512987514.02,387804063.04,75.6
3564,64,64,64,331663011.26,266116715.39,80.24
3565,65,65,65,684912710.53,684912710.53,100.0
3566,66,66,66,34881155.45,22853371.5,65.52
3567,67,67,67,601823098.53,379009336.65,62.98
3568,68,68,68,366847522.97,140898097.44,38.41
3569,69,69,69,484110369.61,484110369.61,100.0
3570,70,70,70,755474398.31,320985817.77,42.49
3571,71,71,71,45135217.03,27749548.45,61.48
3572,72,72,72,224408390.55,224408390.55,100.0
3573,73,73,73,516328611.58,516328611.58,100.0
3574,74,74,74,621103518.87,283778075.99,45.69
3575,75,75,75,193295411.16,70324020.71,36.38
3576,76,76,76,203114905.25,112805704.75,55.54
3577,77,77,77,627565716.65,606257883.91,96.6
3578,78,78,78,726529847.07,376010936.18,51.75
3579,79,79,79,455408661.8,235598585.11,51.73
3580,80,80,80,451450953.38,245720435.72,54.43
3581,81,81,81,406164495.05,349596844.82,86.07
3582,82,82,82,259920700.29,152861043.95,58.81
3583,83,83,83,985733833.62,928353944.3,94.18
3584,84,84,84,629606936.35,265456205.57,42.16
3585,85,85,85,362698046.51,212286093.83,58.53
3586,86,86,86,263254556.9,260780863.03,99.06
3587,87,87,87,258884687.91,161331540.21,62.32
3588,88,88,88,324278157.09,291362695.04,89.85
3589,89,89,89,559142733.37,536080712.98,95.88
3590,90,90,90,585858652.86,462909097.67,79.01
3591,91,91,91,665094807.03,486430029.16,73.14
3592,92,92,92,33491325.23,26633146.35,79.52
3593,93,93,93,581051812.38,512124594.2,88.14
3594,94,94,94,585654027.44,585654027.44,100.0
3595,95,95,95,920073066.83,413165597.84,44.91
3596,96,96,96,239230277.32,221174469.46,92.45
3597,97,97,97,52872296.24,35209289.53,66.59
3598,98,98,98,946284085.08,946284085.08,100.0
3599,99,99,99,567702761.28,214538088.36,37.79
3600,100,100,100,112987383.95,74026009.31,65.52
3601,101,101,101,332916136.86,163724831.99,49.18
3602,102,102,102,397580398.86,120339753.21,30.27
3603,103,103,103,770295987.73,238890391.51,31.01
3604,104,104,104,271679660.35,136468290.03,50.23
3605,105,105,105,950220831.36,950220831.36,100.0
3606,106,106,106,576630418.69,495640294.83,85.95
3607,107,107,107,104264095.93,54335198.81,52.11
3608,108,108,108,512456989.08,365099852.63,71.24
3609,109,109,109,587908820.78,587908820.78,100.0
3610,110,110,110,959162031.27,940663228.06,98.07
3611,111,111,111,912995103.95,390453673.49,42.77
3612,112,112,112,941178630.22,372147987.97,39.54
3613,113,113,113,650547292.38,548480511.62,84.31
3614,114,114,114,646350914.55,271233430.3,41.96
3615,115,115,115,687779237.59,603873443.64,87.8
3616,116,116,116,58487347.71,27111686.97,46.35
3617,117,117,117,271751401.51,200356860.68,73.73
3618,118,118,118,262105449.89,169454417.23,64.65
3619,119,119,119,783349928.51,775051937.61,98.94
3620,120,120,120,178866565.47,132754502.83,74.22
3621,121,121,121,746333109.61,593737196.48,79.55
3622,122,122,122,423763404.24,383542932.9,90.51
3623,123,123,123,278226153.11,197497118.73,70.98
3624,124,124,124,904824538.23,598651489.09,66.16
3625,125,125,125,309134231.42,309134231.42,100.0
3626,126,126,126,775719834.02,567369770.72,73.14
3627,127,127,127,760695624.07,392480852.95,51.59
3628,128,128,128,382708610.71,282162732.91,73.73
3629,129,129,129,332658412.15,114944371.2,34.55
3630,130,130,130,13476010.83,5367751.19,39.83
3631,131,131,131,468449666.65,313200727.73,66.86
3632,132,132,132,185858338.56,128073750.25,68.91
3633,133,133,133,20783721.42,18609831.39,89.54
3634,134,134,134,619638991.86,431941610.1,69.71
3635,135,135,135,134310331.16,123072723.06,91.63
3636,136,136,136,313183540.34,134240010.16,42.86
3637,137,137,137,717256175.42,683421727.94,95.28
3638,138,138,138,747588197.68,229280632.78,30.67
3639,139,139,139,952455828.4,503508647.59,52.86
3640,140,140,140,909036630.1,739837571.43,81.39
3641,141,141,141,519991223.94,519991223.94,100.0
3642,142,142,142,946065447.83,761830085.12,80.53
3643,143,143,143,348892979.4,348892979.4,100.0
3644,144,144,144,555028841.59,250660318.21,45.16
3645,145,145,145,548780482.22,184214892.08,33.57
3646,146,146,146,32049674.97,22728628.41,70.92
3647,147,147,147,45039426.81,19849026.37,44.07
3648,148,148,148,245680898.82,206785469.12,84.17
3649,149,149,149,931978799.3,640652151.81,68.74
3650,150,150,150,905232559.67,840145663.43,92.81
3651,151,151,151,640219335.84,617868418.2,96.51
3652,152,152,152,75894144.94,27786230.13,36.61
3653,153,153,153,953000818.44,714723952.61,75.0
3654,154,154,154,75412993.54,61431823.78,81.46
3655,155,155,155,510640023.77,459207943.71,89.93
3656,156,156,156,624254514.37,300520748.72,48.14
3657,157,157,157,712626478.32,292775403.47,41.08
3658,158,158,158,926259607.68,482951817.97,52.14
3659,159,159,159,350172080.25,325982527.91,93.09
3660,160,160,160,380346587.87,152242819.92,40.03
3661,161,161,161,548036919.76,411520983.03,75.09
3662,162,162,162,256924266.53,138671226.68,53.97
3663,163,163,163,552449324.66,476931918.73,86.33
3664,164,164,164,354476270.98,223862045.27,63.15
3665,165,165,165,930004482.45,717398376.37,77.14
3666,166,166,166,314905435.26,247488645.74,78.59
3667,167,167,167,637649575.29,391204762.45,61.35
3668,168,168,168,391652409.64,295058968.4,75.34
3669,169,169,169,986038340.08,708051034.25,71.81
3670,170,170,170,892853757.24,721285749.92,80.78
3671,171,171,171,324838656.92,236064301.84,72.67
3672,172,172,172,15584533.64,11194165.02,71.83
3673,173,173,173,303257728.42,152366725.39,50.24
3674,174,174,174,498705957.69,368361955.15,73.86
3675,175,175,175,342952497.22,342952497.22,100.0
3676,176,176,176,661986607.91,441141473.26,66.64
3677,177,177,177,338338526.57,126159331.82,37.29
3678,178,178,178,334961852.17,212575412.83,63.46
3679,179,179,179,896945777.03,656025269.85,73.14
3680,180,180,180,297870612.28,280481575.49,94.16
3681,181,181,181,596234172.23,494585989.47,82.95
3682,182,182,182,525195986.63,171705686.62,32.69
3683,183,183,183,266338156.53,251515888.03,94.43
3684,184,184,184,158304495.15,48916875.84,30.9
3685,185,185,185,360724877.54,360724877.54,100.0
3686,186,186,186,325631065.81,231056718.58,70.96
3687,187,187,187,365979336.81,303360756.2,82.89
3688,188,188,188,814668968.74,704810159.33,86.51
3689,189,189,189,538253704.29,517732886.3,96.19
3690,190,190,190,974082389.6,583023218.09,59.85
3691,191,191,191,309279280.21,309279280.21,100.0
3692,192,192,192,255603119.4,241074666.23,94.32
3693,193,193,193,53447207.49,53447207.49,100.0
3694,194,194,194,864116347.31,442713039.65,51.23
3695,195,195,195,483111279.26,195389106.45,40.44
3696,196,196,196,302777802.61,238876811.22,78.9
3697,197,197,197,37641405.46,36356841.51,96.59
3698,198,198,198,626674777.01,610138117.72,97.36
3699,199,199,199,305439418.77,161360252.52,52.83
3700,200,200,200,654664375.26,654664375.26,100.0
3701,201,201,201,120849804.01,96740681.25,80.05
3702,202,202,202,522794510.74,394590846.54,75.48
3703,203,203,203,145603152.03,100880311.76,69.28
3704,204,204,204,657589457.01,520830760.99,79.2
3705,205,205,205,739000369.27,582962385.25,78.89
3706,206,206,206,803326632.65,356225407.37,44.34
3707,207,207,207,795340473.24,345631720.64,43.46
3708,208,208,208,879074265.9,356791594.23,40.59
3709,209,209,209,863113038.07,265850352.51,30.8
3710,210,210,210,812035505.65,812035505.65,100.0
3711,211,211,211,256980901.18,198743167.34,77.34
3712,212,212,212,876789676.75,876789676.75,100.0
3713,213,213,213,490889434.07,265814089.86,54.15
3714,214,214,214,143862334.97,64137235.43,44.58
3715,215,215,215,811549278.24,550240793.77,67.8
3716,216,216,216,812394185.32,728152506.14,89.63
3717,217,217,217,443976285.07,366135709.84,82.47
3718,218,218,218,716443095.3,496387382.51,69.28
3719,219,219,219,116835025.42,95860653.86,82.05
3720,220,220,220,130383863.64,41808450.84,32.07
3721,221,221,221,404331424.69,196063638.83,48.49
3722,222,222,222,244327994.99,77619675.26,31.77
3723,223,223,223,866508481.07,719260967.67,83.01
3724,224,224,224,865916601.95,532908519.67,61.54
3725,225,225,225,148544828.84,91928221.11,61.89
3726,226,226,226,317864734.46,257609484.86,81.04
3727,227,227,227,456061952.76,456061952.76,100.0
3728,228,228,228,132072416.95,101947523.51,77.19
3729,229,229,229,128223850.36,127108292.08,99.13
3730,230,230,230,479920287.5,310777943.91,64.76
3731,231,231,231,611053543.01,611053543.01,100.0
3732,232,232,232,176936274.07,114616531.44,64.78
3733,233,233,233,161862652.77,132407882.35,81.8
3734,234,234,234,702662974.64,702662974.64,100.0
3735,235,235,235,917477125.9,592979489.12,64.63
3736,236,236,236,11235402.69,6192555.97,55.12
3737,237,237,237,767483684.05,604811572.79,78.8
3738,238,238,238,20888366.97,8229622.23,39.4
3739,239,239,239,941530008.09,318633126.9,33.84
3740,240,240,240,353807978.02,192916522.99,54.53
3741,241,241,241,771767864.59,545929926.88,70.74
3742,242,242,242,527323971.17,527323971.17,100.0
3743,243,243,243,374626703.59,210603224.67,56.22
3744,244,244,244,392596243.33,219182348.19,55.83
3745,245,245,245,688645940.26,506905507.79,73.61
3746,246,246,246,884142243.68,865382181.6,97.88
3747,247,247,247,810129711.02,810129711.02,100.0
3748,248,248,248,351196224.86,351196224.86,100.0
3749,249,249,249,764738938.13,764738938.13,100.0
3750,250,250,250,177723004.13,122702133.9,69.04
3751,1,1,1,10904597.04,10904597.04,100.0
3752,2,2,2,692251028.3,318668081.39,46.03
3753,3,3,3,93326580.13,91094104.4,97.61
3754,4,4,4,409685685.82,325575508.52,79.47
3755,5,5,5,820766806.52,256843316.78,31.29
3756,6,6,6,390746892.6,223276721.62,57.14
3757,7,7,7,62261446.78,37472145.42,60.19
3758,8,8,8,27768064.65,24774962.59,89.22
3759,9,9,9,908059065.88,575605674.24,63.39
3760,10,10,10,821288348.07,786108867.57,95.72
3761,11,11,11,657446209.33,657446209.33,100.0
3762,12,12,12,18392324.72,5675020.4,30.86
3763,13,13,13,766593279.41,766593279.41,100.0
3764,14,14,14,438009102.33,242160852.48,55.29
3765,15,15,15,92193908.3,46180216.53,50.09
3766,16,16,16,758009626.81,721456846.42,95.18
3767,17,17,17,696685247.61,585515029.14,84.04
3768,18,18,18,220445041.9,119447851.17,54.18
3769,19,19,19,331406961.54,225562725.47,68.06
3770,20,20,20,962171148.25,826944343.25,85.95
3771,21,21,21,125101123.91,77201518.14,61.71
3772,22,22,22,817555648.91,766693895.78,93.78
3773,23,23,23,654193860.43,516944480.0,79.02
3774,24,24,24,232227371.94,232227371.94,100.0
3775,25,25,25,573588072.48,225090182.64,39.24
3776,26,26,26,580015481.93,259258311.91,44.7
3777,27,27,27,56550857.13,48578857.48,85.9
3778,28,28,28,691685942.8,395821413.17,57.23
3779,29,29,29,60459557.86,60459557.86,100.0
3780,30,30,30,565555287.53,552139131.8,97.63
3781,31,31,31,53313516.92,35128720.2,65.89
3782,32,32,32,789184121.41,789184121.41,100.0
3783,33,33,33,968389331.22,968389331.22,100.0
3784,34,34,34,77282416.91,36766372.5,47.57
3785,35,35,35,879802208.65,799714093.54,90.9
3786,36,36,36,786266275.0,472112788.74,60.04
3787,37,37,37,416513911.47,196107073.57,47.08
3788,38,38,38,181326142.68,79265997.12,43.71
3789,39,39,39,744558855.32,679098178.78,91.21
3790,40,40,40,737570823.5,620042059.21,84.07
3791,41,41,41,667073351.95,628798388.53,94.26
3792,42,42,42,318900726.49,107405910.43,33.68
3793,43,43,43,459869690.31,275561368.14,59.92
3794,44,44,44,22189624.88,17869779.92,80.53
3795,45,45,45,344544738.66,298180558.16,86.54
3796,46,46,46,492627585.48,311235325.47,63.18
3797,47,47,47,265114817.77,205060598.46,77.35
3798,48,48,48,567791462.52,223809098.7,39.42
3799,49,49,49,275036315.9,123995389.59,45.08
3800,50,50,50,651599890.53,305322149.23,46.86
3801,51,51,51,583537586.99,421611137.36,72.25
3802,52,52,52,865326149.71,547025381.17,63.22
3803,53,53,53,202420506.56,144101970.71,71.19
3804,54,54,54,761742760.15,355462870.45,46.66
3805,55,55,55,875349433.83,715535440.66,81.74
3806,56,56,56,51656807.52,23363019.39,45.23
3807,57,57,57,423139532.46,423139532.46,100.0
3808,58,58,58,354046723.64,155181883.04,43.83
3809,59,59,59,32357351.43,32357351.43,100.0
3810,60,60,60,775094299.55,273149016.03,35.24
3811,61,61,61,879710099.52,472233713.24,53.68
3812,62,62,62,768191897.02,545299209.32,70.98
3813,63,63,63,727370557.17,380420186.58,52.3
3814,64,64,64,360611750.04,197331284.58,54.72
3815,65,65,65,252428642.15,114284675.79,45.27
3816,66,66,66,502068683.59,368541983.79,73.4
3817,67,67,67,109620201.0,109620201.0,100.0
3818,68,68,68,642770922.92,459232559.89,71.45
3819,69,69,69,613939145.7,613939145.7,100.0
3820,70,70,70,903148312.19,571178886.2,63.24
3821,71,71,71,907152550.63,594297368.31,65.51
3822,72,72,72,966458297.03,585878827.4,60.62
3823,73,73,73,77495153.09,27141358.03,35.02
3824,74,74,74,727725579.17,345257301.09,47.44
3825,75,75,75,320239946.19,111235926.8,34.74
3826,76,76,76,733326951.87,367437570.33,50.11
3827,77,77,77,564537033.69,496436955.27,87.94
3828,78,78,78,982290701.79,781105856.93,79.52
3829,79,79,79,477483454.07,380549435.06,79.7
3830,80,80,80,127530194.12,82310402.5,64.54
3831,81,81,81,631786567.04,510565201.49,80.81
3832,82,82,82,446205914.97,382591342.42,85.74
3833,83,83,83,338370566.23,185573768.94,54.84
3834,84,84,84,608612985.62,608099450.14,99.92
3835,85,85,85,849790122.25,741234123.1,87.23
3836,86,86,86,250137069.22,162905723.57,65.13
3837,87,87,87,677961898.36,647389573.06,95.49
3838,88,88,88,737862650.82,628732142.14,85.21
3839,89,89,89,963088708.12,616668435.72,64.03
3840,90,90,90,224595547.1,207783139.88,92.51
3841,91,91,91,518909942.83,518909942.83,100.0
3842,92,92,92,703474387.38,703474387.38,100.0
3843,93,93,93,58508199.1,35080312.19,59.96
3844,94,94,94,871342870.29,292257426.11,33.54
3845,95,95,95,347652068.34,136656886.9,39.31
3846,96,96,96,678997393.13,678997393.13,100.0
3847,97,97,97,410155423.02,203359942.06,49.58
3848,98,98,98,898838092.06,893273257.0,99.38
3849,99,99,99,809009805.04,759430117.95,93.87
3850,100,100,100,472702593.1,273973550.88,57.96
3851,101,101,101,949071588.2,543789141.01,57.3
3852,102,102,102,771400777.13,368197622.37,47.73
3853,103,103,103,438518397.71,353698606.78,80.66
3854,104,104,104,888018891.7,625384769.37,70.42
3855,105,105,105,533912272.02,488122247.03,91.42
3856,106,106,106,563618550.88,179852798.98,31.91
3857,107,107,107,118617841.0,118617841.0,100.0
3858,108,108,108,894517748.08,331457720.16,37.05
3859,109,109,109,398102383.62,153322240.63,38.51
3860,110,110,110,485508823.5,363132294.34,74.79
3861,111,111,111,987884210.22,634762065.05,64.25
3862,112,112,112,827499421.18,529187017.03,63.95
3863,113,113,113,124023383.14,57291387.26,46.19
3864,114,114,114,775651975.53,741410258.85,95.59
3865,115,115,115,243190680.51,137574332.54,56.57
3866,116,116,116,174028178.88,71990025.07,41.37
3867,117,117,117,822256668.79,437833139.99,53.25
3868,118,118,118,541946912.81,344742191.53,63.61
3869,119,119,119,477158443.08,477158443.08,100.0
3870,120,120,120,117198762.7,113898722.83,97.18
3871,121,121,121,103340179.53,85662831.09,82.89
3872,122,122,122,406629133.5,406629133.5,100.0
3873,123,123,123,941422741.88,752221648.04,79.9
3874,124,124,124,227441541.22,204929662.23,90.1
3875,125,125,125,723599002.56,424182987.68,58.62
3876,126,126,126,539699274.63,294806438.15,54.62
3877,127,127,127,556547591.18,439850126.91,79.03
3878,128,128,128,951642511.15,935368733.32,98.29
3879,129,129,129,861348712.66,478233994.69,55.52
3880,130,130,130,850887905.85,611594855.14,71.88
3881,131,131,131,61407516.87,19457171.0,31.69
3882,132,132,132,988354010.93,988354010.93,100.0
3883,133,133,133,944700219.4,944700219.4,100.0
3884,134,134,134,117657672.9,75651745.71,64.3
3885,135,135,135,554990594.68,440719542.1,79.41
3886,136,136,136,36177072.34,19329212.73,53.43
3887,137,137,137,115539920.5,115539920.5,100.0
3888,138,138,138,868418632.4,339625611.4,39.11
3889,139,139,139,52610596.05,27871598.06,52.98
3890,140,140,140,265994167.42,192260775.58,72.28
3891,141,141,141,496716983.35,181285393.04,36.5
3892,142,142,142,268594029.17,206955704.85,77.05
3893,143,143,143,934374166.57,847048467.02,90.65
3894,144,144,144,331128760.72,135356453.87,40.88
3895,145,145,145,717569861.16,541632153.62,75.48
3896,146,146,146,775515971.04,315901543.71,40.73
3897,147,147,147,58348045.05,25004574.98,42.85
3898,148,148,148,391105592.97,238253377.68,60.92
3899,149,149,149,204703024.62,171315396.45,83.69
3900,150,150,150,263983216.22,82671836.08,31.32
3901,151,151,151,416938320.32,335773040.12,80.53
3902,152,152,152,65100926.36,31426253.33,48.27
3903,153,153,153,615885732.33,615885732.33,100.0
3904,154,154,154,199720636.9,127131880.52,63.65
3905,155,155,155,93840734.55,72473995.54,77.23
3906,156,156,156,451563055.61,408371265.27,90.44
3907,157,157,157,347078543.37,146551509.95,42.22
3908,158,158,158,975227944.59,975227944.59,100.0
3909,159,159,159,802898151.85,654519799.09,81.52
3910,160,160,160,277689059.31,270608942.69,97.45
3911,161,161,161,595625999.9,394633789.09,66.26
3912,162,162,162,539302786.28,238861629.19,44.29
3913,163,163,163,192887840.36,121380442.65,62.93
3914,164,164,164,766996139.1,421723320.74,54.98
3915,165,165,165,703746060.2,314419265.86,44.68
3916,166,166,166,136699678.23,136699678.23,100.0
3917,167,167,167,727561546.32,607912975.69,83.55
3918,168,168,168,632369334.37,602821198.8,95.33
3919,169,169,169,19692479.69,19692479.69,100.0
3920,170,170,170,61095769.5,61095769.5,100.0
3921,171,171,171,551800487.13,263343750.87,47.72
3922,172,172,172,99827086.27,32992378.18,33.05
3923,173,173,173,610916191.37,606698177.87,99.31
3924,174,174,174,181126216.31,127838587.42,70.58
3925,175,175,175,690059532.92,367171543.8,53.21
3926,176,176,176,376131556.97,351134502.73,93.35
3927,177,177,177,744060845.6,408674834.42,54.92
3928,178,178,178,199659652.78,151848979.1,76.05
3929,179,179,179,656944296.31,595076959.16,90.58
3930,180,180,180,972829049.59,382526059.54,39.32
3931,181,181,181,493960985.91,197569358.37,40.0
3932,182,182,182,286374734.98,95359412.51,33.3
3933,183,183,183,321699777.61,194458523.7,60.45
3934,184,184,184,198073726.26,198073726.26,100.0
3935,185,185,185,577444777.52,577444777.52,100.0
3936,186,186,186,518028964.53,518028964.53,100.0
3937,187,187,187,554401297.96,554401297.96,100.0
3938,188,188,188,686508455.27,375382237.74,54.68
3939,189,189,189,27730477.92,25210331.91,90.91
3940,190,190,190,134637594.33,134637594.33,100.0
3941,191,191,191,221226533.46,145726461.4,65.87
3942,192,192,192,16797276.44,16797276.44,100.0
3943,193,193,193,193654657.0,153374260.95,79.2
3944,194,194,194,847014380.04,727179344.96,85.85
3945,195,195,195,653456157.79,529380605.69,81.01
3946,196,196,196,169518509.96,151298869.01,89.25
3947,197,197,197,45303607.23,43880258.28,96.86
3948,198,198,198,256843746.67,256843746.67,100.0
3949,199,199,199,716255907.13,529930851.95,73.99
3950,200,200,200,451536840.22,245373891.54,54.34
3951,201,201,201,540145588.51,504055340.45,93.32
3952,202,202,202,540243513.36,540243513.36,100.0
3953,203,203,203,243243612.37,195868558.95,80.52
3954,204,204,204,177075731.26,120277671.88,67.92
3955,205,205,205,166420520.04,105021903.47,63.11
3956,206,206,206,964610992.73,871329363.39,90.33
3957,207,207,207,940120922.58,569840599.95,60.61
3958,208,208,208,750279903.97,448905545.1,59.83
3959,209,209,209,650794003.8,359500047.42,55.24
3960,210,210,210,232721719.84,206853104.25,88.88
3961,211,211,211,125622231.69,77357928.14,61.58
3962,212,212,212,935216069.65,935216069.65,100.0
3963,213,213,213,287831852.88,204732523.28,71.13
3964,214,214,214,197528541.8,197528541.8,100.0
3965,215,215,215,925513103.24,380493557.62,41.11
3966,216,216,216,164690596.83,164690596.83,100.0
3967,217,217,217,305076656.64,299689324.85,98.23
3968,218,218,218,186330407.46,111982850.65,60.1
3969,219,219,219,24639866.2,20563630.38,83.46
3970,220,220,220,192246850.79,192229039.04,99.99
3971,221,221,221,459662116.79,270854472.65,58.92
3972,222,222,222,535395845.6,535395845.6,100.0
3973,223,223,223,176132064.33,147399156.07,83.69
3974,224,224,224,719471201.46,309149816.96,42.97
3975,225,225,225,540157691.79,540157691.79,100.0
3976,226,226,226,604539310.43,513381046.97,84.92
3977,227,227,227,326128203.55,138293561.64,42.4
3978,228,228,228,206635656.81,158622032.7,76.76
3979,229,229,229,798726323.36,759610202.44,95.1
3980,230,230,230,359514807.97,334730998.09,93.11
3981,231,231,231,526673766.75,488794733.72,92.81
3982,232,232,232,744070997.04,440054226.93,59.14
3983,233,233,233,876575422.31,387529298.28,44.21
3984,234,234,234,454012995.41,339964096.49,74.88
3985,235,235,235,972742756.03,972469233.41,99.97
3986,236,236,236,532348795.82,395557013.78,74.3
3987,237,237,237,795666741.6,307919384.0,38.7
3988,238,238,238,86334106.8,72728623.73,84.24
3989,239,239,239,101957672.01,101957672.01,100.0
3990,240,240,240,618154329.89,411760155.5,66.61
3991,241,241,241,391516806.89,258428247.05,66.01
3992,242,242,242,766392190.04,526417899.89,68.69
3993,243,243,243,576090848.4,406089130.43,70.49
3994,244,244,244,621727401.68,488308422.15,78.54
3995,245,245,245,175872539.54,71269721.44,40.52
3996,246,246,246,556256635.43,506395313.77,91.04
3997,247,247,247,549252028.71,524279045.6,95.45
3998,248,248,248,740142322.52,518932313.27,70.11
3999,249,249,249,706068857.74,329789142.81,46.71
4000,250,250,250,626649795.25,493647751.24,78.78
4001,1,1,1,167407377.25,116429318.1,69.55
4002,2,2,2,969095371.31,827309329.84,85.37
4003,3,3,3,613076894.23,273264614.89,44.57
4004,4,4,4,172116939.76,73801324.27,42.88
4005,5,5,5,806111790.74,441072264.32,54.72
4006,6,6,6,149754600.01,54043196.88,36.09
4007,7,7,7,278204036.55,216986088.42,78.0
4008,8,8,8,567320350.08,550155083.72,96.97
4009,9,9,9,160711669.08,143559341.21,89.33
4010,10,10,10,95906065.4,93031971.22,97.0
4011,11,11,11,683380733.64,446147562.52,65.29
4012,12,12,12,51175222.01,40780819.47,79.69
4013,13,13,13,357066562.98,348147190.63,97.5
4014,14,14,14,253063682.86,202234018.87,79.91
4015,15,15,15,936261858.01,373363266.53,39.88
4016,16,16,16,583325451.97,209170718.6,35.86
4017,17,17,17,78532522.85,31469762.74,40.07
4018,18,18,18,415466865.87,415466865.87,100.0
4019,19,19,19,380096764.9,140000312.11,36.83
4020,20,20,20,153938348.25,117688452.24,76.45
4021,21,21,21,735737006.17,325251401.36,44.21
4022,22,22,22,195308660.98,100234065.35,51.32
4023,23,23,23,849455143.11,424774875.73,50.01
4024,24,24,24,938554961.87,716072460.9,76.3
4025,25,25,25,96551158.38,80397390.76,83.27
4026,26,26,26,663917764.46,597514889.73,90.0
4027,27,27,27,630089536.38,604562636.9,95.95
4028,28,28,28,517239433.15,188792111.15,36.5
4029,29,29,29,640542275.58,388749424.17,60.69
4030,30,30,30,905454680.52,553738869.09,61.16
4031,31,31,31,758897147.98,540547088.26,71.23
4032,32,32,32,649019430.53,506675882.34,78.07
4033,33,33,33,433468425.73,343117452.71,79.16
4034,34,34,34,249614799.51,179277014.68,71.82
4035,35,35,35,211849483.9,211849483.9,100.0
4036,36,36,36,224828983.84,192337532.74,85.55
4037,37,37,37,865563945.17,484816417.92,56.01
4038,38,38,38,128626211.22,69892859.45,54.34
4039,39,39,39,124812283.98,55344990.5,44.34
4040,40,40,40,31073844.37,13262604.08,42.68
4041,41,41,41,729196005.94,230793500.37,31.65
4042,42,42,42,15290035.35,15290035.35,100.0
4043,43,43,43,920880789.01,879129788.92,95.47
4044,44,44,44,971542087.48,836196946.61,86.07
4045,45,45,45,241728614.1,175393887.45,72.56
4046,46,46,46,50395030.7,39063737.9,77.52
4047,47,47,47,964175981.8,348936300.83,36.19
4048,48,48,48,217155309.4,170762555.3,78.64
4049,49,49,49,540591461.3,391566846.13,72.43
4050,50,50,50,652467681.93,508881790.77,77.99
4051,51,51,51,596761941.66,403545199.98,67.62
4052,52,52,52,847512208.05,415942010.35,49.08
4053,53,53,53,489012897.57,260225384.26,53.21
4054,54,54,54,526895261.13,489595833.63,92.92
4055,55,55,55,999009370.35,321741978.25,32.21
4056,56,56,56,565136737.86,303408858.44,53.69
4057,57,57,57,205772275.12,205772275.12,100.0
4058,58,58,58,176052298.03,176052298.03,100.0
4059,59,59,59,869001665.8,576474049.21,66.34
4060,60,60,60,366168751.36,321147992.97,87.7
4061,61,61,61,947576741.51,814035083.72,85.91
4062,62,62,62,807495132.67,314155448.68,38.9
4063,63,63,63,945188332.74,398479878.18,42.16
4064,64,64,64,566037472.81,207284766.71,36.62
4065,65,65,65,51473875.38,42988061.17,83.51
4066,66,66,66,852364678.96,464405582.77,54.48
4067,67,67,67,583737529.81,583737529.81,100.0
4068,68,68,68,869089789.6,702744049.01,80.86
4069,69,69,69,291405342.15,134027570.93,45.99
4070,70,70,70,858462114.58,858462114.58,100.0
4071,71,71,71,208581401.95,170922726.73,81.95
4072,72,72,72,289299603.97,289299603.97,100.0
4073,73,73,73,153396840.35,101199689.16,65.97
4074,74,74,74,147081812.85,134895478.23,91.71
4075,75,75,75,112991906.18,93383269.72,82.65
4076,76,76,76,539678971.93,532686890.95,98.7
4077,77,77,77,678885659.53,343394387.2,50.58
4078,78,78,78,219389664.79,219389664.79,100.0
4079,79,79,79,915800883.64,744321853.89,81.28
4080,80,80,80,108474619.22,45096719.52,41.57
4081,81,81,81,117980984.4,117980984.4,100.0
4082,82,82,82,885030379.36,885030379.36,100.0
4083,83,83,83,696525713.72,407978215.43,58.57
4084,84,84,84,190955537.81,119988464.1,62.84
4085,85,85,85,985563058.46,475307620.39,48.23
4086,86,86,86,42577670.23,32244445.98,75.73
4087,87,87,87,117424770.5,73161727.37,62.31
4088,88,88,88,289235458.39,257866611.09,89.15
4089,89,89,89,737183374.21,274595912.59,37.25
4090,90,90,90,717602431.61,259014924.51,36.09
4091,91,91,91,799310255.2,274752195.55,34.37
4092,92,92,92,549708712.44,431129595.49,78.43
4093,93,93,93,603564377.6,603564377.6,100.0
4094,94,94,94,351654781.65,276127818.03,78.52
4095,95,95,95,390284093.13,222395267.66,56.98
4096,96,96,96,105560722.37,101572579.91,96.22
4097,97,97,97,127439900.72,82716235.33,64.91
4098,98,98,98,700166490.51,482374110.39,68.89
4099,99,99,99,34588414.33,21818851.35,63.08
4100,100,100,100,457994442.5,415221927.35,90.66
4101,101,101,101,665540964.35,665540964.35,100.0
4102,102,102,102,487630815.51,373046117.99,76.5
4103,103,103,103,78241087.33,51066923.86,65.27
4104,104,104,104,769665337.01,597139406.35,77.58
4105,105,105,105,481255312.28,227055140.36,47.18
4106,106,106,106,299675499.23,131345692.14,43.83
4107,107,107,107,178335752.9,125516408.62,70.38
4108,108,108,108,618393944.35,299287143.6,48.4
4109,109,109,109,924923925.51,923956847.79,99.9
4110,110,110,110,271730068.6,85356135.12,31.41
4111,111,111,111,875848620.57,399336501.12,45.59
4112,112,112,112,666849161.26,269218180.34,40.37
4113,113,113,113,28106663.87,20656509.77,73.49
4114,114,114,114,850950217.78,307262938.48,36.11
4115,115,115,115,402121472.29,368747829.32,91.7
4116,116,116,116,846372790.43,846372790.43,100.0
4117,117,117,117,206991271.26,201235381.37,97.22
4118,118,118,118,523386254.44,263901634.61,50.42
4119,119,119,119,212983203.39,91938367.01,43.17
4120,120,120,120,494433945.41,458520857.64,92.74
4121,121,121,121,922771597.12,355351147.87,38.51
4122,122,122,122,510516913.53,251695107.15,49.3
4123,123,123,123,993050701.0,615295801.9,61.96
4124,124,124,124,278183649.86,120470515.37,43.31
4125,125,125,125,607027484.78,223831675.21,36.87
4126,126,126,126,967201437.47,340390623.06,35.19
4127,127,127,127,757171586.12,547472026.7,72.3
4128,128,128,128,694979151.96,266151814.8,38.3
4129,129,129,129,745438014.08,745438014.08,100.0
4130,130,130,130,337031155.85,337031155.85,100.0
4131,131,131,131,297809304.05,119875525.21,40.25
4132,132,132,132,153227649.91,107753819.35,70.32
4133,133,133,133,607330990.28,269440566.2,44.36
4134,134,134,134,923181831.96,762633294.72,82.61
4135,135,135,135,767298708.38,354336166.2,46.18
4136,136,136,136,986186075.07,659116598.06,66.83
4137,137,137,137,991900154.11,325594928.5,32.83
4138,138,138,138,439728377.34,137382477.33,31.24
4139,139,139,139,521614399.28,521614399.28,100.0
4140,140,140,140,825808453.14,774251895.13,93.76
4141,141,141,141,767904800.23,350253065.55,45.61
4142,142,142,142,777179098.66,356125924.99,45.82
4143,143,143,143,561995790.99,371515138.66,66.11
4144,144,144,144,591017988.2,451150663.77,76.33
4145,145,145,145,845006628.64,845006628.64,100.0
4146,146,146,146,944189612.42,944189612.42,100.0
4147,147,147,147,779495812.32,321831748.35,41.29
4148,148,148,148,773752160.18,518519660.58,67.01
4149,149,149,149,166793701.9,130748933.95,78.39
4150,150,150,150,857152797.99,649301563.93,75.75
4151,151,151,151,945697233.5,325427988.81,34.41
4152,152,152,152,279791257.31,115255188.6,41.19
4153,153,153,153,199549288.06,177854377.85,89.13
4154,154,154,154,173267150.76,114540289.55,66.11
4155,155,155,155,32305216.49,15383515.33,47.62
4156,156,156,156,412438125.11,412438125.11,100.0
4157,157,157,157,187227370.72,87584428.59,46.78
4158,158,158,158,135979052.35,86901695.53,63.91
4159,159,159,159,731893515.15,296247834.18,40.48
4160,160,160,160,764397920.02,350338043.55,45.83
4161,161,161,161,704528813.63,704528813.63,100.0
4162,162,162,162,669204194.76,514193640.36,76.84
4163,163,163,163,522404378.69,464600777.78,88.94
4164,164,164,164,70681507.33,58017585.45,82.08
4165,165,165,165,978256862.38,726741108.65,74.29
4166,166,166,166,986028381.9,821188841.01,83.28
4167,167,167,167,885799858.89,452361183.05,51.07
4168,168,168,168,764476080.64,439576292.2,57.5
4169,169,169,169,768307119.82,768307119.82,100.0
4170,170,170,170,600057843.18,334934105.11,55.82
4171,171,171,171,121262015.86,70538812.36,58.17
4172,172,172,172,823680384.61,331643027.47,40.26
4173,173,173,173,680569324.11,250846020.14,36.86
4174,174,174,174,87396999.92,61889823.19,70.81
4175,175,175,175,611101861.46,374771567.42,61.33
4176,176,176,176,195380478.36,146035897.68,74.74
4177,177,177,177,561129688.76,561129688.76,100.0
4178,178,178,178,257066267.84,257066267.84,100.0
4179,179,179,179,642016527.09,494235667.71,76.98
4180,180,180,180,778395559.05,569403123.45,73.15
4181,181,181,181,59171049.69,20678838.18,34.95
4182,182,182,182,82690537.89,70365915.05,85.1
4183,183,183,183,997835523.04,318452508.14,31.91
4184,184,184,184,686633916.78,560906671.09,81.69
4185,185,185,185,315989475.52,270750432.03,85.68
4186,186,186,186,245506868.3,245506868.3,100.0
4187,187,187,187,424615783.73,390307750.84,91.92
4188,188,188,188,946379756.54,477886553.62,50.5
4189,189,189,189,692568614.31,470784267.29,67.98
4190,190,190,190,993769121.76,375997815.8,37.84
4191,191,191,191,554893568.94,554893568.94,100.0
4192,192,192,192,428297330.21,214981378.62,50.19
4193,193,193,193,213020194.35,195070387.33,91.57
4194,194,194,194,542911855.08,443791138.76,81.74
4195,195,195,195,647487039.86,585102946.37,90.37
4196,196,196,196,520082266.01,520082266.01,100.0
4197,197,197,197,142699721.99,142699721.99,100.0
4198,198,198,198,176361227.81,124753300.24,70.74
4199,199,199,199,790572200.95,790572200.95,100.0
4200,200,200,200,221776670.32,138903153.3,62.63
4201,201,201,201,114260040.15,114260040.15,100.0
4202,202,202,202,172106610.36,146232143.23,84.97
4203,203,203,203,899737324.55,792846971.85,88.12
4204,204,204,204,627215885.02,601527641.32,95.9
4205,205,205,205,774250798.69,314299886.9,40.59
4206,206,206,206,236914864.23,236914864.23,100.0
4207,207,207,207,632767132.13,297583445.51,47.03
4208,208,208,208,201838530.85,98606873.76,48.85
4209,209,209,209,525486316.32,192868511.37,36.7
4210,210,210,210,82475835.09,53797663.21,65.23
4211,211,211,211,521870543.13,345516322.16,66.21
4212,212,212,212,236502998.38,196234053.74,82.97
4213,213,213,213,229020560.2,226625247.3,98.95
4214,214,214,214,501429024.53,224841607.49,44.84
4215,215,215,215,576852675.29,268914958.29,46.62
4216,216,216,216,704874820.33,393549106.27,55.83
4217,217,217,217,311235831.18,229537845.67,73.75
4218,218,218,218,295435962.72,295435962.72,100.0
4219,219,219,219,93211596.28,82808285.66,88.84
4220,220,220,220,324351959.83,317087685.75,97.76
4221,221,221,221,352580772.2,254788762.15,72.26
4222,222,222,222,498467916.48,400733203.44,80.39
4223,223,223,223,421984590.45,283077860.57,67.08
4224,224,224,224,700828603.05,338327229.99,48.28
4225,225,225,225,458255543.76,384024368.5,83.8
4226,226,226,226,842206032.33,842206032.33,100.0
4227,227,227,227,535473523.58,291742974.86,54.48
4228,228,228,228,591843073.88,407994480.6,68.94
4229,229,229,229,700192043.0,700192043.0,100.0
4230,230,230,230,678426003.53,473632266.28,69.81
4231,231,231,231,934791106.7,526661809.49,56.34
4232,232,232,232,743106094.74,702510408.75,94.54
4233,233,233,233,955835838.81,683554247.69,71.51
4234,234,234,234,348568171.02,328475245.03,94.24
4235,235,235,235,973208957.55,937717096.61,96.35
4236,236,236,236,602975395.13,594100344.77,98.53
4237,237,237,237,316807089.56,134461275.3,42.44
4238,238,238,238,146468123.69,100531976.61,68.64
4239,239,239,239,522344267.19,264050937.51,50.55
4240,240,240,240,963014411.32,524091587.42,54.42
4241,241,241,241,843107814.66,796481382.06,94.47
4242,242,242,242,749216946.39,319796926.67,42.68
4243,243,243,243,63897394.33,36209051.91,56.67
4244,244,244,244,775865045.14,594823596.64,76.67
4245,245,245,245,690881191.53,504269793.24,72.99
4246,246,246,246,839165868.14,428955832.88,51.12
4247,247,247,247,113837944.78,69102578.07,60.7
4248,248,248,248,399992114.24,399992114.24,100.0
4249,249,249,249,343788265.03,191583000.49,55.73
4250,250,250,250,774477192.15,411120857.31,53.08
4251,1,1,1,762315854.11,397539017.2,52.15
4252,2,2,2,505018551.92,236168429.65,46.76
4253,3,3,3,370077708.62,261954600.74,70.78
4254,4,4,4,112318924.44,100182576.75,89.19
4255,5,5,5,160160283.92,131915360.67,82.36
4256,6,6,6,20356914.58,20356914.58,100.0
4257,7,7,7,776861178.45,330957520.76,42.6
4258,8,8,8,921261010.02,704348430.89,76.45
4259,9,9,9,42993908.58,26446777.12,61.51
4260,10,10,10,797260568.16,797260568.16,100.0
4261,11,11,11,283383287.06,187608622.27,66.2
4262,12,12,12,519699090.07,519699090.07,100.0
4263,13,13,13,696218491.68,459279881.28,65.97
4264,14,14,14,341652031.3,121062145.47,35.43
4265,15,15,15,982568639.7,548130429.82,55.79
4266,16,16,16,985746098.01,708555246.7,71.88
4267,17,17,17,675323278.27,675323278.27,100.0
4268,18,18,18,983886670.02,947057228.95,96.26
4269,19,19,19,126500793.72,54598875.78,43.16
4270,20,20,20,21951091.52,11073765.37,50.45
4271,21,21,21,852907683.23,852907683.23,100.0
4272,22,22,22,695531238.34,671177224.06,96.5
4273,23,23,23,318897677.21,260465606.01,81.68
4274,24,24,24,529378114.72,196946092.62,37.2
4275,25,25,25,404397756.76,258195170.65,63.85
4276,26,26,26,458971644.0,192228949.99,41.88
4277,27,27,27,574266108.16,514695304.18,89.63
4278,28,28,28,521400479.88,192684772.94,36.96
4279,29,29,29,618438097.38,435669278.51,70.45
4280,30,30,30,339008423.71,264787054.6,78.11
4281,31,31,31,566610670.7,466179968.78,82.28
4282,32,32,32,864467968.25,672179309.9,77.76
4283,33,33,33,367897214.78,267236333.86,72.64
4284,34,34,34,288196118.65,140169292.64,48.64
4285,35,35,35,493971121.61,212040413.25,42.93
4286,36,36,36,327570794.22,225261369.85,68.77
4287,37,37,37,904395361.29,904395361.29,100.0
4288,38,38,38,610681724.28,610681724.28,100.0
4289,39,39,39,744064758.31,717933900.92,96.49
4290,40,40,40,40003252.3,12685122.69,31.71
4291,41,41,41,107077367.0,65969327.8,61.61
4292,42,42,42,409163220.06,409163220.06,100.0
4293,43,43,43,423024863.45,322019554.94,76.12
4294,44,44,44,75210909.68,46715354.67,62.11
4295,45,45,45,796549382.56,739572230.37,92.85
4296,46,46,46,568171779.15,558394539.88,98.28
4297,47,47,47,504325489.92,219003689.02,43.43
4298,48,48,48,678730785.15,595412675.87,87.72
4299,49,49,49,695835443.33,450926389.15,64.8
4300,50,50,50,337556901.63,319160946.26,94.55
4301,51,51,51,481315551.87,241057501.12,50.08
4302,52,52,52,585345514.96,485389599.41,82.92
4303,53,53,53,14396629.85,8281479.3,57.52
4304,54,54,54,149904483.77,136162600.37,90.83
4305,55,55,55,395987983.29,395987983.29,100.0
4306,56,56,56,54375141.44,43181726.9,79.41
4307,57,57,57,63793626.58,63793626.58,100.0
4308,58,58,58,519471149.55,416761394.27,80.23
4309,59,59,59,617574147.43,395802287.53,64.09
4310,60,60,60,250063827.39,208437248.67,83.35
4311,61,61,61,896881630.43,896881630.43,100.0
4312,62,62,62,811052314.14,414134287.03,51.06
4313,63,63,63,860727949.24,366590444.21,42.59
4314,64,64,64,462411449.03,421038007.12,91.05
4315,65,65,65,817640021.42,579581804.51,70.88
4316,66,66,66,671823352.63,541446946.75,80.59
4317,67,67,67,102794429.13,76974045.16,74.88
4318,68,68,68,23317829.0,17263912.65,74.04
4319,69,69,69,940523013.62,754719880.61,80.24
4320,70,70,70,544117071.75,300322474.8,55.19
4321,71,71,71,736436061.8,246593591.37,33.48
4322,72,72,72,170036609.0,129752792.8,76.31
4323,73,73,73,701211252.48,413441197.93,58.96
4324,74,74,74,654433134.52,419268422.64,64.07
4325,75,75,75,902690464.3,271573753.92,30.08
4326,76,76,76,310504768.87,310504768.87,100.0
4327,77,77,77,369940109.8,159162188.27,43.02
4328,78,78,78,618451104.09,233111217.55,37.69
4329,79,79,79,880932875.31,810025912.45,91.95
4330,80,80,80,275991162.08,90865715.4,32.92
4331,81,81,81,104713975.78,38206423.14,36.49
4332,82,82,82,332017079.04,332017079.04,100.0
4333,83,83,83,642082968.38,556370410.5,86.65
4334,84,84,84,997514627.73,888468416.44,89.07
4335,85,85,85,181759684.1,181759684.1,100.0
4336,86,86,86,813146038.21,275806308.96,33.92
4337,87,87,87,232459504.01,86772804.06,37.33
4338,88,88,88,519318616.37,519318616.37,100.0
4339,89,89,89,751437283.2,279196555.51,37.16
4340,90,90,90,116903498.88,116903498.88,100.0
4341,91,91,91,799449912.56,320668704.92,40.11
4342,92,92,92,87497036.1,75994129.79,86.85
4343,93,93,93,331339188.97,201446560.63,60.8
4344,94,94,94,42653658.02,19695345.83,46.18
4345,95,95,95,845157310.09,298003153.22,35.26
4346,96,96,96,606180528.36,202353761.02,33.38
4347,97,97,97,174004059.1,88784137.42,51.02
4348,98,98,98,125835424.28,44379966.01,35.27
4349,99,99,99,481261888.92,396938320.88,82.48
4350,100,100,100,17232261.14,12451496.36,72.26
4351,101,101,101,794242071.23,456458338.63,57.47
4352,102,102,102,969022049.24,969022049.24,100.0
4353,103,103,103,44865450.22,43863764.5,97.77
4354,104,104,104,589965724.21,493039522.67,83.57
4355,105,105,105,615400603.91,400764517.83,65.12
4356,106,106,106,20154066.33,19449185.03,96.5
4357,107,107,107,768011652.84,524094246.59,68.24
4358,108,108,108,266876053.37,132823233.1,49.77
4359,109,109,109,655993142.22,419466471.27,63.94
4360,110,110,110,218005298.08,135752333.68,62.27
4361,111,111,111,96800648.33,42371225.87,43.77
4362,112,112,112,258157384.28,258157384.28,100.0
4363,113,113,113,878479867.59,737449457.69,83.95
4364,114,114,114,762474960.63,278452834.52,36.52
4365,115,115,115,495759633.19,171384128.56,34.57
4366,116,116,116,124939447.99,89807844.5,71.88
4367,117,117,117,218562359.91,218562359.91,100.0
4368,118,118,118,962448182.41,599876861.35,62.33
4369,119,119,119,149169924.36,69937312.29,46.88
4370,120,120,120,294666582.04,287797782.25,97.67
4371,121,121,121,558194274.28,320698834.31,57.45
4372,122,122,122,376188990.91,208487741.66,55.42
4373,123,123,123,276431442.36,196172546.98,70.97
4374,124,124,124,682606551.61,471336223.19,69.05
4375,125,125,125,164976097.75,105543709.11,63.98
4376,126,126,126,477468535.93,245662565.19,51.45
4377,127,127,127,124512169.88,50978818.89,40.94
4378,128,128,128,294864778.09,98120409.54,33.28
4379,129,129,129,365911529.42,181984937.07,49.73
4380,130,130,130,643306695.59,556531074.57,86.51
4381,131,131,131,463445573.49,194158985.01,41.89
4382,132,132,132,291881481.38,291881481.38,100.0
4383,133,133,133,687219760.26,637673823.44,92.79
4384,134,134,134,478430856.58,478430856.58,100.0
4385,135,135,135,726136421.12,692284938.64,95.34
4386,136,136,136,391722031.98,350307911.6,89.43
4387,137,137,137,728711997.32,565027487.51,77.54
4388,138,138,138,573554152.3,480725470.34,83.82
4389,139,139,139,254890018.81,183644767.86,72.05
4390,140,140,140,548524449.15,284057733.7,51.79
4391,141,141,141,143870515.03,92327340.03,64.17
4392,142,142,142,19087605.98,18607611.31,97.49
4393,143,143,143,694229881.86,511144527.99,73.63
4394,144,144,144,186062830.83,186062830.83,100.0
4395,145,145,145,596247410.91,501042409.22,84.03
4396,146,146,146,471340376.28,352549924.59,74.8
4397,147,147,147,441747215.49,441747215.49,100.0
4398,148,148,148,320690990.59,154339666.37,48.13
4399,149,149,149,526889005.81,510686145.88,96.92
4400,150,150,150,972536092.29,750808118.03,77.2
4401,151,151,151,768436000.24,652110665.95,84.86
4402,152,152,152,419635366.6,419635366.6,100.0
4403,153,153,153,873589082.23,427015891.98,48.88
4404,154,154,154,531475939.44,335769162.38,63.18
4405,155,155,155,985988529.4,743555965.19,75.41
4406,156,156,156,971014151.13,762704178.11,78.55
4407,157,157,157,37957140.4,22599800.66,59.54
4408,158,158,158,182728653.4,120011873.7,65.68
4409,159,159,159,840074643.3,840074643.3,100.0
4410,160,160,160,370714215.24,370714215.24,100.0
4411,161,161,161,254127192.05,254127192.05,100.0
4412,162,162,162,541305714.2,489808081.65,90.49
4413,163,163,163,675085327.15,239134032.96,35.42
4414,164,164,164,322692696.74,164557156.74,51.0
4415,165,165,165,861515339.65,861515339.65,100.0
4416,166,166,166,505893649.49,315923250.98,62.45
4417,167,167,167,239282775.12,151929921.44,63.49
4418,168,168,168,678130269.39,215258973.62,31.74
4419,169,169,169,475441134.12,389141553.37,81.85
4420,170,170,170,159679918.69,159410275.53,99.83
4421,171,171,171,81954103.52,73568979.25,89.77
4422,172,172,172,608196672.41,608196672.41,100.0
4423,173,173,173,73796269.9,27712337.74,37.55
4424,174,174,174,973611247.72,906455575.23,93.1
4425,175,175,175,211886576.06,204771421.89,96.64
4426,176,176,176,986682848.23,591058699.79,59.9
4427,177,177,177,327752552.06,177052102.27,54.02
4428,178,178,178,927769498.15,585853342.12,63.15
4429,179,179,179,639785071.83,370351109.46,57.89
4430,180,180,180,105051833.85,44979305.77,42.82
4431,181,181,181,263871217.09,141763990.01,53.72
4432,182,182,182,398119046.3,398119046.3,100.0
4433,183,183,183,425816059.48,238516616.89,56.01
4434,184,184,184,568268071.92,293348594.45,51.62
4435,185,185,185,598836230.44,547014693.45,91.35
4436,186,186,186,317456624.21,120305113.89,37.9
4437,187,187,187,97878644.47,56626301.38,57.85
4438,188,188,188,694017583.45,220222167.08,31.73
4439,189,189,189,468025710.67,330092677.87,70.53
4440,190,190,190,686959895.76,489273674.61,71.22
4441,191,191,191,572622267.34,351434073.87,61.37
4442,192,192,192,16247821.32,16247821.32,100.0
4443,193,193,193,804297418.06,686771709.12,85.39
4444,194,194,194,770444676.91,627255742.28,81.41
4445,195,195,195,409342901.86,258940639.6,63.26
4446,196,196,196,783725648.74,783725648.74,100.0
4447,197,197,197,26810205.47,17396205.66,64.89
4448,198,198,198,431790202.31,222922322.23,51.63
4449,199,199,199,430495398.0,239317866.72,55.59
4450,200,200,200,204277687.36,78542987.37,38.45
4451,201,201,201,227074839.0,191382086.48,84.28
4452,202,202,202,57520535.09,57520535.09,100.0
4453,203,203,203,661270689.55,453830671.83,68.63
4454,204,204,204,958753115.16,667469234.53,69.62
4455,205,205,205,926971273.21,747552467.02,80.64
4456,206,206,206,208453032.36,180019442.61,86.36
4457,207,207,207,545564708.85,501205484.26,91.87
4458,208,208,208,796561453.28,619230050.7,77.74
4459,209,209,209,337687094.57,319462266.75,94.6
4460,210,210,210,183519408.32,75824497.29,41.32
4461,211,211,211,30704277.21,28095049.52,91.5
4462,212,212,212,741091947.13,343111233.19,46.3
4463,213,213,213,278072067.8,216167906.78,77.74
4464,214,214,214,196631760.51,66725822.57,33.93
4465,215,215,215,899817661.48,484896940.73,53.89
4466,216,216,216,828782226.96,828782226.96,100.0
4467,217,217,217,796847116.96,354863721.01,44.53
4468,218,218,218,65513315.9,37044042.0,56.54
4469,219,219,219,929381555.5,929381555.5,100.0
4470,220,220,220,455801171.28,169578632.52,37.2
4471,221,221,221,262779967.75,262779967.75,100.0
4472,222,222,222,734202750.33,297774362.62,40.56
4473,223,223,223,46810070.83,43236601.09,92.37
4474,224,224,224,156389460.04,50515796.75,32.3
4475,225,225,225,429165476.72,375986261.09,87.61
4476,226,226,226,971931616.85,601462088.72,61.88
4477,227,227,227,43481136.24,25730943.14,59.18
4478,228,228,228,71229593.24,28968997.29,40.67
4479,229,229,229,125018801.26,107052005.88,85.63
4480,230,230,230,305188675.7,305188675.7,100.0
4481,231,231,231,268993173.99,166539701.97,61.91
4482,232,232,232,178531967.95,82214536.49,46.05
4483,233,233,233,707340680.2,308629778.53,43.63
4484,234,234,234,729512534.46,602558555.34,82.6
4485,235,235,235,397620513.92,397620513.92,100.0
4486,236,236,236,544171377.79,488603125.8,89.79
4487,237,237,237,582962324.42,214872434.06,36.86
4488,238,238,238,824223025.31,824223025.31,100.0
4489,239,239,239,425955715.77,198262641.09,46.55
4490,240,240,240,904649357.98,787905285.5,87.1
4491,241,241,241,816465579.52,585155987.38,71.67
4492,242,242,242,548119220.44,456328227.76,83.25
4493,243,243,243,296527297.57,129825215.19,43.78
4494,244,244,244,732890839.54,588920467.63,80.36
4495,245,245,245,702639483.71,272914692.31,38.84
4496,246,246,246,155035957.69,51652164.95,33.32
4497,247,247,247,905847592.95,817810164.95,90.28
4498,248,248,248,198519575.74,146576276.81,73.83
4499,249,249,249,73860707.32,37717368.81,51.07
4500,250,250,250,13357335.63,13112324.03,98.17
4501,1,1,1,769724518.93,233061877.1,30.28
4502,2,2,2,13201141.71,9117686.89,69.07
4503,3,3,3,255782661.83,105127334.12,41.1
4504,4,4,4,972220963.52,917252404.47,94.35
4505,5,5,5,112341696.04,88130790.45,78.45
4506,6,6,6,592393189.83,353366406.32,59.65
4507,7,7,7,66221946.87,29848634.46,45.07
4508,8,8,8,467600006.44,146870446.5,31.41
4509,9,9,9,625766451.8,531961487.33,85.01
4510,10,10,10,535998536.79,389092732.7,72.59
4511,11,11,11,673254082.74,595168653.01,88.4
4512,12,12,12,160303606.69,122801761.42,76.61
4513,13,13,13,706561817.89,504452679.32,71.4
4514,14,14,14,40801414.22,40801414.22,100.0
4515,15,15,15,303246217.06,303246217.06,100.0
4516,16,16,16,928181046.59,914654504.13,98.54
4517,17,17,17,191756810.46,103557317.77,54.0
4518,18,18,18,163061751.11,163061751.11,100.0
4519,19,19,19,417246580.57,394625221.96,94.58
4520,20,20,20,439968207.05,392308730.46,89.17
4521,21,21,21,289761086.79,273057243.5,94.24
4522,22,22,22,197590715.05,197590715.05,100.0
4523,23,23,23,241769420.59,217303686.06,89.88
4524,24,24,24,683440993.26,570297112.14,83.44
4525,25,25,25,123234693.96,123234693.96,100.0
4526,26,26,26,125732647.87,107363724.01,85.39
4527,27,27,27,166868040.44,96777638.82,58.0
4528,28,28,28,906097384.12,710236298.65,78.38
4529,29,29,29,853085208.62,853085208.62,100.0
4530,30,30,30,949743097.28,872153722.47,91.83
4531,31,31,31,938590420.37,606864928.96,64.66
4532,32,32,32,71657370.09,26893868.02,37.53
4533,33,33,33,816550260.77,758599298.11,92.9
4534,34,34,34,352900038.37,323485366.73,91.66
4535,35,35,35,814103443.53,814103443.53,100.0
4536,36,36,36,947145063.26,321520329.41,33.95
4537,37,37,37,710542006.02,710542006.02,100.0
4538,38,38,38,847038306.76,813660596.36,96.06
4539,39,39,39,562838994.07,454183732.93,80.7
4540,40,40,40,529059281.55,335334695.02,63.38
4541,41,41,41,948912909.91,948912909.91,100.0
4542,42,42,42,432096167.36,432096167.36,100.0
4543,43,43,43,105414365.18,54024605.52,51.25
4544,44,44,44,223420903.97,215537269.41,96.47
4545,45,45,45,679712844.92,679712844.92,100.0
4546,46,46,46,412225292.18,412225292.18,100.0
4547,47,47,47,775187979.04,524551659.38,67.67
4548,48,48,48,539003543.49,356232927.58,66.09
4549,49,49,49,143317256.24,69379514.59,48.41
4550,50,50,50,665297466.71,316047487.54,47.5
4551,51,51,51,950466527.06,799492331.11,84.12
4552,52,52,52,517283058.39,427133807.29,82.57
4553,53,53,53,881327978.8,525089003.5,59.58
4554,54,54,54,971683092.48,954612915.16,98.24
4555,55,55,55,292109957.83,187103278.75,64.05
4556,56,56,56,530568751.65,395769245.59,74.59
4557,57,57,57,28735852.33,19135755.71,66.59
4558,58,58,58,525911359.46,338185336.26,64.3
4559,59,59,59,220854297.16,106004731.48,48.0
4560,60,60,60,419150280.69,419150280.69,100.0
4561,61,61,61,73798593.15,26721044.71,36.21
4562,62,62,62,785422370.57,612091582.58,77.93
4563,63,63,63,578568449.81,484923960.06,83.81
4564,64,64,64,646296285.77,233609420.27,36.15
4565,65,65,65,397603855.81,375657191.0,94.48
4566,66,66,66,107222027.4,69650868.32,64.96
4567,67,67,67,373091729.59,373091729.59,100.0
4568,68,68,68,609843199.26,265567503.36,43.55
4569,69,69,69,562750910.88,262240103.85,46.6
4570,70,70,70,755753968.96,580105426.51,76.76
4571,71,71,71,356248705.03,298537833.9,83.8
4572,72,72,72,945391210.85,331134075.02,35.03
4573,73,73,73,681414065.44,647229398.07,94.98
4574,74,74,74,544721287.46,309900606.02,56.89
4575,75,75,75,71921849.87,37832999.34,52.6
4576,76,76,76,574483308.26,292836436.94,50.97
4577,77,77,77,819725461.71,819725461.71,100.0
4578,78,78,78,347415264.07,188094139.0,54.14
4579,79,79,79,814960398.97,682651988.49,83.77
4580,80,80,80,869912524.15,701326656.16,80.62
4581,81,81,81,764759709.65,261132632.72,34.15
4582,82,82,82,404086649.51,190101601.57,47.04
4583,83,83,83,91517534.11,37019364.65,40.45
4584,84,84,84,571907886.21,379247007.81,66.31
4585,85,85,85,414263007.4,414263007.4,100.0
4586,86,86,86,375338145.0,148778573.79,39.64
4587,87,87,87,150016468.92,68841018.02,45.89
4588,88,88,88,669283391.48,478412387.39,71.48
4589,89,89,89,448420202.4,378937013.69,84.5
4590,90,90,90,368340219.07,353937286.01,96.09
4591,91,91,91,942572182.43,496907587.61,52.72
4592,92,92,92,395835804.78,280748657.46,70.93
4593,93,93,93,181249009.44,160006647.63,88.28
4594,94,94,94,71449773.96,32951974.18,46.12
4595,95,95,95,986844656.58,986844656.58,100.0
4596,96,96,96,381914649.66,321382082.18,84.15
4597,97,97,97,842315296.93,842315296.93,100.0
4598,98,98,98,84393770.62,76319293.94,90.43
4599,99,99,99,503001314.5,428622644.74,85.21
4600,100,100,100,405490699.46,221857574.95,54.71
4601,101,101,101,272563310.92,167608971.82,61.49
4602,102,102,102,746090897.77,746090897.77,100.0
4603,103,103,103,653256048.09,329961829.92,50.51
4604,104,104,104,79168295.55,35213824.73,44.48
4605,105,105,105,292220872.6,172789745.83,59.13
4606,106,106,106,274146610.87,84636578.77,30.87
4607,107,107,107,914166323.59,873662500.92,95.57
4608,108,108,108,236340782.75,78477315.77,33.21
4609,109,109,109,517844316.21,439665591.57,84.9
4610,110,110,110,960537712.27,828286232.63,86.23
4611,111,111,111,992333872.87,534688530.49,53.88
4612,112,112,112,510249818.81,408805604.6,80.12
4613,113,113,113,379336072.5,379336072.5,100.0
4614,114,114,114,452639669.89,320144335.86,70.73
4615,115,115,115,228069216.06,101956288.17,44.7
4616,116,116,116,994679231.67,392388637.34,39.45
4617,117,117,117,324187810.53,241875900.99,74.61
4618,118,118,118,169950841.4,127513024.6,75.03
4619,119,119,119,127950209.76,109447404.6,85.54
4620,120,120,120,873206016.36,328697261.61,37.64
4621,121,121,121,259108429.69,259108429.69,100.0
4622,122,122,122,328163482.68,175740702.36,53.55
4623,123,123,123,311514241.85,311514241.85,100.0
4624,124,124,124,752396576.67,275575278.87,36.63
4625,125,125,125,876302451.67,876302451.67,100.0
4626,126,126,126,267854049.89,133211005.67,49.73
4627,127,127,127,151276843.5,112112081.84,74.11
4628,128,128,128,718428689.99,488148353.81,67.95
4629,129,129,129,474433094.05,169051416.16,35.63
4630,130,130,130,100271335.98,43054296.98,42.94
4631,131,131,131,423843620.02,237339175.65,56.0
4632,132,132,132,75453552.58,73708637.59,97.69
4633,133,133,133,982140698.53,960965528.89,97.84
4634,134,134,134,909596954.88,909596954.88,100.0
4635,135,135,135,952971577.62,545778475.58,57.27
4636,136,136,136,856842520.48,856842520.48,100.0
4637,137,137,137,26655824.64,26655824.64,100.0
4638,138,138,138,133902497.9,96444776.99,72.03
4639,139,139,139,676128856.78,676128856.78,100.0
4640,140,140,140,150378291.83,106463395.77,70.8
4641,141,141,141,460619275.2,387613221.99,84.15
4642,142,142,142,211275886.43,163065056.78,77.18
4643,143,143,143,159887625.41,116681567.9,72.98
4644,144,144,144,114819439.86,111472287.66,97.08
4645,145,145,145,841193855.96,824538683.92,98.02
4646,146,146,146,839598521.22,399012204.79,47.52
4647,147,147,147,494301345.53,494301345.53,100.0
4648,148,148,148,617781089.95,617781089.95,100.0
4649,149,149,149,238474884.12,72975971.26,30.6
4650,150,150,150,917806315.72,717500242.23,78.18
4651,151,151,151,577450115.91,280249730.31,48.53
4652,152,152,152,642024413.45,642024413.45,100.0
4653,153,153,153,453803178.78,197859703.25,43.6
4654,154,154,154,676850672.0,676850672.0,100.0
4655,155,155,155,650394869.5,388106068.48,59.67
4656,156,156,156,974297227.64,841583838.95,86.38
4657,157,157,157,603717126.77,413202590.1,68.44
4658,158,158,158,174453857.58,132570627.23,75.99
4659,159,159,159,719245539.37,698275191.55,97.08
4660,160,160,160,304076243.41,203099641.59,66.79
4661,161,161,161,232924439.4,85423740.12,36.67
4662,162,162,162,467591662.97,324998408.42,69.5
4663,163,163,163,543285778.58,543285778.58,100.0
4664,164,164,164,49149808.19,49149808.19,100.0
4665,165,165,165,590146596.4,557047920.8,94.39
4666,166,166,166,676374028.27,210483004.81,31.12
4667,167,167,167,910430447.79,655419750.44,71.99
4668,168,168,168,547875931.21,528835671.8,96.52
4669,169,169,169,109196063.36,109196063.36,100.0
4670,170,170,170,581420026.59,349982228.13,60.19
4671,171,171,171,860372605.14,820416392.54,95.36
4672,172,172,172,675613325.23,232571121.61,34.42
4673,173,173,173,848315017.91,260969543.57,30.76
4674,174,174,174,144155047.38,92097347.97,63.89
4675,175,175,175,509573003.57,509573003.57,100.0
4676,176,176,176,552044469.33,297076726.45,53.81
4677,177,177,177,839022787.2,534259846.48,63.68
4678,178,178,178,332085508.34,103831661.05,31.27
4679,179,179,179,720588575.49,355035174.05,49.27
4680,180,180,180,599053141.06,542826430.04,90.61
4681,181,181,181,315360364.15,315360364.15,100.0
4682,182,182,182,588241901.74,316068865.06,53.73
4683,183,183,183,831168455.62,397896144.48,47.87
4684,184,184,184,489603764.92,370649184.04,75.7
4685,185,185,185,23317939.15,8064760.02,34.59
4686,186,186,186,232285827.87,168996426.08,72.75
4687,187,187,187,417316764.38,205403238.32,49.22
4688,188,188,188,685336770.99,685336770.99,100.0
4689,189,189,189,922371953.74,386781271.88,41.93
4690,190,190,190,367382873.35,166071803.58,45.2
4691,191,191,191,256339418.63,95199051.81,37.14
4692,192,192,192,109772928.61,64721325.12,58.96
4693,193,193,193,736580360.17,736580360.17,100.0
4694,194,194,194,712840196.95,540533090.52,75.83
4695,195,195,195,640505873.6,384415816.09,60.02
4696,196,196,196,811597303.06,660102620.44,81.33
4697,197,197,197,453571662.79,216796376.68,47.8
4698,198,198,198,126576816.92,93643919.07,73.98
4699,199,199,199,338153245.09,175700854.87,51.96
4700,200,200,200,181415946.73,111941630.27,61.7
4701,201,201,201,939240174.19,435594623.55,46.38
4702,202,202,202,902448281.95,865000047.24,95.85
4703,203,203,203,630404842.71,281007187.13,44.58
4704,204,204,204,939855488.78,389774239.71,41.47
4705,205,205,205,951118293.31,751329474.21,78.99
4706,206,206,206,910164011.21,402100894.0,44.18
4707,207,207,207,303918073.38,114797490.84,37.77
4708,208,208,208,40198437.56,32510628.76,80.88
4709,209,209,209,521990070.43,295413423.31,56.59
4710,210,210,210,647459985.71,647459985.71,100.0
4711,211,211,211,473067320.63,456450834.65,96.49
4712,212,212,212,978553134.31,814664633.39,83.25
4713,213,213,213,698373377.4,422101066.69,60.44
4714,214,214,214,594505950.16,184276207.77,31.0
4715,215,215,215,778267539.47,508161453.55,65.29
4716,216,216,216,535427088.48,535427088.48,100.0
4717,217,217,217,873017725.29,843185232.83,96.58
4718,218,218,218,471427539.96,467977882.99,99.27
4719,219,219,219,113132135.11,96095912.78,84.94
4720,220,220,220,205980818.27,98280583.34,47.71
4721,221,221,221,452361818.96,197217316.1,43.6
4722,222,222,222,445890492.7,267712712.74,60.04
4723,223,223,223,927499906.99,445586018.41,48.04
4724,224,224,224,437066332.87,437066332.87,100.0
4725,225,225,225,91434722.28,54400569.72,59.5
4726,226,226,226,484019834.52,154611586.58,31.94
4727,227,227,227,715612028.72,583890140.27,81.59
4728,228,228,228,236500406.18,226964407.49,95.97
4729,229,229,229,873069879.13,854246171.65,97.84
4730,230,230,230,17407351.21,17407351.21,100.0
4731,231,231,231,707646483.55,491911315.31,69.51
4732,232,232,232,257085076.26,117589138.2,45.74
4733,233,233,233,731922444.35,731922444.35,100.0
4734,234,234,234,610518716.69,293325660.76,48.05
4735,235,235,235,902966739.83,679941280.05,75.3
4736,236,236,236,97124663.67,82943879.68,85.4
4737,237,237,237,494122928.39,153418999.55,31.05
4738,238,238,238,611603832.3,255071505.06,41.71
4739,239,239,239,866184433.55,860507353.72,99.34
4740,240,240,240,25197543.69,24072939.24,95.54
4741,241,241,241,796724629.36,268466056.28,33.7
4742,242,242,242,481933412.66,441611339.66,91.63
4743,243,243,243,897226117.79,771804969.34,86.02
4744,244,244,244,106685135.9,69431095.56,65.08
4745,245,245,245,236258838.71,216293186.78,91.55
4746,246,246,246,497126457.72,493432372.62,99.26
4747,247,247,247,690272945.78,673625192.46,97.59
4748,248,248,248,137624964.49,137624964.49,100.0
4749,249,249,249,611043817.33,611043817.33,100.0
4750,250,250,250,441284976.9,185824223.92,42.11
4751,1,1,1,353080835.25,353080835.25,100.0
4752,2,2,2,717361673.75,558968255.19,77.92
4753,3,3,3,570115596.69,570115596.69,100.0
4754,4,4,4,99142209.07,99142209.07,100.0
4755,5,5,5,393934382.94,326776866.46,82.95
4756,6,6,6,46281134.98,17938382.28,38.76
4757,7,7,7,384495491.89,219758669.08,57.16
4758,8,8,8,924720164.93,632435664.28,68.39
4759,9,9,9,632965717.23,260082728.01,41.09
4760,10,10,10,715699035.32,424774138.34,59.35
4761,11,11,11,300417438.31,283434388.64,94.35
4762,12,12,12,686280296.91,312496865.07,45.53
4763,13,13,13,959721504.46,959721504.46,100.0
4764,14,14,14,741367002.32,231642189.88,31.25
4765,15,15,15,858210576.8,629932983.53,73.4
4766,16,16,16,155181797.46,52839088.51,34.05
4767,17,17,17,501164635.67,414766318.13,82.76
4768,18,18,18,208721032.19,112420724.57,53.86
4769,19,19,19,591177570.6,459118488.79,77.66
4770,20,20,20,631942382.17,533363267.15,84.4
4771,21,21,21,70110583.46,46946865.49,66.96
4772,22,22,22,976146985.15,900127390.31,92.21
4773,23,23,23,755823419.3,612984580.82,81.1
4774,24,24,24,654874356.74,515756233.53,78.76
4775,25,25,25,333274645.75,107839089.41,32.36
4776,26,26,26,372842858.9,274374566.69,73.59
4777,27,27,27,75996100.12,59003613.46,77.64
4778,28,28,28,133447497.3,48442222.03,36.3
4779,29,29,29,379819721.56,275188955.95,72.45
4780,30,30,30,772978882.36,515226135.71,66.65
4781,31,31,31,737407009.99,640133032.75,86.81
4782,32,32,32,199008543.02,195055842.11,98.01
4783,33,33,33,290497219.77,224780407.13,77.38
4784,34,34,34,69274167.81,57764821.55,83.39
4785,35,35,35,722210770.53,420747395.27,58.26
4786,36,36,36,929790309.84,422953580.86,45.49
4787,37,37,37,438024658.64,422015650.88,96.35
4788,38,38,38,272674148.43,225604867.99,82.74
4789,39,39,39,239565752.63,117815302.65,49.18
4790,40,40,40,785066881.0,785066881.0,100.0
4791,41,41,41,655854008.25,379563279.47,57.87
4792,42,42,42,986501854.26,575388138.41,58.33
4793,43,43,43,951953881.06,546404379.51,57.4
4794,44,44,44,82361482.48,31889531.1,38.72
4795,45,45,45,188697696.02,101453729.85,53.77
4796,46,46,46,154284280.75,106919333.87,69.3
4797,47,47,47,508856617.66,418092415.63,82.16
4798,48,48,48,408136981.23,300617582.04,73.66
4799,49,49,49,791375458.51,659424296.44,83.33
4800,50,50,50,206269077.29,176537276.84,85.59
4801,51,51,51,109909421.71,109909421.71,100.0
4802,52,52,52,634043348.6,480349835.35,75.76
4803,53,53,53,186587994.11,59320801.03,31.79
4804,54,54,54,811406269.57,676870786.94,83.42
4805,55,55,55,271647707.45,162623938.24,59.87
4806,56,56,56,395231020.22,299813033.34,75.86
4807,57,57,57,351958599.97,225191874.48,63.98
4808,58,58,58,948372744.27,948372744.27,100.0
4809,59,59,59,266637985.03,118663727.08,44.5
4810,60,60,60,426530010.23,291822338.31,68.42
4811,61,61,61,415758036.28,349715142.02,84.12
4812,62,62,62,852407455.64,348879014.15,40.93
4813,63,63,63,818701593.79,302946229.2,37.0
4814,64,64,64,854682915.11,552445959.81,64.64
4815,65,65,65,627933814.53,260393102.65,41.47
4816,66,66,66,259493304.59,242075799.94,93.29
4817,67,67,67,205132000.54,79621179.88,38.81
4818,68,68,68,127568014.95,51689539.99,40.52
4819,69,69,69,575806082.43,283146748.79,49.17
4820,70,70,70,392981463.94,120489190.16,30.66
4821,71,71,71,64524241.61,22756172.12,35.27
4822,72,72,72,715002438.05,292679021.72,40.93
4823,73,73,73,468257692.96,358758693.5,76.62
4824,74,74,74,68167523.8,45309573.41,66.47
4825,75,75,75,448108508.19,413034171.72,92.17
4826,76,76,76,947662990.48,566770605.49,59.81
4827,77,77,77,186200945.35,144024355.45,77.35
4828,78,78,78,642404355.72,284368684.44,44.27
4829,79,79,79,433087223.15,408128458.35,94.24
4830,80,80,80,335963122.72,264859769.14,78.84
4831,81,81,81,159155597.91,136895564.97,86.01
4832,82,82,82,385304158.95,132734043.55,34.45
4833,83,83,83,36263632.28,35040539.82,96.63
4834,84,84,84,378511047.37,224816095.25,59.39
4835,85,85,85,569781668.79,383761127.23,67.35
4836,86,86,86,339694699.05,163203059.59,48.04
4837,87,87,87,161291855.88,156021696.72,96.73
4838,88,88,88,437490635.59,329032187.82,75.21
4839,89,89,89,363787002.2,116025361.68,31.89
4840,90,90,90,983608010.24,339919123.29,34.56
4841,91,91,91,568101307.0,184763464.55,32.52
4842,92,92,92,462927933.96,178221656.79,38.5
4843,93,93,93,960411563.46,960411563.46,100.0
4844,94,94,94,786019722.77,753657579.57,95.88
4845,95,95,95,359124357.14,218451481.66,60.83
4846,96,96,96,471345312.48,259638907.61,55.08
4847,97,97,97,520901721.39,245994511.41,47.22
4848,98,98,98,214821471.38,206522193.53,96.14
4849,99,99,99,141157297.91,141157297.91,100.0
4850,100,100,100,162986880.52,162986880.52,100.0
4851,101,101,101,370388213.8,254461688.95,68.7
4852,102,102,102,101698512.02,88892810.33,87.41
4853,103,103,103,205232199.28,163439036.97,79.64
4854,104,104,104,111577178.5,63489211.07,56.9
4855,105,105,105,25588652.98,14179366.11,55.41
4856,106,106,106,399408465.11,332426666.66,83.23
4857,107,107,107,450839357.03,206190825.05,45.73
4858,108,108,108,748957189.78,379124882.22,50.62
4859,109,109,109,571361488.77,571361488.77,100.0
4860,110,110,110,859434408.3,382084455.28,44.46
4861,111,111,111,689246467.0,431937856.44,62.67
4862,112,112,112,819610840.9,631785607.52,77.08
4863,113,113,113,570092194.12,194416344.12,34.1
4864,114,114,114,534157700.56,534157700.56,100.0
4865,115,115,115,967394011.08,967394011.08,100.0
4866,116,116,116,418987591.1,418987591.1,100.0
4867,117,117,117,529689183.52,194144237.53,36.65
4868,118,118,118,702072790.42,219080762.64,31.2
4869,119,119,119,491261707.82,206266634.11,41.99
4870,120,120,120,424116085.19,297576374.17,70.16
4871,121,121,121,671026560.03,381597511.83,56.87
4872,122,122,122,57621607.69,57018061.44,98.95
4873,123,123,123,860203805.83,860203805.83,100.0
4874,124,124,124,977568086.29,627746700.49,64.22
4875,125,125,125,617282973.35,560044432.01,90.73
4876,126,126,126,473784701.04,264480266.26,55.82
4877,127,127,127,458719336.76,458719336.76,100.0
4878,128,128,128,567041622.74,240373021.59,42.39
4879,129,129,129,732478604.56,648262524.04,88.5
4880,130,130,130,306170376.83,304689831.98,99.52
4881,131,131,131,323678654.49,228632750.27,70.64
4882,132,132,132,146226367.08,72909268.82,49.86
4883,133,133,133,730207950.89,722055098.57,98.88
4884,134,134,134,378975281.48,370819422.44,97.85
4885,135,135,135,837853305.48,837853305.48,100.0
4886,136,136,136,485896481.19,485896481.19,100.0
4887,137,137,137,122782761.63,79092610.35,64.42
4888,138,138,138,999891163.9,535271142.51,53.53
4889,139,139,139,819349447.05,355308495.48,43.36
4890,140,140,140,276972134.61,207894335.35,75.06
4891,141,141,141,90182999.27,30164345.53,33.45
4892,142,142,142,41853942.45,13840116.1,33.07
4893,143,143,143,789185542.79,453835432.41,57.51
4894,144,144,144,115709022.49,56766134.09,49.06
4895,145,145,145,264238064.23,249660785.0,94.48
4896,146,146,146,107353753.79,34931757.67,32.54
4897,147,147,147,961843803.12,933610500.73,97.06
4898,148,148,148,338323596.13,292023260.25,86.31
4899,149,149,149,243653988.78,216491444.39,88.85
4900,150,150,150,720023055.72,227039998.64,31.53
4901,151,151,151,653367340.5,643548068.98,98.5
4902,152,152,152,349512217.83,285921453.38,81.81
4903,153,153,153,564157208.42,351823392.96,62.36
4904,154,154,154,630488011.44,481360221.48,76.35
4905,155,155,155,419846318.13,419846318.13,100.0
4906,156,156,156,804778970.23,450118692.43,55.93
4907,157,157,157,752332655.71,677168565.96,90.01
4908,158,158,158,856146713.8,809728199.31,94.58
4909,159,159,159,103280384.46,73406204.04,71.07
4910,160,160,160,587683629.67,587683629.67,100.0
4911,161,161,161,731862691.15,689338586.58,94.19
4912,162,162,162,26945366.72,11652562.64,43.25
4913,163,163,163,611312773.62,489513326.87,80.08
4914,164,164,164,366534081.97,206226893.48,56.26
4915,165,165,165,885076264.47,807743636.93,91.26
4916,166,166,166,830935118.08,786020471.42,94.59
4917,167,167,167,259248105.06,165714713.28,63.92
4918,168,168,168,796473244.34,796473244.34,100.0
4919,169,169,169,144821796.68,88733803.68,61.27
4920,170,170,170,783783416.77,783783416.77,100.0
4921,171,171,171,689003352.73,439084261.79,63.73
4922,172,172,172,827858148.21,350169821.24,42.3
4923,173,173,173,527632206.51,231179516.59,43.81
4924,174,174,174,774349987.97,509486491.65,65.8
4925,175,175,175,733680676.93,398659774.74,54.34
4926,176,176,176,67166400.85,55906395.42,83.24
4927,177,177,177,519815785.93,352184282.44,67.75
4928,178,178,178,565154963.13,486057645.45,86.0
4929,179,179,179,903946989.88,334953675.07,37.05
4930,180,180,180,554556399.59,287291242.19,51.81
4931,181,181,181,901241679.61,780936727.01,86.65
4932,182,182,182,246901074.36,214733843.66,86.97
4933,183,183,183,438084465.82,283064925.76,64.61
4934,184,184,184,531343275.93,420169233.69,79.08
4935,185,185,185,355955675.34,355955675.34,100.0
4936,186,186,186,346611794.62,276067353.04,79.65
4937,187,187,187,169409087.61,67113680.93,39.62
4938,188,188,188,180689632.78,137288705.95,75.98
4939,189,189,189,852179520.04,292270686.92,34.3
4940,190,190,190,740817176.36,443285501.11,59.84
4941,191,191,191,446026896.43,225070237.32,50.46
4942,192,192,192,779041038.04,779041038.04,100.0
4943,193,193,193,158287377.67,51931482.16,32.81
4944,194,194,194,217412198.58,158323402.94,72.82
4945,195,195,195,592991744.08,579599033.4,97.74
4946,196,196,196,113353773.36,68433523.18,60.37
4947,197,197,197,673251866.46,673251866.46,100.0
4948,198,198,198,327429326.95,327429326.95,100.0
4949,199,199,199,895869335.87,895869335.87,100.0
4950,200,200,200,632379158.78,632379158.78,100.0
4951,201,201,201,447235830.94,284974393.05,63.72
4952,202,202,202,546305819.64,292251665.77,53.5
4953,203,203,203,235579816.6,87837894.02,37.29
4954,204,204,204,43894665.74,41260898.38,94.0
4955,205,205,205,65079972.23,33947700.25,52.16
4956,206,206,206,406982884.12,381917991.56,93.84
4957,207,207,207,849243862.77,372910573.98,43.91
4958,208,208,208,694285290.06,223444652.6,32.18
4959,209,209,209,647010797.79,602054315.94,93.05
4960,210,210,210,953322279.6,402027436.34,42.17
4961,211,211,211,894960645.79,834208174.27,93.21
4962,212,212,212,434496407.36,434496407.36,100.0
4963,213,213,213,745689863.08,323688831.3,43.41
4964,214,214,214,509145669.19,505684312.12,99.32
4965,215,215,215,698872041.18,698872041.18,100.0
4966,216,216,216,451139049.72,156405868.17,34.67
4967,217,217,217,582434786.51,270316972.68,46.41
4968,218,218,218,171150384.46,158141848.11,92.4
4969,219,219,219,746432529.78,629303005.63,84.31
4970,220,220,220,57933111.03,57933111.03,100.0
4971,221,221,221,70946662.42,42558447.72,59.99
4972,222,222,222,554721810.66,458509255.67,82.66
4973,223,223,223,647836737.45,322590730.27,49.8
4974,224,224,224,297366989.21,170467589.27,57.33
4975,225,225,225,898881375.21,767604306.13,85.4
4976,226,226,226,505402673.5,472292295.95,93.45
4977,227,227,227,136968633.36,81989865.72,59.86
4978,228,228,228,896620418.82,419609346.08,46.8
4979,229,229,229,575586704.64,300435392.87,52.2
4980,230,230,230,691070157.14,224028368.67,32.42
4981,231,231,231,366519712.47,291145182.51,79.44
4982,232,232,232,857454852.82,679968651.07,79.3
4983,233,233,233,625735234.21,279785509.96,44.71
4984,234,234,234,617641873.98,287497744.38,46.55
4985,235,235,235,344936967.93,249225949.96,72.25
4986,236,236,236,926408642.07,905264927.78,97.72
4987,237,237,237,969294028.82,686818438.24,70.86
4988,238,238,238,666666063.97,203380863.17,30.51
4989,239,239,239,33118888.91,14019772.69,42.33
4990,240,240,240,808415489.19,575753716.52,71.22
4991,241,241,241,499390301.02,164156320.85,32.87
4992,242,242,242,973608109.94,349545196.02,35.9
4993,243,243,243,262873547.81,262359745.8,99.8
4994,244,244,244,88688562.63,88688562.63,100.0
4995,245,245,245,844435829.82,487804533.77,57.77
4996,246,246,246,506631937.61,250204188.12,49.39
4997,247,247,247,363831896.31,363831896.31,100.0
4998,248,248,248,437308022.71,368004235.86,84.15
4999,249,249,249,943282694.07,513736424.24,54.46
5000,250,250,250,53553139.23,21092770.92,39.39
5001,1,1,1,545892327.03,545892327.03,100.0
5002,2,2,2,232926199.37,199944573.48,85.84
5003,3,3,3,839287932.38,596559727.11,71.08
5004,4,4,4,584934206.25,540119636.78,92.34
5005,5,5,5,498248766.82,332364728.58,66.71
5006,6,6,6,609679205.65,275744348.59,45.23
5007,7,7,7,341072501.79,106670426.72,31.28
5008,8,8,8,806749845.21,509433351.54,63.15
5009,9,9,9,594924892.97,594924892.97,100.0
5010,10,10,10,850620894.72,586249842.41,68.92
5011,11,11,11,595088108.81,438985874.83,73.77
5012,12,12,12,179496717.22,179496717.22,100.0
5013,13,13,13,770005839.15,488214968.8,63.4
5014,14,14,14,862032108.05,704043760.71,81.67
5015,15,15,15,781672794.13,293880543.8,37.6
5016,16,16,16,454177243.15,263565263.19,58.03
5017,17,17,17,668830819.28,329760175.57,49.3
5018,18,18,18,775376933.11,603742266.46,77.86
5019,19,19,19,298086403.72,131694595.9,44.18
5020,20,20,20,135863554.28,104335480.0,76.79
5021,21,21,21,959271302.49,929828160.17,96.93
5022,22,22,22,936025973.69,565552043.07,60.42
5023,23,23,23,685526763.49,685526763.49,100.0
5024,24,24,24,592279651.27,445316637.3,75.19
5025,25,25,25,963808010.1,963808010.1,100.0
5026,26,26,26,779998441.03,297235023.07,38.11
5027,27,27,27,442511764.64,442511764.64,100.0
5028,28,28,28,874972530.67,577801241.74,66.04
5029,29,29,29,836165352.37,576494001.97,68.94
5030,30,30,30,549107960.22,453714043.5,82.63
5031,31,31,31,357787601.2,328698255.43,91.87
5032,32,32,32,368936226.47,133306687.02,36.13
5033,33,33,33,555490463.33,328237074.03,59.09
5034,34,34,34,873821348.99,795184870.73,91.0
5035,35,35,35,429500634.45,306074171.3,71.26
5036,36,36,36,117295454.38,65920603.22,56.2
5037,37,37,37,331958959.08,326796008.75,98.44
5038,38,38,38,20079348.04,15739762.17,78.39
5039,39,39,39,879152756.56,475868186.57,54.13
5040,40,40,40,254592647.83,254592647.83,100.0
5041,41,41,41,959109538.14,844741341.53,88.08
5042,42,42,42,385234613.58,239304856.57,62.12
5043,43,43,43,537416771.5,421989683.88,78.52
5044,44,44,44,763035006.83,719320874.02,94.27
5045,45,45,45,50138694.32,19807079.85,39.5
5046,46,46,46,416807633.18,381347628.28,91.49
5047,47,47,47,407123576.79,207532204.36,50.98
5048,48,48,48,47885903.34,29123006.91,60.82
5049,49,49,49,703529348.6,321780682.71,45.74
5050,50,50,50,761483825.12,433197551.84,56.89
5051,51,51,51,598669005.31,492592641.09,82.28
5052,52,52,52,431657644.31,429329951.31,99.46
5053,53,53,53,203654091.07,190898684.19,93.74
5054,54,54,54,202023407.64,202023407.64,100.0
5055,55,55,55,674246299.44,477877868.18,70.88
5056,56,56,56,491336630.47,491336630.47,100.0
5057,57,57,57,655342637.39,438979343.54,66.98
5058,58,58,58,918850063.92,918850063.92,100.0
5059,59,59,59,640496463.78,271537942.09,42.39
5060,60,60,60,74490241.82,28145298.93,37.78
5061,61,61,61,671181795.08,368608124.99,54.92
5062,62,62,62,29805991.91,12849212.6,43.11
5063,63,63,63,954000706.19,727893860.36,76.3
5064,64,64,64,271480250.31,195079182.94,71.86
5065,65,65,65,544813594.16,544813594.16,100.0
5066,66,66,66,608899345.66,505962176.48,83.09
5067,67,67,67,224442424.46,106041285.73,47.25
5068,68,68,68,143043861.27,87813342.41,61.39
5069,69,69,69,807801607.33,750147115.07,92.86
5070,70,70,70,695514113.1,388933603.51,55.92
5071,71,71,71,615672873.01,615672873.01,100.0
5072,72,72,72,180461906.08,55421267.13,30.71
5073,73,73,73,758151870.18,341510382.88,45.05
5074,74,74,74,650190806.14,198133317.48,30.47
5075,75,75,75,585701745.04,372485513.93,63.6
5076,76,76,76,462870732.34,462870732.34,100.0
5077,77,77,77,172653655.68,75756596.75,43.88
5078,78,78,78,197447066.55,128275249.84,64.97
5079,79,79,79,829903961.26,341456797.01,41.14
5080,80,80,80,228612155.58,140678790.89,61.54
5081,81,81,81,909622782.78,393115228.88,43.22
5082,82,82,82,161057632.64,49571060.67,30.78
5083,83,83,83,670746889.09,527993330.76,78.72
5084,84,84,84,416587243.26,164033801.29,39.38
5085,85,85,85,628504981.27,487504477.04,77.57
5086,86,86,86,53912967.28,53912967.28,100.0
5087,87,87,87,362255656.96,145144356.32,40.07
5088,88,88,88,198676885.47,66066106.5,33.25
5089,89,89,89,125770576.66,114201988.36,90.8
5090,90,90,90,38968728.43,30036096.7,77.08
5091,91,91,91,49939124.1,47192440.98,94.5
5092,92,92,92,705663476.28,645760044.81,91.51
5093,93,93,93,502439072.13,225859575.42,44.95
5094,94,94,94,325392316.85,223219045.36,68.6
5095,95,95,95,96646602.77,73887251.06,76.45
5096,96,96,96,182024020.26,114135622.1,62.7
5097,97,97,97,278072528.13,228783119.02,82.27
5098,98,98,98,491711132.52,468878108.95,95.36
5099,99,99,99,937323420.08,728806291.1,77.75
5100,100,100,100,346191051.84,321659856.83,92.91
5101,101,101,101,363235227.52,189421432.18,52.15
5102,102,102,102,716497751.15,541851826.58,75.63
5103,103,103,103,490463096.1,282218636.13,57.54
5104,104,104,104,289664583.59,141003314.02,48.68
5105,105,105,105,164551134.56,164551134.56,100.0
5106,106,106,106,48290645.31,41135726.91,85.18
5107,107,107,107,229012230.22,90038149.87,39.32
5108,108,108,108,923070510.85,817542626.96,88.57
5109,109,109,109,993906315.52,959074054.84,96.5
5110,110,110,110,806145120.5,532426309.99,66.05
5111,111,111,111,467076615.52,402813690.05,86.24
5112,112,112,112,717327498.25,717327498.25,100.0
5113,113,113,113,825114352.68,825114352.68,100.0
5114,114,114,114,365837658.08,270716937.34,74.0
5115,115,115,115,185794152.4,148931400.09,80.16
5116,116,116,116,170859747.54,105124251.78,61.53
5117,117,117,117,578276527.01,519967725.93,89.92
5118,118,118,118,71813182.05,37134027.89,51.71
5119,119,119,119,993853627.13,584491131.74,58.81
5120,120,120,120,452173442.91,374499971.8,82.82
5121,121,121,121,236379404.5,227736931.09,96.34
5122,122,122,122,522740655.04,522740655.04,100.0
5123,123,123,123,256255174.24,107116002.48,41.8
5124,124,124,124,620923329.72,620923329.72,100.0
5125,125,125,125,823107844.45,753402067.96,91.53
5126,126,126,126,428573516.67,164428978.18,38.37
5127,127,127,127,739807596.12,680052231.34,91.92
5128,128,128,128,596247448.48,257551765.66,43.2
5129,129,129,129,177645563.53,150215765.34,84.56
5130,130,130,130,222070137.75,109068319.45,49.11
5131,131,131,131,549232152.02,314976562.08,57.35
5132,132,132,132,850588805.27,449234557.25,52.81
5133,133,133,133,449808285.73,233680828.59,51.95
5134,134,134,134,629531717.21,384512546.18,61.08
5135,135,135,135,761274056.92,694338764.61,91.21
5136,136,136,136,800442247.98,800442247.98,100.0
5137,137,137,137,651123716.21,554012580.82,85.09
5138,138,138,138,784005644.28,355031552.43,45.28
5139,139,139,139,609039893.53,609039893.53,100.0
5140,140,140,140,925231874.02,571041379.07,61.72
5141,141,141,141,348822138.69,291112119.96,83.46
5142,142,142,142,837893564.97,460033988.87,54.9
5143,143,143,143,651442364.97,406815938.32,62.45
5144,144,144,144,577492988.1,477603721.65,82.7
5145,145,145,145,720912714.5,675270517.11,93.67
5146,146,146,146,32875377.96,15791547.57,48.03
5147,147,147,147,783505119.11,253048336.95,32.3
5148,148,148,148,237026700.02,173302696.22,73.12
5149,149,149,149,162266086.79,83945107.81,51.73
5150,150,150,150,667801721.3,531871741.67,79.65
5151,151,151,151,903635511.46,349729344.99,38.7
5152,152,152,152,554515466.6,554515466.6,100.0
5153,153,153,153,241390315.51,136852225.4,56.69
5154,154,154,154,741747453.25,572029501.45,77.12
5155,155,155,155,899704045.56,831743250.22,92.45
5156,156,156,156,737451302.51,657170426.68,89.11
5157,157,157,157,810354324.06,545226544.52,67.28
5158,158,158,158,935862634.5,312001156.21,33.34
5159,159,159,159,529747422.51,402322436.12,75.95
5160,160,160,160,903622418.88,601913517.94,66.61
5161,161,161,161,804540940.69,342614224.16,42.59
5162,162,162,162,356452172.72,228807576.23,64.19
5163,163,163,163,333879850.58,203923324.05,61.08
5164,164,164,164,215905953.76,74177342.67,34.36
5165,165,165,165,669265411.83,634512099.58,94.81
5166,166,166,166,885885303.44,850714060.72,96.03
5167,167,167,167,92977906.95,92977906.95,100.0
5168,168,168,168,583213644.77,526087696.54,90.2
5169,169,169,169,701913148.84,701913148.84,100.0
5170,170,170,170,817067768.2,757824225.01,92.75
5171,171,171,171,561831241.59,210576098.49,37.48
5172,172,172,172,663607241.98,663607241.98,100.0
5173,173,173,173,528195270.03,398871812.23,75.52
5174,174,174,174,200028013.23,116844052.57,58.41
5175,175,175,175,77569991.29,56648541.79,73.03
5176,176,176,176,263372144.19,100434181.39,38.13
5177,177,177,177,815568360.54,380230205.48,46.62
5178,178,178,178,130120064.38,112437707.25,86.41
5179,179,179,179,81003088.85,47246067.85,58.33
5180,180,180,180,229821653.38,69756773.76,30.35
5181,181,181,181,296827051.24,154147774.69,51.93
5182,182,182,182,408210647.07,242709449.9,59.46
5183,183,183,183,834673757.38,643064369.4,77.04
5184,184,184,184,627977832.72,418463340.71,66.64
5185,185,185,185,752972596.9,584520731.61,77.63
5186,186,186,186,891658379.12,695079963.73,77.95
5187,187,187,187,769735495.52,763468004.58,99.19
5188,188,188,188,269106294.79,143722068.21,53.41
5189,189,189,189,552944884.65,183525217.49,33.19
5190,190,190,190,458648965.51,448919307.04,97.88
5191,191,191,191,823856426.01,819138622.16,99.43
5192,192,192,192,257465039.4,114483802.75,44.47
5193,193,193,193,612444891.93,200708421.04,32.77
5194,194,194,194,49102434.53,29742029.8,60.57
5195,195,195,195,331150862.03,284752659.32,85.99
5196,196,196,196,475277011.99,316507200.86,66.59
5197,197,197,197,214445427.53,82663192.95,38.55
5198,198,198,198,675744140.43,675744140.43,100.0
5199,199,199,199,374439848.58,114102503.36,30.47
5200,200,200,200,196152177.38,129029093.71,65.78
5201,201,201,201,870006112.19,870006112.19,100.0
5202,202,202,202,208536750.08,135223181.22,64.84
5203,203,203,203,580348181.66,297035434.58,51.18
5204,204,204,204,490648066.61,342009450.36,69.71
5205,205,205,205,449804643.63,416812050.21,92.67
5206,206,206,206,244324176.13,157497282.01,64.46
5207,207,207,207,821964864.42,821964864.42,100.0
5208,208,208,208,646428939.21,646428939.21,100.0
5209,209,209,209,805884021.27,464095940.13,57.59
5210,210,210,210,728524025.05,728524025.05,100.0
5211,211,211,211,766733116.2,689891113.48,89.98
5212,212,212,212,200198436.31,200198436.31,100.0
5213,213,213,213,612769945.39,612769945.39,100.0
5214,214,214,214,790092910.44,328262731.16,41.55
5215,215,215,215,502076190.05,242613976.13,48.32
5216,216,216,216,622889092.7,501039748.15,80.44
5217,217,217,217,279376281.72,272137867.58,97.41
5218,218,218,218,461674340.04,461674340.04,100.0
5219,219,219,219,840165798.45,696854277.25,82.94
5220,220,220,220,217575134.95,140858767.12,64.74
5221,221,221,221,714177134.49,642813632.86,90.01
5222,222,222,222,639231407.24,639231407.24,100.0
5223,223,223,223,84418567.0,34247938.34,40.57
5224,224,224,224,667837644.61,362324726.12,54.25
5225,225,225,225,461491787.18,448186713.22,97.12
5226,226,226,226,190120303.48,135954191.14,71.51
5227,227,227,227,433034495.73,372477941.59,86.02
5228,228,228,228,135408088.06,54900367.66,40.54
5229,229,229,229,948057714.43,369038601.47,38.93
5230,230,230,230,974815127.46,810072844.95,83.1
5231,231,231,231,431686026.57,431686026.57,100.0
5232,232,232,232,217846516.26,188916646.73,86.72
5233,233,233,233,798648002.1,543395322.95,68.04
5234,234,234,234,322957899.96,166487297.76,51.55
5235,235,235,235,363026258.29,117407565.98,32.34
5236,236,236,236,406494714.6,245574484.36,60.41
5237,237,237,237,718534451.41,286329417.19,39.85
5238,238,238,238,616223865.3,420682201.03,68.27
5239,239,239,239,991386775.31,761941446.57,76.86
5240,240,240,240,841523007.25,841523007.25,100.0
5241,241,241,241,974933042.54,443959740.34,45.54
5242,242,242,242,775294406.92,609843117.8,78.66
5243,243,243,243,428307784.74,231027951.0,53.94
5244,244,244,244,922132496.59,351384453.52,38.11
5245,245,245,245,408459683.51,408459683.51,100.0
5246,246,246,246,109429540.61,109429540.61,100.0
5247,247,247,247,229118716.5,175837536.83,76.75
5248,248,248,248,978984620.45,439961131.51,44.94
5249,249,249,249,189644922.55,189644922.55,100.0
5250,250,250,250,401298921.94,127718718.01,31.83
5251,1,1,1,831930208.91,831930208.91,100.0
5252,2,2,2,508355250.83,182445615.18,35.89
5253,3,3,3,657677002.12,395890669.34,60.2
5254,4,4,4,874447089.41,569785092.45,65.16
5255,5,5,5,116504743.69,54966281.5,47.18
5256,6,6,6,482340085.2,261517666.12,54.22
5257,7,7,7,330173663.18,330173663.18,100.0
5258,8,8,8,637637275.36,215457071.74,33.79
5259,9,9,9,500426781.68,377954430.11,75.53
5260,10,10,10,348214180.96,272637038.5,78.3
5261,11,11,11,210463320.69,132691669.95,63.05
5262,12,12,12,153373687.37,153373687.37,100.0
5263,13,13,13,745840331.62,316684171.69,42.46
5264,14,14,14,828856734.8,772377704.23,93.19
5265,15,15,15,786226458.18,451915050.3,57.48
5266,16,16,16,676261598.03,675896091.88,99.95
5267,17,17,17,629751632.0,629751632.0,100.0
5268,18,18,18,414538343.11,253627680.01,61.18
5269,19,19,19,642360785.59,388113174.53,60.42
5270,20,20,20,126323995.55,53832586.65,42.61
5271,21,21,21,574535372.92,253739476.22,44.16
5272,22,22,22,584996122.66,255258594.17,43.63
5273,23,23,23,500402962.98,379458943.07,75.83
5274,24,24,24,805339896.76,805339896.76,100.0
5275,25,25,25,375797035.13,140676141.96,37.43
5276,26,26,26,328762536.19,328762536.19,100.0
5277,27,27,27,115294012.88,81964382.38,71.09
5278,28,28,28,324604664.14,229635377.89,70.74
5279,29,29,29,371005741.09,334105737.62,90.05
5280,30,30,30,97266658.89,32907837.31,33.83
5281,31,31,31,740488310.96,533983152.52,72.11
5282,32,32,32,43615762.98,40443582.53,92.73
5283,33,33,33,907485694.01,495871134.56,54.64
5284,34,34,34,112133599.39,55333762.14,49.35
5285,35,35,35,242425150.31,91565429.84,37.77
5286,36,36,36,179630218.62,154638342.74,86.09
5287,37,37,37,641923395.15,486287092.2,75.75
5288,38,38,38,990246418.6,990246418.6,100.0
5289,39,39,39,835678948.18,835678948.18,100.0
5290,40,40,40,77720099.05,59840003.45,76.99
5291,41,41,41,120221328.48,107546435.02,89.46
5292,42,42,42,540925131.41,174563354.91,32.27
5293,43,43,43,782076029.56,239965979.03,30.68
5294,44,44,44,715242556.71,686902303.58,96.04
5295,45,45,45,515099696.01,324182208.06,62.94
5296,46,46,46,35391242.51,20222787.08,57.14
5297,47,47,47,986106728.98,473237595.45,47.99
5298,48,48,48,763235695.55,753298280.06,98.7
5299,49,49,49,615555179.77,326227169.21,53.0
5300,50,50,50,714562504.2,441233828.93,61.75
5301,51,51,51,600528182.17,449390196.62,74.83
5302,52,52,52,705337059.07,213531432.99,30.27
5303,53,53,53,336561290.82,324661583.97,96.46
5304,54,54,54,812058334.63,768282832.4,94.61
5305,55,55,55,77513415.26,34497187.15,44.5
5306,56,56,56,488382685.5,261020966.63,53.45
5307,57,57,57,958573479.39,622247737.48,64.91
5308,58,58,58,574984006.24,419624559.66,72.98
5309,59,59,59,229648459.62,110557026.9,48.14
5310,60,60,60,548225754.67,354407991.76,64.65
5311,61,61,61,256344266.46,89299582.24,34.84
5312,62,62,62,338279665.4,124552004.46,36.82
5313,63,63,63,10123464.2,6155753.42,60.81
5314,64,64,64,887288595.73,434052971.38,48.92
5315,65,65,65,141203370.43,77977619.57,55.22
5316,66,66,66,794335912.9,678356125.92,85.4
5317,67,67,67,751493931.49,380789230.04,50.67
5318,68,68,68,29169040.47,11154662.89,38.24
5319,69,69,69,27910501.42,14064890.34,50.39
5320,70,70,70,349286897.5,154058386.5,44.11
5321,71,71,71,340211374.65,340211374.65,100.0
5322,72,72,72,526453752.62,209328482.0,39.76
5323,73,73,73,126206596.52,68558635.93,54.32
5324,74,74,74,541660188.07,541660188.07,100.0
5325,75,75,75,780785519.29,675332069.38,86.49
5326,76,76,76,759982821.52,523689496.54,68.91
5327,77,77,77,821140947.06,527025332.06,64.18
5328,78,78,78,691505632.69,562580851.31,81.36
5329,79,79,79,293577937.68,95420799.65,32.5
5330,80,80,80,836150572.0,258342204.15,30.9
5331,81,81,81,619539656.16,327842840.05,52.92
5332,82,82,82,273309133.62,263983143.15,96.59
5333,83,83,83,374323439.17,278394316.33,74.37
5334,84,84,84,523472172.43,396877860.09,75.82
5335,85,85,85,38405255.05,29912300.09,77.89
5336,86,86,86,874654788.5,506079216.31,57.86
5337,87,87,87,410901153.32,140654356.39,34.23
5338,88,88,88,380335770.61,171200130.02,45.01
5339,89,89,89,202620718.73,179533439.77,88.61
5340,90,90,90,487950730.59,320075705.3,65.6
5341,91,91,91,249075702.01,209025972.56,83.92
5342,92,92,92,833802855.08,635619079.83,76.23
5343,93,93,93,997338942.53,687374587.4,68.92
5344,94,94,94,358491780.57,111187394.17,31.02
5345,95,95,95,161616085.75,78890156.9,48.81
5346,96,96,96,65833647.63,53382475.74,81.09
5347,97,97,97,574211043.36,574211043.36,100.0
5348,98,98,98,755795021.45,454995239.73,60.2
5349,99,99,99,904456833.2,893071059.93,98.74
5350,100,100,100,70335362.9,63713615.41,90.59
5351,101,101,101,955399857.39,615897329.17,64.46
5352,102,102,102,365698029.01,250790632.11,68.58
5353,103,103,103,70892641.36,70162930.01,98.97
5354,104,104,104,113580800.79,85760800.78,75.51
5355,105,105,105,703342239.63,499089195.56,70.96
5356,106,106,106,376992344.44,376992344.44,100.0
5357,107,107,107,589552175.6,589552175.6,100.0
5358,108,108,108,865211079.98,782912161.55,90.49
5359,109,109,109,436329135.79,436329135.79,100.0
5360,110,110,110,595598637.06,446325245.52,74.94
5361,111,111,111,867142268.91,350739700.74,40.45
5362,112,112,112,987339116.88,319566283.17,32.37
5363,113,113,113,747696107.69,358078106.49,47.89
5364,114,114,114,668153582.29,340666449.31,50.99
5365,115,115,115,366724074.04,339770021.69,92.65
5366,116,116,116,946437702.06,671933004.21,71.0
5367,117,117,117,564500323.96,564500323.96,100.0
5368,118,118,118,392057951.44,122049455.3,31.13
5369,119,119,119,427061660.22,194515865.22,45.55
5370,120,120,120,39096700.25,19925168.46,50.96
5371,121,121,121,720189007.43,536718663.1,74.52
5372,122,122,122,719611502.49,625131909.56,86.87
5373,123,123,123,324545337.28,324545337.28,100.0
5374,124,124,124,293812911.63,235869300.34,80.28
5375,125,125,125,775551049.69,612739762.65,79.01
5376,126,126,126,227079968.6,129136742.15,56.87
5377,127,127,127,651528743.24,651528743.24,100.0
5378,128,128,128,819849634.83,627963873.72,76.6
5379,129,129,129,359512755.23,220089477.47,61.22
5380,130,130,130,59007211.79,27388576.37,46.42
5381,131,131,131,364397631.61,265637925.0,72.9
5382,132,132,132,678443299.44,599175983.71,88.32
5383,133,133,133,447329039.17,198002709.78,44.26
5384,134,134,134,925028662.33,925028662.33,100.0
5385,135,135,135,528814497.27,468266966.5,88.55
5386,136,136,136,970520309.09,606667502.17,62.51
5387,137,137,137,666763908.73,409768240.39,61.46
5388,138,138,138,819419051.54,583453027.51,71.2
5389,139,139,139,642072484.49,290685148.19,45.27
5390,140,140,140,509264122.09,498898551.45,97.96
5391,141,141,141,574727456.0,489503217.24,85.17
5392,142,142,142,826157361.74,700658984.87,84.81
5393,143,143,143,568398246.46,471610379.37,82.97
5394,144,144,144,924682263.33,786221046.41,85.03
5395,145,145,145,310939224.8,285925772.41,91.96
5396,146,146,146,427152821.05,391354087.79,91.62
5397,147,147,147,471184241.83,397469136.25,84.36
5398,148,148,148,663930215.14,272149909.26,40.99
5399,149,149,149,780808482.78,605990545.37,77.61
5400,150,150,150,633460548.52,432002899.23,68.2
5401,151,151,151,873703110.72,397867675.28,45.54
5402,152,152,152,966963932.76,602861899.71,62.35
5403,153,153,153,45564624.4,29182942.78,64.05
5404,154,154,154,12404993.59,7435876.05,59.94
5405,155,155,155,257598504.06,152434767.33,59.18
5406,156,156,156,114000442.01,47234193.96,41.43
5407,157,157,157,812775792.86,356695418.76,43.89
5408,158,158,158,807544832.45,358212677.25,44.36
5409,159,159,159,130679471.4,65458890.93,50.09
5410,160,160,160,516777324.79,516777324.79,100.0
5411,161,161,161,916375796.0,874650625.73,95.45
5412,162,162,162,151858570.15,151858570.15,100.0
5413,163,163,163,648855531.58,640614857.98,98.73
5414,164,164,164,748128748.3,518216652.67,69.27
5415,165,165,165,912258598.05,546044331.0,59.86
5416,166,166,166,597057978.6,211133848.66,35.36
5417,167,167,167,505696588.62,459321789.47,90.83
5418,168,168,168,469388317.35,280044676.69,59.66
5419,169,169,169,327936128.16,316469521.25,96.5
5420,170,170,170,466805249.46,453104539.41,97.07
5421,171,171,171,189370451.17,146740034.45,77.49
5422,172,172,172,679762077.51,293261553.44,43.14
5423,173,173,173,221700171.82,221700171.82,100.0
5424,174,174,174,59419627.72,20251234.43,34.08
5425,175,175,175,475286246.73,258572632.11,54.4
5426,176,176,176,801825216.64,699459929.29,87.23
5427,177,177,177,237940918.65,107945663.61,45.37
5428,178,178,178,812646023.73,463674701.05,57.06
5429,179,179,179,723811704.6,443292066.97,61.24
5430,180,180,180,631980023.67,292032437.53,46.21
5431,181,181,181,593508060.59,593508060.59,100.0
5432,182,182,182,279578366.91,225435183.31,80.63
5433,183,183,183,487636177.54,245044274.29,50.25
5434,184,184,184,255330244.83,250470648.18,98.1
5435,185,185,185,153562881.11,86686174.41,56.45
5436,186,186,186,588524484.56,177444390.05,30.15
5437,187,187,187,773592239.86,518085554.22,66.97
5438,188,188,188,445613260.59,364680229.7,81.84
5439,189,189,189,739411904.57,306225347.62,41.41
5440,190,190,190,707898691.34,672538524.63,95.0
5441,191,191,191,457783105.72,232015414.84,50.68
5442,192,192,192,748893693.28,482609917.52,64.44
5443,193,193,193,323691705.57,323691705.57,100.0
5444,194,194,194,806422243.54,564786178.47,70.04
5445,195,195,195,341446647.06,114121407.28,33.42
5446,196,196,196,685929602.92,685929602.92,100.0
5447,197,197,197,680316539.52,583388815.23,85.75
5448,198,198,198,421735210.4,421735210.4,100.0
5449,199,199,199,713847478.36,457596297.25,64.1
5450,200,200,200,891272557.95,891272557.95,100.0
5451,201,201,201,77015785.1,32608799.84,42.34
5452,202,202,202,302443413.21,281649582.69,93.12
5453,203,203,203,127908404.98,125769938.91,98.33
5454,204,204,204,186896065.68,165466453.62,88.53
5455,205,205,205,199312334.21,186969418.05,93.81
5456,206,206,206,964704086.86,734413183.7,76.13
5457,207,207,207,703346880.9,434632233.57,61.79
5458,208,208,208,584533463.73,484443504.88,82.88
5459,209,209,209,590975178.21,188115702.37,31.83
5460,210,210,210,102447218.47,85032048.96,83.0
5461,211,211,211,372233867.1,196345844.07,52.75
5462,212,212,212,894962511.46,840493316.82,93.91
5463,213,213,213,20136541.28,9539804.13,47.38
5464,214,214,214,29232154.86,18266055.77,62.49
5465,215,215,215,281675244.34,125948994.24,44.71
5466,216,216,216,638422361.6,456686706.85,71.53
5467,217,217,217,868781513.61,666363620.93,76.7
5468,218,218,218,43388337.68,37933266.99,87.43
5469,219,219,219,523658967.28,221952639.98,42.38
5470,220,220,220,631633815.7,576074767.52,91.2
5471,221,221,221,70168531.88,43178558.9,61.54
5472,222,222,222,477982458.97,401032352.85,83.9
5473,223,223,223,904247550.08,398438123.94,44.06
5474,224,224,224,362084076.82,192878940.73,53.27
5475,225,225,225,467830683.63,198329678.12,42.39
5476,226,226,226,573414573.59,321670536.3,56.1
5477,227,227,227,145947229.89,145947229.89,100.0
5478,228,228,228,473735454.08,227230988.05,47.97
5479,229,229,229,530359718.34,234254403.16,44.17
5480,230,230,230,163451162.17,67184037.04,41.1
5481,231,231,231,755949974.6,660656632.53,87.39
5482,232,232,232,128935512.86,101875799.36,79.01
5483,233,233,233,245484692.44,222332778.18,90.57
5484,234,234,234,649016440.29,442254524.66,68.14
5485,235,235,235,296094129.67,252355674.87,85.23
5486,236,236,236,103547789.54,103021146.85,99.49
5487,237,237,237,487292908.0,409738014.71,84.08
5488,238,238,238,355915994.35,278036325.38,78.12
5489,239,239,239,449153953.33,224538908.84,49.99
5490,240,240,240,184190239.27,58769941.89,31.91
5491,241,241,241,971745685.01,971745685.01,100.0
5492,242,242,242,150504360.23,67324544.12,44.73
5493,243,243,243,299909729.59,299909729.59,100.0
5494,244,244,244,499917552.1,198660793.68,39.74
5495,245,245,245,916749070.22,916749070.22,100.0
5496,246,246,246,97658103.17,97658103.17,100.0
5497,247,247,247,621640513.06,550850386.37,88.61
5498,248,248,248,175862733.17,103782062.13,59.01
5499,249,249,249,654698119.66,603260662.58,92.14
5500,250,250,250,575262968.06,542031171.44,94.22
5501,1,1,1,809079959.75,809079959.75,100.0
5502,2,2,2,52682413.57,17328809.66,32.89
5503,3,3,3,124887715.87,115095110.34,92.16
5504,4,4,4,708130077.85,697655157.51,98.52
5505,5,5,5,223685809.37,199317382.5,89.11
5506,6,6,6,11382928.23,10351391.2,90.94
5507,7,7,7,881414155.16,275666807.36,31.28
5508,8,8,8,969770501.51,969770501.51,100.0
5509,9,9,9,288578231.27,185705177.22,64.35
5510,10,10,10,348883853.57,299539359.59,85.86
5511,11,11,11,314014405.11,183424384.28,58.41
5512,12,12,12,649221782.4,395811601.22,60.97
5513,13,13,13,436117695.19,329732484.84,75.61
5514,14,14,14,86615963.63,32647245.28,37.69
5515,15,15,15,634670740.77,232416430.45,36.62
5516,16,16,16,775861315.54,444931772.28,57.35
5517,17,17,17,940593108.6,550848666.43,58.56
5518,18,18,18,410687724.63,312816033.57,76.17
5519,19,19,19,94050893.38,67616622.38,71.89
5520,20,20,20,186129585.2,113451032.07,60.95
5521,21,21,21,472121480.64,375443008.12,79.52
5522,22,22,22,693051192.8,629810449.92,90.88
5523,23,23,23,658908771.54,276346611.28,41.94
5524,24,24,24,790986817.1,302376561.87,38.23
5525,25,25,25,544075638.74,179632979.15,33.02
5526,26,26,26,836703159.19,265594593.01,31.74
5527,27,27,27,225746458.94,225746458.94,100.0
5528,28,28,28,320686778.85,183221775.81,57.13
5529,29,29,29,132155357.2,100839846.9,76.3
5530,30,30,30,433321852.08,433321852.08,100.0
5531,31,31,31,569098484.36,520216850.79,91.41
5532,32,32,32,465790422.79,240672216.22,51.67
5533,33,33,33,330997838.46,243456183.63,73.55
5534,34,34,34,171534126.86,88054030.03,51.33
5535,35,35,35,723073097.21,283814611.64,39.25
5536,36,36,36,520787603.04,477496043.63,91.69
5537,37,37,37,751141110.4,635979188.71,84.67
5538,38,38,38,622625515.25,614088659.5,98.63
5539,39,39,39,595513788.67,349512908.39,58.69
5540,40,40,40,987831361.58,641543905.27,64.94
5541,41,41,41,835611092.15,743550636.99,88.98
5542,42,42,42,562180070.38,562180070.38,100.0
5543,43,43,43,299804867.02,248422309.82,82.86
5544,44,44,44,194812793.73,68068809.45,34.94
5545,45,45,45,956825396.49,956825396.49,100.0
5546,46,46,46,988769724.47,590276874.1,59.7
5547,47,47,47,935273287.54,810835460.0,86.7
5548,48,48,48,155450409.38,139299827.93,89.61
5549,49,49,49,708129028.56,376482591.18,53.17
5550,50,50,50,640157458.71,267255209.08,41.75
5551,51,51,51,417850555.47,347306032.05,83.12
5552,52,52,52,243803558.3,202179931.77,82.93
5553,53,53,53,832931980.11,775037683.21,93.05
5554,54,54,54,774749651.16,645220647.34,83.28
5555,55,55,55,663952419.34,563715557.93,84.9
5556,56,56,56,635455461.85,472066753.61,74.29
5557,57,57,57,831501671.54,576289835.0,69.31
5558,58,58,58,383694275.74,289077895.79,75.34
5559,59,59,59,744443804.8,464903058.77,62.45
5560,60,60,60,308763488.38,224085184.97,72.58
5561,61,61,61,939564850.87,939564850.87,100.0
5562,62,62,62,333800454.8,218841393.18,65.56
5563,63,63,63,765397758.58,577244440.77,75.42
5564,64,64,64,736252754.53,472027413.02,64.11
5565,65,65,65,810230468.11,810230468.11,100.0
5566,66,66,66,855613907.14,549872092.47,64.27
5567,67,67,67,612317701.01,412442714.94,67.36
5568,68,68,68,206953365.38,132419253.61,63.99
5569,69,69,69,250649948.12,176440760.0,70.39
5570,70,70,70,170757057.06,167262816.83,97.95
5571,71,71,71,749517647.21,681946276.81,90.98
5572,72,72,72,567868145.16,550934409.67,97.02
5573,73,73,73,477553198.9,477553198.9,100.0
5574,74,74,74,890996241.65,873066269.41,97.99
5575,75,75,75,87271510.61,27828614.46,31.89
5576,76,76,76,395071953.56,348277885.18,88.16
5577,77,77,77,151763520.64,121069866.08,79.78
5578,78,78,78,12405415.92,8745986.43,70.5
5579,79,79,79,376499071.63,350838234.57,93.18
5580,80,80,80,508094641.87,463992432.04,91.32
5581,81,81,81,68364500.44,56590094.8,82.78
5582,82,82,82,421466938.67,248184168.21,58.89
5583,83,83,83,228884905.94,154091633.8,67.32
5584,84,84,84,474356229.71,337616509.78,71.17
5585,85,85,85,766179609.18,633416784.06,82.67
5586,86,86,86,432583510.72,432583510.72,100.0
5587,87,87,87,151323132.02,129270328.28,85.43
5588,88,88,88,565375650.13,361809293.29,63.99
5589,89,89,89,142846782.3,132697480.15,92.89
5590,90,90,90,852116037.29,383583750.89,45.02
5591,91,91,91,633997436.24,303813307.53,47.92
5592,92,92,92,55125549.57,55125549.57,100.0
5593,93,93,93,528922441.8,343636795.62,64.97
5594,94,94,94,481831277.88,211158415.8,43.82
5595,95,95,95,842016826.43,744636396.45,88.43
5596,96,96,96,845080536.69,457865607.97,54.18
5597,97,97,97,734377996.58,734377996.58,100.0
5598,98,98,98,823859341.71,334940802.57,40.66
5599,99,99,99,614383063.19,291087470.25,47.38
5600,100,100,100,597468063.4,454843360.72,76.13
5601,101,101,101,354434133.59,113893192.63,32.13
5602,102,102,102,441715679.42,169734239.02,38.43
5603,103,103,103,561821691.32,561821691.32,100.0
5604,104,104,104,461244471.21,345082442.47,74.82
5605,105,105,105,675949768.89,373279098.74,55.22
5606,106,106,106,382656498.44,172292549.56,45.03
5607,107,107,107,693917655.52,693917655.52,100.0
5608,108,108,108,349623816.97,193096986.0,55.23
5609,109,109,109,562675996.25,509547286.67,90.56
5610,110,110,110,822594956.34,603228256.27,73.33
5611,111,111,111,786056924.12,723852566.29,92.09
5612,112,112,112,349354854.64,200565714.25,57.41
5613,113,113,113,739970866.57,676833165.72,91.47
5614,114,114,114,421880846.39,322083479.04,76.34
5615,115,115,115,76564907.69,76564907.69,100.0
5616,116,116,116,47869601.97,47316986.35,98.85
5617,117,117,117,877138640.03,592223369.76,67.52
5618,118,118,118,125442891.66,125442891.66,100.0
5619,119,119,119,763821713.17,763821713.17,100.0
5620,120,120,120,395836821.38,240612344.76,60.79
5621,121,121,121,225242229.25,74156872.73,32.92
5622,122,122,122,243995996.32,89214631.32,36.56
5623,123,123,123,517240968.83,459239331.25,88.79
5624,124,124,124,942044359.95,802232180.16,85.16
5625,125,125,125,567219216.29,260473612.55,45.92
5626,126,126,126,519305043.25,329150477.31,63.38
5627,127,127,127,367389869.67,367389869.67,100.0
5628,128,128,128,141957294.97,102958371.17,72.53
5629,129,129,129,134563629.89,90823556.11,67.49
5630,130,130,130,553274415.6,199718473.97,36.1
5631,131,131,131,406721669.15,249580543.31,61.36
5632,132,132,132,328290494.94,272518434.98,83.01
5633,133,133,133,241748049.13,89626027.52,37.07
5634,134,134,134,780217736.67,657705400.49,84.3
5635,135,135,135,989400065.14,622794959.91,62.95
5636,136,136,136,284733801.0,94325918.92,33.13
5637,137,137,137,740317244.88,378744660.36,51.16
5638,138,138,138,165810968.06,134481137.32,81.11
5639,139,139,139,714278645.07,631859443.56,88.46
5640,140,140,140,275096124.62,196809194.81,71.54
5641,141,141,141,884599624.19,666504245.7,75.35
5642,142,142,142,151475749.42,132712110.79,87.61
5643,143,143,143,532885111.5,361051434.06,67.75
5644,144,144,144,693914208.75,486586205.89,70.12
5645,145,145,145,153408440.58,107451020.69,70.04
5646,146,146,146,725726842.31,464765925.68,64.04
5647,147,147,147,899243007.5,588211120.51,65.41
5648,148,148,148,737420288.52,509242472.43,69.06
5649,149,149,149,346196180.14,321593203.6,92.89
5650,150,150,150,295009297.02,281486351.11,95.42
5651,151,151,151,20052022.56,7033918.1,35.08
5652,152,152,152,702931760.47,604323981.48,85.97
5653,153,153,153,973048628.78,870107447.57,89.42
5654,154,154,154,853494821.11,498976613.61,58.46
5655,155,155,155,124208192.74,73465595.51,59.15
5656,156,156,156,843380849.08,843380849.08,100.0
5657,157,157,157,610498626.3,308954622.68,50.61
5658,158,158,158,102804439.12,57284471.24,55.72
5659,159,159,159,662661385.43,656133603.91,99.01
5660,160,160,160,75500860.91,64422940.54,85.33
5661,161,161,161,37131232.19,13923032.57,37.5
5662,162,162,162,733143647.28,537406888.96,73.3
5663,163,163,163,820263924.0,533292920.05,65.01
5664,164,164,164,364658921.31,149384016.36,40.97
5665,165,165,165,130926429.15,130926429.15,100.0
5666,166,166,166,438623759.63,293330766.0,66.88
5667,167,167,167,573573208.83,573573208.83,100.0
5668,168,168,168,559053281.08,559053281.08,100.0
5669,169,169,169,713191870.13,588561696.85,82.53
5670,170,170,170,851537899.33,330918361.19,38.86
5671,171,171,171,975262960.45,702681208.5,72.05
5672,172,172,172,477897150.13,372117807.99,77.87
5673,173,173,173,309872662.87,309872662.87,100.0
5674,174,174,174,323472784.8,112241983.1,34.7
5675,175,175,175,218237242.6,110573014.22,50.67
5676,176,176,176,646150561.29,314846581.28,48.73
5677,177,177,177,431627335.95,216199175.88,50.09
5678,178,178,178,675150329.66,316902875.54,46.94
5679,179,179,179,218813436.74,218813436.74,100.0
5680,180,180,180,631475250.39,536456175.83,84.95
5681,181,181,181,886319552.3,765948390.25,86.42
5682,182,182,182,848153231.62,262890551.3,31.0
5683,183,183,183,978345235.57,832652112.33,85.11
5684,184,184,184,483786350.74,302353129.11,62.5
5685,185,185,185,151047082.92,48195997.18,31.91
5686,186,186,186,264477502.4,81812540.48,30.93
5687,187,187,187,815889149.45,713102950.34,87.4
5688,188,188,188,440766463.82,302470262.1,68.62
5689,189,189,189,713250708.14,287564380.86,40.32
5690,190,190,190,695490792.27,275080737.84,39.55
5691,191,191,191,681406754.94,449045721.6,65.9
5692,192,192,192,38545379.74,29607699.67,76.81
5693,193,193,193,680151067.91,432510913.41,63.59
5694,194,194,194,624721265.3,517025901.41,82.76
5695,195,195,195,288837544.36,288837544.36,100.0
5696,196,196,196,31611113.86,31611113.86,100.0
5697,197,197,197,397354337.19,148033817.93,37.25
5698,198,198,198,543304167.11,376783837.72,69.35
5699,199,199,199,748588917.04,380369476.6,50.81
5700,200,200,200,852380349.46,798709551.41,93.7
5701,201,201,201,930840483.97,381380876.11,40.97
5702,202,202,202,231370196.2,222684153.81,96.25
5703,203,203,203,223819861.68,115051897.96,51.4
5704,204,204,204,462739988.26,208276471.56,45.01
5705,205,205,205,316485628.59,100305654.91,31.69
5706,206,206,206,119877098.26,47934576.01,39.99
5707,207,207,207,967597627.25,643750205.09,66.53
5708,208,208,208,689450684.77,574971219.89,83.4
5709,209,209,209,733183222.51,398384303.24,54.34
5710,210,210,210,782279474.58,660630791.88,84.45
5711,211,211,211,113226487.41,113226487.41,100.0
5712,212,212,212,887086419.19,755383555.94,85.15
5713,213,213,213,654984487.41,330868722.14,50.52
5714,214,214,214,219707808.31,219707808.31,100.0
5715,215,215,215,464153814.58,446768407.5,96.25
5716,216,216,216,321218622.29,272435501.13,84.81
5717,217,217,217,935417105.31,871314074.68,93.15
5718,218,218,218,495722132.63,276351915.08,55.75
5719,219,219,219,913892451.33,566585139.74,62.0
5720,220,220,220,317276614.52,215554459.21,67.94
5721,221,221,221,895339566.55,556765975.04,62.18
5722,222,222,222,741469453.72,582331849.59,78.54
5723,223,223,223,926039420.93,435201373.74,47.0
5724,224,224,224,240685751.39,222126533.28,92.29
5725,225,225,225,334487868.59,321453322.49,96.1
5726,226,226,226,904941528.65,547049980.95,60.45
5727,227,227,227,22672715.56,18424248.15,81.26
5728,228,228,228,133746124.06,128281930.45,95.91
5729,229,229,229,55618387.97,55618387.97,100.0
5730,230,230,230,797020405.08,695343914.99,87.24
5731,231,231,231,973591731.61,788164565.21,80.95
5732,232,232,232,721351911.83,487009357.19,67.51
5733,233,233,233,921719318.05,579065400.69,62.82
5734,234,234,234,923961584.14,715501144.19,77.44
5735,235,235,235,698859799.56,698859799.56,100.0
5736,236,236,236,614894957.12,368830970.07,59.98
5737,237,237,237,368532295.26,237302956.2,64.39
5738,238,238,238,495380060.12,363516191.99,73.38
5739,239,239,239,519910487.28,220245176.27,42.36
5740,240,240,240,948943616.35,948943616.35,100.0
5741,241,241,241,37654707.86,37654707.86,100.0
5742,242,242,242,892189174.0,707021669.6,79.25
5743,243,243,243,164014764.37,101674701.94,61.99
5744,244,244,244,711336554.25,344598228.34,48.44
5745,245,245,245,562064680.2,261583565.27,46.54
5746,246,246,246,39657507.13,39657507.13,100.0
5747,247,247,247,97787700.26,66322362.9,67.82
5748,248,248,248,188121331.51,99492976.61,52.89
5749,249,249,249,358655314.91,254013667.4,70.82
5750,250,250,250,36453021.26,32113648.52,88.1
5751,1,1,1,386198434.57,213613780.87,55.31
5752,2,2,2,56616253.07,38040527.45,67.19
5753,3,3,3,758234897.31,632859880.5,83.46
5754,4,4,4,827053725.21,811051036.05,98.07
5755,5,5,5,559702401.14,406444089.17,72.62
5756,6,6,6,181355433.04,110667832.73,61.02
5757,7,7,7,695879271.87,317642315.22,45.65
5758,8,8,8,132507325.23,104294396.11,78.71
5759,9,9,9,956871145.06,542138263.01,56.66
5760,10,10,10,170124562.7,106546621.04,62.63
5761,11,11,11,671329208.49,457687839.33,68.18
5762,12,12,12,746436842.5,273782282.01,36.68
5763,13,13,13,566979218.29,316451472.72,55.81
5764,14,14,14,66141907.44,64039173.14,96.82
5765,15,15,15,851342672.1,750444073.91,88.15
5766,16,16,16,796973338.25,453038517.8,56.84
5767,17,17,17,707173983.46,364804888.76,51.59
5768,18,18,18,178147224.82,178147224.82,100.0
5769,19,19,19,140789593.82,65642944.69,46.62
5770,20,20,20,626628885.82,377658669.48,60.27
5771,21,21,21,150802558.6,139688329.93,92.63
5772,22,22,22,791954510.34,658738485.17,83.18
5773,23,23,23,346723373.54,346723373.54,100.0
5774,24,24,24,149874682.42,134884943.54,90.0
5775,25,25,25,295718029.62,266307857.27,90.05
5776,26,26,26,228052749.08,197750110.68,86.71
5777,27,27,27,381171102.24,239000910.08,62.7
5778,28,28,28,646528842.95,586176335.76,90.67
5779,29,29,29,711672226.17,415955547.31,58.45
5780,30,30,30,850407804.6,850407804.6,100.0
5781,31,31,31,586027843.55,570949971.13,97.43
5782,32,32,32,566668057.37,423801146.47,74.79
5783,33,33,33,190132955.43,190132955.43,100.0
5784,34,34,34,95659002.42,61200985.06,63.98
5785,35,35,35,941594950.8,941594950.8,100.0
5786,36,36,36,305025813.5,118151090.77,38.73
5787,37,37,37,313338780.15,274406968.41,87.58
5788,38,38,38,980967370.77,917772368.87,93.56
5789,39,39,39,20201339.45,20201339.45,100.0
5790,40,40,40,925653081.77,925653081.77,100.0
5791,41,41,41,140795530.39,118746737.33,84.34
5792,42,42,42,526449193.26,502443382.8,95.44
5793,43,43,43,82899484.88,39201735.35,47.29
5794,44,44,44,38509430.93,17348599.66,45.05
5795,45,45,45,573605592.21,573605592.21,100.0
5796,46,46,46,494158797.29,208670581.27,42.23
5797,47,47,47,255742002.29,255742002.29,100.0
5798,48,48,48,572859379.46,404206958.45,70.56
5799,49,49,49,795870707.69,523199454.24,65.74
5800,50,50,50,679605891.2,606946030.5,89.31
5801,51,51,51,274414158.03,94606168.77,34.48
5802,52,52,52,616895800.26,438897616.18,71.15
5803,53,53,53,258195801.5,251939986.6,97.58
5804,54,54,54,545059072.43,340223861.79,62.42
5805,55,55,55,435331906.75,307886057.96,70.72
5806,56,56,56,498868490.77,151692242.75,30.41
5807,57,57,57,541672512.23,339743090.19,62.72
5808,58,58,58,301905140.67,242680376.43,80.38
5809,59,59,59,466898512.11,406338501.1,87.03
5810,60,60,60,867312879.84,823815187.23,94.98
5811,61,61,61,879650686.13,512303681.8,58.24
5812,62,62,62,139759154.81,135315042.22,96.82
5813,63,63,63,675457166.64,541121677.97,80.11
5814,64,64,64,566826095.45,351756783.85,62.06
5815,65,65,65,688261187.59,474975848.77,69.01
5816,66,66,66,211063736.42,115761958.75,54.85
5817,67,67,67,552600968.71,531427248.57,96.17
5818,68,68,68,833176953.34,386244566.79,46.36
5819,69,69,69,742248456.76,462175267.97,62.27
5820,70,70,70,963642682.87,573021824.47,59.46
5821,71,71,71,851570680.83,659821496.97,77.48
5822,72,72,72,787297641.04,353865861.36,44.95
5823,73,73,73,804043151.74,503358904.98,62.6
5824,74,74,74,400715647.63,253035772.03,63.15
5825,75,75,75,409854891.83,170511709.88,41.6
5826,76,76,76,203630043.51,63127486.58,31.0
5827,77,77,77,895990554.54,745132302.99,83.16
5828,78,78,78,560666014.49,497693316.59,88.77
5829,79,79,79,986237578.86,601730298.66,61.01
5830,80,80,80,79356831.79,57100152.27,71.95
5831,81,81,81,817090805.45,275010631.13,33.66
5832,82,82,82,34721327.79,34439880.42,99.19
5833,83,83,83,694069456.5,282869727.67,40.76
5834,84,84,84,281035855.36,281035855.36,100.0
5835,85,85,85,884214056.88,558019890.43,63.11
5836,86,86,86,459464377.94,272635936.89,59.34
5837,87,87,87,554080889.35,423015864.25,76.35
5838,88,88,88,617090589.87,292149299.82,47.34
5839,89,89,89,842622745.94,796706599.54,94.55
5840,90,90,90,827258283.3,348282443.34,42.1
5841,91,91,91,784316733.41,784316733.41,100.0
5842,92,92,92,800890790.77,756088486.26,94.41
5843,93,93,93,619437215.78,617462691.34,99.68
5844,94,94,94,113919046.97,113919046.97,100.0
5845,95,95,95,190020378.27,115478852.57,60.77
5846,96,96,96,690568073.23,462032921.16,66.91
5847,97,97,97,201220724.78,147996403.49,73.55
5848,98,98,98,481421154.06,219899321.4,45.68
5849,99,99,99,68958207.1,24954887.52,36.19
5850,100,100,100,69990116.67,26096289.47,37.29
5851,101,101,101,70163043.58,55781718.81,79.5
5852,102,102,102,176542689.76,158140209.86,89.58
5853,103,103,103,498518913.93,490969974.94,98.49
5854,104,104,104,419382482.13,190349977.0,45.39
5855,105,105,105,768568722.36,754552034.82,98.18
5856,106,106,106,449272449.11,449272449.11,100.0
5857,107,107,107,609685027.62,496620896.77,81.46
5858,108,108,108,253849496.13,253849496.13,100.0
5859,109,109,109,868130905.42,518150649.6,59.69
5860,110,110,110,568885710.87,212710585.3,37.39
5861,111,111,111,858269015.63,436629837.72,50.87
5862,112,112,112,256859842.75,96662834.41,37.63
5863,113,113,113,989289164.25,679238423.61,68.66
5864,114,114,114,267421523.38,126303967.74,47.23
5865,115,115,115,657623181.93,245324994.81,37.3
5866,116,116,116,169351288.74,57483820.53,33.94
5867,117,117,117,59812858.54,31704982.46,53.01
5868,118,118,118,634055581.06,314461077.28,49.6
5869,119,119,119,867655432.72,784844177.86,90.46
5870,120,120,120,86551511.06,55238460.64,63.82
5871,121,121,121,546895013.28,403775568.62,73.83
5872,122,122,122,858126044.99,680517831.22,79.3
5873,123,123,123,722098337.13,266714077.47,36.94
5874,124,124,124,602832965.32,250868841.53,41.61
5875,125,125,125,656863756.82,612714273.07,93.28
5876,126,126,126,691074991.03,648672339.21,93.86
5877,127,127,127,915399564.76,649495058.71,70.95
5878,128,128,128,265527640.28,265527640.28,100.0
5879,129,129,129,825425413.37,712164573.33,86.28
5880,130,130,130,713201206.05,575104192.33,80.64
5881,131,131,131,214293388.05,214293388.05,100.0
5882,132,132,132,810899623.51,533625789.62,65.81
5883,133,133,133,199622013.23,165319669.64,82.82
5884,134,134,134,130339087.68,104538180.15,80.2
5885,135,135,135,537698364.91,419518545.33,78.02
5886,136,136,136,10588790.35,9057409.98,85.54
5887,137,137,137,875491399.27,536029409.72,61.23
5888,138,138,138,324316782.42,120984526.6,37.3
5889,139,139,139,438502821.15,270856934.94,61.77
5890,140,140,140,311765057.6,241876805.0,77.58
5891,141,141,141,820617303.27,820617303.27,100.0
5892,142,142,142,427970525.27,295160012.03,68.97
5893,143,143,143,675144256.78,295415043.08,43.76
5894,144,144,144,184044047.34,135047128.85,73.38
5895,145,145,145,69441748.15,64203217.62,92.46
5896,146,146,146,583462648.06,351267032.47,60.2
5897,147,147,147,553217941.18,520457285.7,94.08
5898,148,148,148,645427233.95,238857599.54,37.01
5899,149,149,149,807486555.06,253306865.35,31.37
5900,150,150,150,377397423.55,119069466.85,31.55
5901,151,151,151,856795772.11,522393078.45,60.97
5902,152,152,152,67732803.15,52648608.36,77.73
5903,153,153,153,156789592.33,74389880.9,47.45
5904,154,154,154,517139991.02,342648946.88,66.26
5905,155,155,155,515706609.71,202280471.07,39.22
5906,156,156,156,456397812.96,337376210.76,73.92
5907,157,157,157,151436159.62,57705316.58,38.11
5908,158,158,158,671572410.0,494194477.35,73.59
5909,159,159,159,393718542.27,206717161.72,52.5
5910,160,160,160,283301394.81,268287902.77,94.7
5911,161,161,161,195680495.26,95291337.93,48.7
5912,162,162,162,897004325.24,478136823.34,53.3
5913,163,163,163,797277241.87,797277241.87,100.0
5914,164,164,164,177101402.71,97149091.77,54.86
5915,165,165,165,20408707.33,12061041.36,59.1
5916,166,166,166,131447731.97,77786990.23,59.18
5917,167,167,167,119397209.49,75865910.34,63.54
5918,168,168,168,765705886.59,314508671.89,41.07
5919,169,169,169,413600496.0,240014043.58,58.03
5920,170,170,170,375710110.66,190748907.54,50.77
5921,171,171,171,438091627.93,376842603.55,86.02
5922,172,172,172,745152805.03,623737118.18,83.71
5923,173,173,173,666901471.01,529075506.07,79.33
5924,174,174,174,726366705.79,433285147.42,59.65
5925,175,175,175,596019743.49,596019743.49,100.0
5926,176,176,176,310459339.32,248840509.71,80.15
5927,177,177,177,302847103.08,185996065.5,61.42
5928,178,178,178,279456824.36,279456824.36,100.0
5929,179,179,179,935779880.06,684462705.75,73.14
5930,180,180,180,127493975.31,107848613.23,84.59
5931,181,181,181,284816690.6,197440011.45,69.32
5932,182,182,182,830554675.65,510953997.34,61.52
5933,183,183,183,986126656.01,809901132.59,82.13
5934,184,184,184,225216632.76,225216632.76,100.0
5935,185,185,185,971456992.7,479873530.64,49.4
5936,186,186,186,732889628.0,504071779.24,68.78
5937,187,187,187,388240804.31,233787222.06,60.22
5938,188,188,188,349250422.62,299269073.77,85.69
5939,189,189,189,868781862.05,534622199.77,61.54
5940,190,190,190,284972064.51,99588025.73,34.95
5941,191,191,191,317540318.56,230432126.65,72.57
5942,192,192,192,35090493.01,10670578.31,30.41
5943,193,193,193,511570317.63,469058978.78,91.69
5944,194,194,194,221177211.16,221177211.16,100.0
5945,195,195,195,994004921.63,610838997.73,61.45
5946,196,196,196,160918726.99,78696570.09,48.9
5947,197,197,197,882637329.34,389166209.81,44.09
5948,198,198,198,156089957.67,71123110.7,45.57
5949,199,199,199,402303874.94,272827380.07,67.82
5950,200,200,200,631813187.07,631813187.07,100.0
5951,201,201,201,911029699.64,829664454.5,91.07
5952,202,202,202,893399628.19,807693894.16,90.41
5953,203,203,203,211586590.98,135650279.8,64.11
5954,204,204,204,183418493.54,62880230.06,34.28
5955,205,205,205,721101623.35,543097527.31,75.31
5956,206,206,206,250476472.95,106505092.82,42.52
5957,207,207,207,953062781.12,853516634.31,89.56
5958,208,208,208,40769494.75,18427361.94,45.2
5959,209,209,209,196526578.25,124154389.21,63.17
5960,210,210,210,121124699.21,75803749.29,62.58
5961,211,211,211,678984971.95,678984971.95,100.0
5962,212,212,212,34473102.84,22370579.21,64.89
5963,213,213,213,556542707.46,351208382.07,63.11
5964,214,214,214,782307915.48,735447332.19,94.01
5965,215,215,215,130025028.5,83035720.96,63.86
5966,216,216,216,152156925.95,56913368.12,37.4
5967,217,217,217,165458492.67,165458492.67,100.0
5968,218,218,218,146560120.58,146560120.58,100.0
5969,219,219,219,752190054.41,317294901.98,42.18
5970,220,220,220,344788447.46,201858881.74,58.55
5971,221,221,221,530496675.57,385775069.24,72.72
5972,222,222,222,35694275.62,11060628.72,30.99
5973,223,223,223,798701466.57,615723634.47,77.09
5974,224,224,224,23225187.17,14383059.84,61.93
5975,225,225,225,964061436.88,548144640.4,56.86
5976,226,226,226,971513898.89,315032357.92,32.43
5977,227,227,227,42494703.31,24330265.98,57.25
5978,228,228,228,87313495.13,31682064.41,36.29
5979,229,229,229,551547748.3,370745890.08,67.22
5980,230,230,230,355838077.73,151818114.12,42.66
5981,231,231,231,638641086.23,281995068.97,44.16
5982,232,232,232,657310890.93,609281649.86,92.69
5983,233,233,233,36861829.44,11912829.1,32.32
5984,234,234,234,228695587.11,160273376.13,70.08
5985,235,235,235,676450816.9,507310169.24,75.0
5986,236,236,236,205979067.93,91989524.14,44.66
5987,237,237,237,57183321.95,37433635.81,65.46
5988,238,238,238,542300150.34,487302592.23,89.86
5989,239,239,239,160455563.29,86442123.51,53.87
5990,240,240,240,899574165.09,899574165.09,100.0
5991,241,241,241,829930758.01,401185207.06,48.34
5992,242,242,242,760873101.11,760873101.11,100.0
5993,243,243,243,833115204.88,432253933.67,51.88
5994,244,244,244,802426467.63,760159513.1,94.73
5995,245,245,245,792275121.43,731837512.03,92.37
5996,246,246,246,997169673.54,730700906.4,73.28
5997,247,247,247,754538064.34,324186605.52,42.96
5998,248,248,248,490874747.11,387714888.86,78.98
5999,249,249,249,673906804.85,262760218.03,38.99
6000,250,250,250,144431849.21,134047201.81,92.81
6001,1,1,1,52537292.36,52537292.36,100.0
6002,2,2,2,287888499.64,210753964.29,73.21
6003,3,3,3,481059048.06,209104314.57,43.47
6004,4,4,4,191207518.26,75769800.21,39.63
6005,5,5,5,777853373.11,777853373.11,100.0
6006,6,6,6,904015684.55,813103810.97,89.94
6007,7,7,7,219741037.27,219741037.27,100.0
6008,8,8,8,749692721.24,383505913.12,51.16
6009,9,9,9,269005143.4,123646059.93,45.96
6010,10,10,10,353767497.89,112830432.09,31.89
6011,11,11,11,269638793.99,269638793.99,100.0
6012,12,12,12,219669673.42,94585523.77,43.06
6013,13,13,13,286271435.99,225860033.12,78.9
6014,14,14,14,369611126.56,369611126.56,100.0
6015,15,15,15,196674959.32,189704759.0,96.46
6016,16,16,16,863633056.01,454448331.07,52.62
6017,17,17,17,62035196.18,62035196.18,100.0
6018,18,18,18,671496008.62,472668888.69,70.39
6019,19,19,19,465628390.55,365206923.22,78.43
6020,20,20,20,547911599.83,170858817.89,31.18
6021,21,21,21,899560493.02,410282236.22,45.61
6022,22,22,22,190342670.51,190342670.51,100.0
6023,23,23,23,268578884.6,159284903.03,59.31
6024,24,24,24,412256073.92,278945290.37,67.66
6025,25,25,25,239195385.52,221361151.49,92.54
6026,26,26,26,798377915.54,626394404.84,78.46
6027,27,27,27,181662487.01,137353762.25,75.61
6028,28,28,28,574427979.73,574427979.73,100.0
6029,29,29,29,60802821.91,58060095.95,95.49
6030,30,30,30,92727195.29,88955541.89,95.93
6031,31,31,31,21742520.19,12452107.46,57.27
6032,32,32,32,596987078.06,518624254.95,86.87
6033,33,33,33,549988001.13,484773033.37,88.14
6034,34,34,34,496889190.38,443480442.52,89.25
6035,35,35,35,306427157.01,94215790.43,30.75
6036,36,36,36,534751909.96,502802336.71,94.03
6037,37,37,37,493125723.79,283964473.27,57.58
6038,38,38,38,654845261.4,245755734.64,37.53
6039,39,39,39,336378698.72,229702471.24,68.29
6040,40,40,40,238516646.96,159597465.09,66.91
6041,41,41,41,728820772.42,345584826.17,47.42
6042,42,42,42,700684221.06,312542219.59,44.61
6043,43,43,43,162310862.13,162310862.13,100.0
6044,44,44,44,727271234.66,727271234.66,100.0
6045,45,45,45,662010551.44,662010551.44,100.0
6046,46,46,46,907101488.42,494799748.06,54.55
6047,47,47,47,712698382.9,344988324.53,48.41
6048,48,48,48,949171716.18,726903060.6,76.58
6049,49,49,49,755462621.82,733490248.98,97.09
6050,50,50,50,90197757.59,28982324.76,32.13
6051,51,51,51,829070955.97,286791906.26,34.59
6052,52,52,52,246882609.42,203873611.45,82.58
6053,53,53,53,694226655.52,694226655.52,100.0
6054,54,54,54,528072365.61,458689413.06,86.86
6055,55,55,55,849674956.57,817840021.81,96.25
6056,56,56,56,108275740.55,100068608.52,92.42
6057,57,57,57,674675050.32,674675050.32,100.0
6058,58,58,58,342760958.44,342060455.46,99.8
6059,59,59,59,304764062.77,297392004.0,97.58
6060,60,60,60,192122698.88,159029847.61,82.78
6061,61,61,61,369961706.13,175143863.24,47.34
6062,62,62,62,13254420.31,12483828.34,94.19
6063,63,63,63,772815008.0,266087616.08,34.43
6064,64,64,64,487736813.46,483263467.36,99.08
6065,65,65,65,743442035.83,555530376.28,74.72
6066,66,66,66,305211049.96,300355538.96,98.41
6067,67,67,67,711711426.98,572947758.26,80.5
6068,68,68,68,673199048.29,668793597.83,99.35
6069,69,69,69,809304808.82,772922064.84,95.5
6070,70,70,70,280200979.83,268659855.56,95.88
6071,71,71,71,971178481.44,571675386.85,58.86
6072,72,72,72,530813660.29,240988766.28,45.4
6073,73,73,73,323991537.14,299911418.46,92.57
6074,74,74,74,465742424.49,291464968.85,62.58
6075,75,75,75,910734667.54,624657296.87,68.59
6076,76,76,76,607729984.89,444526456.43,73.15
6077,77,77,77,648257169.23,279550541.53,43.12
6078,78,78,78,863645757.46,653657914.42,75.69
6079,79,79,79,128179744.78,92678902.51,72.3
6080,80,80,80,326118730.5,202461514.46,62.08
6081,81,81,81,757018402.94,425557685.48,56.21
6082,82,82,82,733152496.79,222479429.8,30.35
6083,83,83,83,986188995.96,756411624.55,76.7
6084,84,84,84,432785152.25,222694118.3,51.46
6085,85,85,85,73444799.63,41823517.14,56.95
6086,86,86,86,669047128.97,275890903.88,41.24
6087,87,87,87,708568591.76,662078881.6,93.44
6088,88,88,88,628095344.04,396112120.58,63.07
6089,89,89,89,574522109.17,307691023.59,53.56
6090,90,90,90,285121538.78,176765242.78,62.0
6091,91,91,91,334327602.95,124588510.64,37.27
6092,92,92,92,943896321.1,494055393.58,52.34
6093,93,93,93,663647558.09,263097859.59,39.64
6094,94,94,94,416105015.41,399632979.01,96.04
6095,95,95,95,733578582.98,508670284.37,69.34
6096,96,96,96,481772737.32,346340454.01,71.89
6097,97,97,97,532178570.7,532178570.7,100.0
6098,98,98,98,911119979.06,911119979.06,100.0
6099,99,99,99,863561431.79,552608101.22,63.99
6100,100,100,100,175266090.6,66865313.33,38.15
6101,101,101,101,654015799.56,654015799.56,100.0
6102,102,102,102,937617265.86,384063454.66,40.96
6103,103,103,103,834300086.46,605613523.59,72.59
6104,104,104,104,383357130.6,274446290.31,71.59
6105,105,105,105,501825840.55,501825840.55,100.0
6106,106,106,106,752668091.61,740915407.65,98.44
6107,107,107,107,923061322.1,827302864.53,89.63
6108,108,108,108,592770896.36,408947590.27,68.99
6109,109,109,109,346545587.77,235178919.51,67.86
6110,110,110,110,479383059.98,234916861.34,49.0
6111,111,111,111,869280757.08,488769795.15,56.23
6112,112,112,112,557245441.53,172662081.12,30.98
6113,113,113,113,418194854.31,349927379.1,83.68
6114,114,114,114,452929921.44,269636159.54,59.53
6115,115,115,115,202353902.35,188660807.28,93.23
6116,116,116,116,684510066.88,524007322.0,76.55
6117,117,117,117,367605702.76,273729345.04,74.46
6118,118,118,118,341757303.98,218327373.34,63.88
6119,119,119,119,809930057.08,643920240.94,79.5
6120,120,120,120,582036604.17,547675243.05,94.1
6121,121,121,121,551674903.02,242867552.19,44.02
6122,122,122,122,201854416.96,93565028.35,46.35
6123,123,123,123,782139029.04,435677804.64,55.7
6124,124,124,124,895672050.85,743744656.53,83.04
6125,125,125,125,487556895.36,393313993.67,80.67
6126,126,126,126,952774033.32,952774033.32,100.0
6127,127,127,127,552765268.95,295202847.83,53.4
6128,128,128,128,216281071.47,76044184.02,35.16
6129,129,129,129,48883178.01,31908009.33,65.27
6130,130,130,130,720786951.62,569106021.04,78.96
6131,131,131,131,415261419.03,188611268.42,45.42
6132,132,132,132,864539301.88,752446431.85,87.03
6133,133,133,133,752656512.2,594427308.01,78.98
6134,134,134,134,251273212.54,251273212.54,100.0
6135,135,135,135,309275651.13,169033817.27,54.65
6136,136,136,136,96070370.27,39843850.84,41.47
6137,137,137,137,722338482.39,692865373.26,95.92
6138,138,138,138,820453426.86,811358009.17,98.89
6139,139,139,139,485903847.22,215009519.95,44.25
6140,140,140,140,620101687.71,317710264.59,51.24
6141,141,141,141,201900296.48,168624694.38,83.52
6142,142,142,142,966551464.76,368488669.37,38.12
6143,143,143,143,324742048.9,272636864.91,83.95
6144,144,144,144,740775679.49,271826552.58,36.69
6145,145,145,145,558711562.99,487904979.25,87.33
6146,146,146,146,583112459.74,388125674.36,66.56
6147,147,147,147,977126848.45,926890263.08,94.86
6148,148,148,148,961355790.35,929857221.43,96.72
6149,149,149,149,268732225.5,268732225.5,100.0
6150,150,150,150,641127991.37,641127991.37,100.0
6151,151,151,151,184350075.92,127899720.49,69.38
6152,152,152,152,758011244.23,758011244.23,100.0
6153,153,153,153,602703052.91,313454846.94,52.01
6154,154,154,154,922563470.43,922563470.43,100.0
6155,155,155,155,692536886.51,549040862.6,79.28
6156,156,156,156,488798360.72,191953718.01,39.27
6157,157,157,157,299549123.89,299549123.89,100.0
6158,158,158,158,172421419.03,115000618.05,66.7
6159,159,159,159,261905914.36,104604268.84,39.94
6160,160,160,160,819236114.23,804437990.21,98.19
6161,161,161,161,935994837.05,910174139.23,97.24
6162,162,162,162,850991457.65,850991457.65,100.0
6163,163,163,163,825561520.26,698861931.23,84.65
6164,164,164,164,321918618.66,256147727.33,79.57
6165,165,165,165,643222167.64,607692740.46,94.48
6166,166,166,166,570301902.23,396411354.74,69.51
6167,167,167,167,792432989.9,792432989.9,100.0
6168,168,168,168,671221837.71,613009187.85,91.33
6169,169,169,169,29416122.24,9539589.36,32.43
6170,170,170,170,617883011.39,304866046.39,49.34
6171,171,171,171,75805634.41,32888219.57,43.38
6172,172,172,172,661757296.1,207901261.84,31.42
6173,173,173,173,336205172.79,301070034.79,89.55
6174,174,174,174,755194590.55,350436312.43,46.4
6175,175,175,175,637775947.82,325349055.57,51.01
6176,176,176,176,556449348.39,406692739.58,73.09
6177,177,177,177,829869541.41,829869541.41,100.0
6178,178,178,178,488763455.19,237780196.93,48.65
6179,179,179,179,892094749.23,301389123.51,33.78
6180,180,180,180,840549049.32,774281543.26,92.12
6181,181,181,181,67118281.23,47409290.9,70.64
6182,182,182,182,895938367.05,669667590.61,74.74
6183,183,183,183,624483897.68,268785700.97,43.04
6184,184,184,184,965369945.65,338186974.64,35.03
6185,185,185,185,734338364.69,734338364.69,100.0
6186,186,186,186,790378412.26,709891035.84,89.82
6187,187,187,187,543246975.89,217369234.29,40.01
6188,188,188,188,965204707.23,422147214.08,43.74
6189,189,189,189,706891756.09,290245752.81,41.06
6190,190,190,190,425087784.77,162205733.12,38.16
6191,191,191,191,78308363.92,78308363.92,100.0
6192,192,192,192,978106087.4,879750139.72,89.94
6193,193,193,193,882996498.35,736211104.21,83.38
6194,194,194,194,640209118.83,467309279.89,72.99
6195,195,195,195,556383835.79,531778236.67,95.58
6196,196,196,196,613281051.06,476444747.49,77.69
6197,197,197,197,876385535.67,876385535.67,100.0
6198,198,198,198,924772693.38,924772693.38,100.0
6199,199,199,199,298250386.81,95949130.32,32.17
6200,200,200,200,310788625.32,271639078.34,87.4
6201,201,201,201,58270803.09,47331878.73,81.23
6202,202,202,202,990451971.99,690351271.7,69.7
6203,203,203,203,965613845.51,701833584.67,72.68
6204,204,204,204,788374989.8,542556591.55,68.82
6205,205,205,205,448932484.0,162556014.53,36.21
6206,206,206,206,574197099.82,482601948.33,84.05
6207,207,207,207,776407591.27,776407591.27,100.0
6208,208,208,208,229354859.67,116293163.65,50.7
6209,209,209,209,226362997.88,154394476.16,68.21
6210,210,210,210,566183972.71,566183972.71,100.0
6211,211,211,211,680971662.27,662854859.74,97.34
6212,212,212,212,515951478.42,355060216.88,68.82
6213,213,213,213,308689375.03,274880043.96,89.05
6214,214,214,214,395131979.81,266266686.74,67.39
6215,215,215,215,591439763.92,556469497.29,94.09
6216,216,216,216,68846158.75,39410788.52,57.24
6217,217,217,217,976870450.24,976870450.24,100.0
6218,218,218,218,971818631.76,832164615.48,85.63
6219,219,219,219,844570688.67,579475763.03,68.61
6220,220,220,220,372544367.92,273745746.66,73.48
6221,221,221,221,670978579.64,631098383.22,94.06
6222,222,222,222,646560021.5,240548480.02,37.2
6223,223,223,223,414700264.89,141402930.6,34.1
6224,224,224,224,882191664.79,573293000.27,64.99
6225,225,225,225,557254950.97,487282650.76,87.44
6226,226,226,226,47401301.04,46227619.57,97.52
6227,227,227,227,305078013.93,157951008.49,51.77
6228,228,228,228,746289878.76,410041778.36,54.94
6229,229,229,229,855867987.47,263813677.82,30.82
6230,230,230,230,616003290.44,263757519.33,42.82
6231,231,231,231,661442588.76,598823247.44,90.53
6232,232,232,232,786156857.95,763623141.89,97.13
6233,233,233,233,428976180.63,330675530.98,77.08
6234,234,234,234,147151606.2,79564596.96,54.07
6235,235,235,235,301050099.39,263658275.76,87.58
6236,236,236,236,496109775.6,496109775.6,100.0
6237,237,237,237,712528509.67,712528509.67,100.0
6238,238,238,238,375929144.84,139063047.21,36.99
6239,239,239,239,244090380.45,205964807.87,84.38
6240,240,240,240,426998716.75,426998716.75,100.0
6241,241,241,241,808070638.87,272696694.46,33.75
6242,242,242,242,630365775.81,590321206.75,93.65
6243,243,243,243,482031800.75,153106844.19,31.76
6244,244,244,244,279081734.97,173072502.58,62.01
6245,245,245,245,269783191.83,216121526.51,80.11
6246,246,246,246,249904205.9,97357231.26,38.96
6247,247,247,247,597733034.61,375073681.53,62.75
6248,248,248,248,131745179.81,94233179.39,71.53
6249,249,249,249,809077122.41,744846241.91,92.06
6250,250,250,250,485341453.82,250490016.25,51.61
6251,1,1,1,960873683.04,495054084.98,51.52
6252,2,2,2,250659224.63,226903576.39,90.52
6253,3,3,3,680257619.26,327605934.95,48.16
6254,4,4,4,383344351.33,169169934.38,44.13
6255,5,5,5,981369936.14,436711338.71,44.5
6256,6,6,6,633625484.84,584090055.0,92.18
6257,7,7,7,690585217.78,652514248.33,94.49
6258,8,8,8,150061008.55,92365910.95,61.55
6259,9,9,9,369411253.12,155262292.18,42.03
6260,10,10,10,717361188.65,370681229.99,51.67
6261,11,11,11,338465699.32,325459065.56,96.16
6262,12,12,12,778150297.05,479890216.98,61.67
6263,13,13,13,734816382.0,415286785.88,56.52
6264,14,14,14,104648601.32,39703329.84,37.94
6265,15,15,15,131228645.54,73491393.0,56.0
6266,16,16,16,133693049.61,123428428.91,92.32
6267,17,17,17,42049950.84,17955064.88,42.7
6268,18,18,18,333965184.84,319682336.54,95.72
6269,19,19,19,682181969.93,319448320.17,46.83
6270,20,20,20,503764651.51,286915376.57,56.95
6271,21,21,21,143208458.23,108439499.59,75.72
6272,22,22,22,557569369.46,268038752.5,48.07
6273,23,23,23,904110171.8,587404446.72,64.97
6274,24,24,24,49159067.45,35212065.5,71.63
6275,25,25,25,427165356.85,197603486.19,46.26
6276,26,26,26,180228519.07,58388498.35,32.4
6277,27,27,27,45432347.35,31027689.91,68.29
6278,28,28,28,53482750.51,45842462.99,85.71
6279,29,29,29,536029045.83,334013286.25,62.31
6280,30,30,30,527890458.68,527890458.68,100.0
6281,31,31,31,290578534.23,138262309.96,47.58
6282,32,32,32,671771610.21,536063324.0,79.8
6283,33,33,33,283368087.17,126581393.57,44.67
6284,34,34,34,332258412.97,166395739.98,50.08
6285,35,35,35,11925610.16,7975741.56,66.88
6286,36,36,36,128778729.37,46884370.23,36.41
6287,37,37,37,415386754.31,344310449.78,82.89
6288,38,38,38,470866705.98,390773830.77,82.99
6289,39,39,39,199046445.59,70857947.13,35.6
6290,40,40,40,785643533.4,568787814.54,72.4
6291,41,41,41,548030737.95,421413885.46,76.9
6292,42,42,42,699496689.32,699496689.32,100.0
6293,43,43,43,326776497.28,185939568.29,56.9
6294,44,44,44,576746279.42,216279364.76,37.5
6295,45,45,45,208189128.68,90840431.42,43.63
6296,46,46,46,382716067.39,382716067.39,100.0
6297,47,47,47,582191720.09,582191720.09,100.0
6298,48,48,48,286526968.34,220518324.47,76.96
6299,49,49,49,233542639.81,146005484.48,62.52
6300,50,50,50,516250826.63,254008890.51,49.2
6301,51,51,51,629818322.2,438101713.04,69.56
6302,52,52,52,770115166.8,582027184.3,75.58
6303,53,53,53,776112285.37,302640869.14,38.99
6304,54,54,54,192843406.25,183393377.62,95.1
6305,55,55,55,71779289.04,26580687.01,37.03
6306,56,56,56,618548235.97,618548235.97,100.0
6307,57,57,57,950409283.88,510578379.89,53.72
6308,58,58,58,926104578.23,837965872.63,90.48
6309,59,59,59,771444391.19,633972263.62,82.18
6310,60,60,60,230475819.05,104193279.39,45.21
6311,61,61,61,236804074.71,236804074.71,100.0
6312,62,62,62,562757454.32,416253837.42,73.97
6313,63,63,63,259069883.09,95422134.79,36.83
6314,64,64,64,654243894.67,625456022.28,95.6
6315,65,65,65,829970240.31,736001572.02,88.68
6316,66,66,66,297572300.62,176672994.73,59.37
6317,67,67,67,901538684.69,779951240.27,86.51
6318,68,68,68,434942435.54,434942435.54,100.0
6319,69,69,69,443408601.59,350882130.88,79.13
6320,70,70,70,667723284.67,498161361.68,74.61
6321,71,71,71,809156120.29,533582767.01,65.94
6322,72,72,72,719083462.23,568886183.64,79.11
6323,73,73,73,540638266.87,540638266.87,100.0
6324,74,74,74,836423874.97,402531271.61,48.13
6325,75,75,75,946498089.13,946498089.13,100.0
6326,76,76,76,931475846.06,820971405.75,88.14
6327,77,77,77,310764973.58,180420291.92,58.06
6328,78,78,78,391499999.5,366492218.39,93.61
6329,79,79,79,774830973.25,774830973.25,100.0
6330,80,80,80,700177218.25,598526411.9,85.48
6331,81,81,81,697774627.21,271895300.99,38.97
6332,82,82,82,793509622.87,534042299.03,67.3
6333,83,83,83,708230474.02,540130952.59,76.26
6334,84,84,84,283273929.49,196601286.29,69.4
6335,85,85,85,569482058.25,382459968.12,67.16
6336,86,86,86,346771579.36,263431812.22,75.97
6337,87,87,87,306269941.23,111721867.05,36.48
6338,88,88,88,317661629.44,290914394.45,91.58
6339,89,89,89,404769234.44,272395947.73,67.3
6340,90,90,90,428541430.93,367773387.89,85.82
6341,91,91,91,294421494.32,119357139.23,40.54
6342,92,92,92,647137434.69,549931708.83,84.98
6343,93,93,93,771807627.36,593999962.18,76.96
6344,94,94,94,561282387.6,561282387.6,100.0
6345,95,95,95,664055121.78,417180492.07,62.82
6346,96,96,96,223602968.67,211358484.91,94.52
6347,97,97,97,691448396.11,355203374.69,51.37
6348,98,98,98,992575413.38,832553292.96,83.88
6349,99,99,99,358020789.12,329399086.87,92.01
6350,100,100,100,205532232.96,97618566.52,47.5
6351,101,101,101,298558383.05,242488962.6,81.22
6352,102,102,102,232301566.53,208741517.25,89.86
6353,103,103,103,577565274.26,175945356.83,30.46
6354,104,104,104,946234328.36,799328872.72,84.47
6355,105,105,105,64597430.55,60564334.1,93.76
6356,106,106,106,832800519.21,541613000.39,65.04
6357,107,107,107,367799058.52,291261564.45,79.19
6358,108,108,108,358296048.89,358296048.89,100.0
6359,109,109,109,379131578.62,259429365.8,68.43
6360,110,110,110,612187782.13,466266204.21,76.16
6361,111,111,111,161047599.48,96934689.37,60.19
6362,112,112,112,919382572.7,735344657.28,79.98
6363,113,113,113,389731152.06,389731152.06,100.0
6364,114,114,114,721164208.07,312643617.27,43.35
6365,115,115,115,981498098.47,697868335.45,71.1
6366,116,116,116,613254323.31,335628613.26,54.73
6367,117,117,117,833381389.35,681117153.78,81.73
6368,118,118,118,225476659.2,151534722.26,67.21
6369,119,119,119,117011281.42,46081898.73,39.38
6370,120,120,120,397712411.64,288209510.52,72.47
6371,121,121,121,348657885.7,306700379.87,87.97
6372,122,122,122,124214084.77,72168750.88,58.1
6373,123,123,123,507887250.59,375499788.77,73.93
6374,124,124,124,767770570.11,613032843.55,79.85
6375,125,125,125,228315165.21,209292520.11,91.67
6376,126,126,126,366996794.55,225312688.18,61.39
6377,127,127,127,46475662.15,26517781.59,57.06
6378,128,128,128,469894403.23,286662909.58,61.01
6379,129,129,129,946166810.34,312131204.77,32.99
6380,130,130,130,173251767.5,121606129.65,70.19
6381,131,131,131,123018175.63,52889810.95,42.99
6382,132,132,132,136356830.18,101401300.87,74.36
6383,133,133,133,536351291.09,453738312.84,84.6
6384,134,134,134,371116544.68,151764725.61,40.89
6385,135,135,135,729499333.17,377936699.97,51.81
6386,136,136,136,831896695.68,572021219.33,68.76
6387,137,137,137,73358292.31,67124117.62,91.5
6388,138,138,138,975225713.53,815288380.58,83.6
6389,139,139,139,549936014.5,437136189.0,79.49
6390,140,140,140,704948863.66,509624463.84,72.29
6391,141,141,141,897981494.48,643550059.61,71.67
6392,142,142,142,290792439.58,226193148.58,77.79
6393,143,143,143,463047225.78,200409107.45,43.28
6394,144,144,144,918005262.82,776688078.15,84.61
6395,145,145,145,328749195.53,219229631.74,66.69
6396,146,146,146,956225626.84,956225626.84,100.0
6397,147,147,147,643032512.23,632453231.36,98.35
6398,148,148,148,653591946.36,238754678.96,36.53
6399,149,149,149,100146423.18,47558880.11,47.49
6400,150,150,150,389889388.8,141214007.2,36.22
6401,151,151,151,254560896.97,151284021.67,59.43
6402,152,152,152,491707606.2,300778832.29,61.17
6403,153,153,153,766957558.79,297382552.55,38.77
6404,154,154,154,733073735.68,733073735.68,100.0
6405,155,155,155,709916647.99,300301898.08,42.3
6406,156,156,156,261998610.31,221686825.59,84.61
6407,157,157,157,703279260.85,414861150.83,58.99
6408,158,158,158,482718033.25,326063110.61,67.55
6409,159,159,159,494103177.59,446421355.01,90.35
6410,160,160,160,625457811.03,335811587.45,53.69
6411,161,161,161,148553189.55,143493846.25,96.59
6412,162,162,162,932046683.02,511879867.01,54.92
6413,163,163,163,624752706.1,334746422.01,53.58
6414,164,164,164,364284810.86,247099622.95,67.83
6415,165,165,165,582479423.93,543470818.62,93.3
6416,166,166,166,680034214.65,501290697.42,73.72
6417,167,167,167,864135157.54,272301589.78,31.51
6418,168,168,168,518096496.05,455701583.65,87.96
6419,169,169,169,690295837.49,600382554.27,86.97
6420,170,170,170,315471229.23,266610999.2,84.51
6421,171,171,171,393315631.96,231530010.36,58.87
6422,172,172,172,86307342.71,58854434.69,68.19
6423,173,173,173,656262972.75,656262972.75,100.0
6424,174,174,174,660115396.26,660115396.26,100.0
6425,175,175,175,71512104.29,66361338.44,92.8
6426,176,176,176,405782700.43,136684994.75,33.68
6427,177,177,177,105262685.87,105262685.87,100.0
6428,178,178,178,568243103.84,291904055.51,51.37
6429,179,179,179,356900114.25,195342676.97,54.73
6430,180,180,180,773181188.76,593756278.42,76.79
6431,181,181,181,423864751.72,146401975.96,34.54
6432,182,182,182,994315404.25,976672049.78,98.23
6433,183,183,183,712569710.76,372246099.3,52.24
6434,184,184,184,265967669.52,115640683.72,43.48
6435,185,185,185,128578834.83,115782428.86,90.05
6436,186,186,186,728187928.01,458394767.49,62.95
6437,187,187,187,335502519.78,188227414.02,56.1
6438,188,188,188,82674720.74,66799941.86,80.8
6439,189,189,189,581587023.26,349874458.62,60.16
6440,190,190,190,111893415.27,87057002.94,77.8
6441,191,191,191,256768304.2,256768304.2,100.0
6442,192,192,192,474524359.7,472175569.13,99.51
6443,193,193,193,778384568.95,497009565.42,63.85
6444,194,194,194,425299509.37,406505167.45,95.58
6445,195,195,195,308728177.72,274878150.89,89.04
6446,196,196,196,196675349.31,167950871.38,85.39
6447,197,197,197,382024205.34,331325506.75,86.73
6448,198,198,198,47115335.88,44577983.78,94.61
6449,199,199,199,374850762.77,310547927.02,82.85
6450,200,200,200,276004513.33,261370157.46,94.7
6451,201,201,201,122927153.12,95515047.32,77.7
6452,202,202,202,174672374.44,104434399.26,59.79
6453,203,203,203,930579899.29,686948709.96,73.82
6454,204,204,204,373247400.67,329903004.91,88.39
6455,205,205,205,704477623.53,704477623.53,100.0
6456,206,206,206,916867180.72,512034894.37,55.85
6457,207,207,207,132059375.36,116611376.89,88.3
6458,208,208,208,600745104.7,312895807.72,52.08
6459,209,209,209,907685328.07,398596536.36,43.91
6460,210,210,210,949331673.52,746439827.25,78.63
6461,211,211,211,434007875.81,230024655.11,53.0
6462,212,212,212,408664766.42,349440024.05,85.51
6463,213,213,213,968645471.4,650470576.27,67.15
6464,214,214,214,734929638.74,330510054.19,44.97
6465,215,215,215,868310216.74,730429860.89,84.12
6466,216,216,216,776429536.1,693076118.24,89.26
6467,217,217,217,672022160.58,597162398.8,88.86
6468,218,218,218,407258253.31,407258253.31,100.0
6469,219,219,219,407131410.7,354186285.62,87.0
6470,220,220,220,690642438.63,546566483.76,79.14
6471,221,221,221,832805938.86,832805938.86,100.0
6472,222,222,222,76809475.76,46494341.5,60.53
6473,223,223,223,873494050.06,276588857.5,31.66
6474,224,224,224,536580538.5,230655213.02,42.99
6475,225,225,225,547170822.12,199968288.85,36.55
6476,226,226,226,782065894.74,590155076.73,75.46
6477,227,227,227,835290248.19,835290248.19,100.0
6478,228,228,228,231694538.47,147165307.9,63.52
6479,229,229,229,800974006.14,486441922.21,60.73
6480,230,230,230,47564507.07,14986820.79,31.51
6481,231,231,231,716611862.96,711920454.22,99.35
6482,232,232,232,567695407.33,474410921.05,83.57
6483,233,233,233,723298615.74,274627750.51,37.97
6484,234,234,234,841463944.55,638104241.9,75.83
6485,235,235,235,964290739.12,503853183.18,52.25
6486,236,236,236,474024363.7,474024363.7,100.0
6487,237,237,237,523548175.4,391164263.65,74.71
6488,238,238,238,354366068.5,203754328.29,57.5
6489,239,239,239,287265392.47,96308530.41,33.53
6490,240,240,240,592771205.88,410407901.99,69.24
6491,241,241,241,369879916.69,125669414.1,33.98
6492,242,242,242,429495780.31,196460084.78,45.74
6493,243,243,243,113392160.98,110560546.56,97.5
6494,244,244,244,114549177.7,67209513.46,58.67
6495,245,245,245,914313284.34,727237552.82,79.54
6496,246,246,246,187995960.43,60124229.47,31.98
6497,247,247,247,831219787.04,309298825.68,37.21
6498,248,248,248,717745477.7,717745477.7,100.0
6499,249,249,249,443928741.5,443928741.5,100.0
6500,250,250,250,219497959.38,116108952.17,52.9
6501,1,1,1,60334170.15,42799700.07,70.94
6502,2,2,2,872859464.97,593680000.34,68.02
6503,3,3,3,677342084.58,598334200.91,88.34
6504,4,4,4,192145743.78,77697073.25,40.44
6505,5,5,5,74894230.72,34311357.56,45.81
6506,6,6,6,920582760.15,676096170.8,73.44
6507,7,7,7,287522062.17,265799790.63,92.45
6508,8,8,8,268868877.42,168083577.35,62.52
6509,9,9,9,625632216.29,602822118.52,96.35
6510,10,10,10,526596458.62,418423112.13,79.46
6511,11,11,11,265983128.96,187131011.46,70.35
6512,12,12,12,217578077.52,158964587.37,73.06
6513,13,13,13,899982976.43,356388362.96,39.6
6514,14,14,14,301917493.03,160665152.03,53.21
6515,15,15,15,80351300.45,80351300.45,100.0
6516,16,16,16,628402866.26,215363758.41,34.27
6517,17,17,17,863259504.33,863259504.33,100.0
6518,18,18,18,53249840.19,40844484.04,76.7
6519,19,19,19,169853231.34,142573833.37,83.94
6520,20,20,20,227380057.13,149104660.36,65.58
6521,21,21,21,696705574.98,311106819.55,44.65
6522,22,22,22,293888683.64,145258022.17,49.43
6523,23,23,23,868380604.7,868380604.7,100.0
6524,24,24,24,243573346.45,229766098.7,94.33
6525,25,25,25,581079506.86,404458079.72,69.6
6526,26,26,26,63166276.08,27926514.86,44.21
6527,27,27,27,785351621.69,628827944.12,80.07
6528,28,28,28,991103175.76,357878638.39,36.11
6529,29,29,29,679066944.73,234326258.11,34.51
6530,30,30,30,630746291.58,205509799.81,32.58
6531,31,31,31,286725083.24,254839689.52,88.88
6532,32,32,32,738180963.26,482887287.71,65.42
6533,33,33,33,499644913.95,432208348.53,86.5
6534,34,34,34,215353467.53,215321515.44,99.99
6535,35,35,35,719264767.75,324845107.86,45.16
6536,36,36,36,567483455.74,174759435.64,30.8
6537,37,37,37,923956412.25,844313575.69,91.38
6538,38,38,38,461372435.86,461372435.86,100.0
6539,39,39,39,923336986.64,442115070.58,47.88
6540,40,40,40,800812869.1,499915744.82,62.43
6541,41,41,41,178770508.44,86814270.01,48.56
6542,42,42,42,581329986.0,502686041.17,86.47
6543,43,43,43,739214799.97,527282319.45,71.33
6544,44,44,44,44812989.24,17342456.45,38.7
6545,45,45,45,121580673.09,61913290.22,50.92
6546,46,46,46,906829013.9,752382408.32,82.97
6547,47,47,47,418541442.37,334834281.83,80.0
6548,48,48,48,940413609.67,548555388.2,58.33
6549,49,49,49,288308492.97,98043496.5,34.01
6550,50,50,50,642482797.59,596610523.33,92.86
6551,51,51,51,444499502.66,244242024.6,54.95
6552,52,52,52,917371376.72,375291664.66,40.91
6553,53,53,53,742408449.37,645289358.52,86.92
6554,54,54,54,428318728.01,363055678.25,84.76
6555,55,55,55,753095748.21,753095748.21,100.0
6556,56,56,56,759209372.91,232596606.22,30.64
6557,57,57,57,23646243.63,15745899.38,66.59
6558,58,58,58,625822920.76,384530741.87,61.44
6559,59,59,59,64625600.77,58569187.49,90.63
6560,60,60,60,784404420.48,784404420.48,100.0
6561,61,61,61,21171145.51,21171145.51,100.0
6562,62,62,62,821266235.25,667596052.48,81.29
6563,63,63,63,679104578.59,519563363.72,76.51
6564,64,64,64,985779705.09,876185108.55,88.88
6565,65,65,65,155486415.78,64409289.87,41.42
6566,66,66,66,464315594.64,307748791.96,66.28
6567,67,67,67,426352998.91,301519327.74,70.72
6568,68,68,68,195857286.69,144105047.77,73.58
6569,69,69,69,412103052.45,349790885.84,84.88
6570,70,70,70,231753805.35,185041797.42,79.84
6571,71,71,71,28945047.75,9785431.84,33.81
6572,72,72,72,444816148.49,306427207.61,68.89
6573,73,73,73,373805833.89,260828841.5,69.78
6574,74,74,74,516312261.61,205276936.99,39.76
6575,75,75,75,442175335.78,303364492.19,68.61
6576,76,76,76,921924799.75,802951269.59,87.1
6577,77,77,77,266060867.58,238466273.41,89.63
6578,78,78,78,875382044.1,275665618.07,31.49
6579,79,79,79,146306083.09,74946612.78,51.23
6580,80,80,80,458996689.38,213207631.41,46.45
6581,81,81,81,97972668.62,78449615.41,80.07
6582,82,82,82,642110066.1,573115252.42,89.25
6583,83,83,83,893331067.57,496314094.93,55.56
6584,84,84,84,619028544.89,392185367.88,63.35
6585,85,85,85,692178747.08,692178747.08,100.0
6586,86,86,86,520562291.34,520562291.34,100.0
6587,87,87,87,447644101.61,205081767.01,45.81
6588,88,88,88,974730983.0,554847541.44,56.92
6589,89,89,89,977105951.42,807140882.19,82.61
6590,90,90,90,667180767.39,477947867.48,71.64
6591,91,91,91,822357638.47,302797292.62,36.82
6592,92,92,92,873449955.09,284605791.36,32.58
6593,93,93,93,227330530.91,126976105.59,55.86
6594,94,94,94,806970525.07,626321137.64,77.61
6595,95,95,95,142271881.46,109046724.05,76.65
6596,96,96,96,641583259.32,226462857.66,35.3
6597,97,97,97,936160595.5,782630237.83,83.6
6598,98,98,98,599699748.64,516324349.44,86.1
6599,99,99,99,352993697.13,235088975.27,66.6
6600,100,100,100,868744803.84,678012252.66,78.05
6601,101,101,101,445541078.79,213239815.46,47.86
6602,102,102,102,839585526.42,730398149.01,87.0
6603,103,103,103,539098078.72,304790354.69,56.54
6604,104,104,104,161807941.89,129424243.18,79.99
6605,105,105,105,240720694.49,120015805.98,49.86
6606,106,106,106,782302062.94,782302062.94,100.0
6607,107,107,107,972523058.31,534516444.44,54.96
6608,108,108,108,942318247.29,942318247.29,100.0
6609,109,109,109,505266299.69,179158670.73,35.46
6610,110,110,110,194095735.63,113911606.16,58.69
6611,111,111,111,85730803.98,34153287.91,39.84
6612,112,112,112,450019886.24,439462091.09,97.65
6613,113,113,113,32142194.08,32142194.08,100.0
6614,114,114,114,895226401.16,866441923.63,96.78
6615,115,115,115,645313315.89,314763899.91,48.78
6616,116,116,116,733934934.47,585056879.02,79.72
6617,117,117,117,305096203.43,213354926.96,69.93
6618,118,118,118,661252821.36,213831804.43,32.34
6619,119,119,119,110219952.52,101937488.2,92.49
6620,120,120,120,273492658.27,129052921.39,47.19
6621,121,121,121,850448176.42,398719458.95,46.88
6622,122,122,122,378047580.12,216980449.12,57.4
6623,123,123,123,196355055.52,95903622.5,48.84
6624,124,124,124,232037783.29,198494888.08,85.54
6625,125,125,125,651527080.63,571055689.19,87.65
6626,126,126,126,589076809.81,289223796.13,49.1
6627,127,127,127,114327872.73,83006191.37,72.6
6628,128,128,128,868777106.53,455590253.21,52.44
6629,129,129,129,904248220.21,429736476.84,47.52
6630,130,130,130,146954752.75,122156258.81,83.13
6631,131,131,131,354742160.45,255720787.16,72.09
6632,132,132,132,722138749.2,639939350.46,88.62
6633,133,133,133,451413803.57,169284517.09,37.5
6634,134,134,134,363733692.48,342237630.57,94.09
6635,135,135,135,950685481.19,950685481.19,100.0
6636,136,136,136,325987797.89,325987797.89,100.0
6637,137,137,137,811012124.51,455946222.5,56.22
6638,138,138,138,370080458.69,260153903.8,70.3
6639,139,139,139,514664564.9,453282041.17,88.07
6640,140,140,140,960438004.7,484703515.13,50.47
6641,141,141,141,641120417.31,400736827.96,62.51
6642,142,142,142,338993411.84,338993411.84,100.0
6643,143,143,143,279995509.86,137425643.42,49.08
6644,144,144,144,499413249.25,499413249.25,100.0
6645,145,145,145,621150371.57,435274589.62,70.08
6646,146,146,146,580228119.31,338420417.23,58.33
6647,147,147,147,136936600.82,67618140.21,49.38
6648,148,148,148,424176405.89,331016441.31,78.04
6649,149,149,149,676709402.06,498437654.68,73.66
6650,150,150,150,638594521.24,240065806.92,37.59
6651,151,151,151,363258641.86,224716753.05,61.86
6652,152,152,152,553564131.18,436760987.22,78.9
6653,153,153,153,159810056.34,132109935.17,82.67
6654,154,154,154,122828052.29,42014254.52,34.21
6655,155,155,155,208044836.72,176387198.21,84.78
6656,156,156,156,294666053.48,143368057.37,48.65
6657,157,157,157,753158669.3,496673956.29,65.95
6658,158,158,158,600305245.98,225911920.36,37.63
6659,159,159,159,14282581.45,14282581.45,100.0
6660,160,160,160,540889569.42,425869962.93,78.74
6661,161,161,161,381942043.84,381942043.84,100.0
6662,162,162,162,368213905.42,163851994.07,44.5
6663,163,163,163,801343965.06,300587459.82,37.51
6664,164,164,164,505901642.68,461779986.56,91.28
6665,165,165,165,178415309.31,178415309.31,100.0
6666,166,166,166,228128363.79,107011243.57,46.91
6667,167,167,167,318963633.34,200873467.52,62.98
6668,168,168,168,345504063.22,115365608.15,33.39
6669,169,169,169,405684960.57,255196617.59,62.91
6670,170,170,170,879872960.62,441945050.96,50.23
6671,171,171,171,341346330.24,236978518.77,69.42
6672,172,172,172,577993244.11,178528942.62,30.89
6673,173,173,173,13420058.88,5267078.33,39.25
6674,174,174,174,187141947.31,64249640.55,34.33
6675,175,175,175,769841947.24,769841947.24,100.0
6676,176,176,176,441840820.15,441840820.15,100.0
6677,177,177,177,325332542.8,239383212.96,73.58
6678,178,178,178,301291391.51,132411981.59,43.95
6679,179,179,179,471393590.72,311786725.84,66.14
6680,180,180,180,13142086.85,9823012.9,74.74
6681,181,181,181,320742048.94,149117608.47,46.49
6682,182,182,182,951599274.64,399325474.86,41.96
6683,183,183,183,148478429.32,114221755.25,76.93
6684,184,184,184,19862573.04,18483265.89,93.06
6685,185,185,185,12723392.57,9333428.8,73.36
6686,186,186,186,716136669.17,716136669.17,100.0
6687,187,187,187,572529155.27,471964736.49,82.44
6688,188,188,188,994948411.48,884081062.4,88.86
6689,189,189,189,338571680.12,338571680.12,100.0
6690,190,190,190,161707127.3,91063535.16,56.31
6691,191,191,191,548217251.88,473649449.8,86.4
6692,192,192,192,195093892.16,108657146.21,55.69
6693,193,193,193,701602552.08,323392658.45,46.09
6694,194,194,194,181821160.63,87338125.59,48.04
6695,195,195,195,356782289.13,304835560.76,85.44
6696,196,196,196,541868008.98,386519677.37,71.33
6697,197,197,197,738970736.08,262540730.85,35.53
6698,198,198,198,792296499.77,331012320.06,41.78
6699,199,199,199,356870260.89,290640189.51,81.44
6700,200,200,200,512274580.77,388436004.91,75.83
6701,201,201,201,573491283.88,539070842.13,94.0
6702,202,202,202,343438612.3,140676249.38,40.96
6703,203,203,203,728683804.08,399068114.52,54.77
6704,204,204,204,110368717.96,56846490.86,51.51
6705,205,205,205,515552083.34,163924981.6,31.8
6706,206,206,206,442572688.02,194511825.58,43.95
6707,207,207,207,235873006.49,132673868.4,56.25
6708,208,208,208,246616982.28,163368586.31,66.24
6709,209,209,209,373351157.56,230030395.98,61.61
6710,210,210,210,858921218.51,712446782.67,82.95
6711,211,211,211,135882347.69,135882347.69,100.0
6712,212,212,212,657959447.14,480924871.52,73.09
6713,213,213,213,442294059.48,238494700.83,53.92
6714,214,214,214,655388129.59,655388129.59,100.0
6715,215,215,215,285288145.91,243686375.13,85.42
6716,216,216,216,833289160.68,833289160.68,100.0
6717,217,217,217,112829925.44,109287490.47,96.86
6718,218,218,218,794324292.23,343217786.62,43.21
6719,219,219,219,139951778.62,74035608.48,52.9
6720,220,220,220,201044725.95,71712025.12,35.67
6721,221,221,221,127257931.21,127257931.21,100.0
6722,222,222,222,831784322.52,424057060.44,50.98
6723,223,223,223,747180046.16,747180046.16,100.0
6724,224,224,224,69379027.08,69379027.08,100.0
6725,225,225,225,908254342.77,512595857.65,56.44
6726,226,226,226,957800892.55,957800892.55,100.0
6727,227,227,227,949151086.27,435857128.24,45.92
6728,228,228,228,187179022.01,135730335.18,72.51
6729,229,229,229,657441851.35,657441851.35,100.0
6730,230,230,230,148244392.27,65004048.22,43.85
6731,231,231,231,369454644.72,271042253.98,73.36
6732,232,232,232,974199202.58,606354199.08,62.24
6733,233,233,233,648927973.59,315056500.68,48.55
6734,234,234,234,733611992.07,452467999.6,61.68
6735,235,235,235,976030571.13,361339773.84,37.02
6736,236,236,236,180367825.3,170119250.76,94.32
6737,237,237,237,580609820.48,324679064.09,55.92
6738,238,238,238,75881969.25,25451048.62,33.54
6739,239,239,239,459925333.39,256671433.19,55.81
6740,240,240,240,876279303.25,418964554.71,47.81
6741,241,241,241,29999896.72,22560769.44,75.2
6742,242,242,242,523332076.73,362956983.19,69.36
6743,243,243,243,844337538.05,612050502.77,72.49
6744,244,244,244,318459043.22,318459043.22,100.0
6745,245,245,245,923033642.57,466957259.79,50.59
6746,246,246,246,650238586.08,463383922.58,71.26
6747,247,247,247,64661692.31,26255884.57,40.61
6748,248,248,248,657377744.95,466644133.74,70.99
6749,249,249,249,392498920.93,259464640.15,66.11
6750,250,250,250,159510805.56,72729483.81,45.6
6751,1,1,1,927889545.11,828553629.79,89.29
6752,2,2,2,977686552.92,382793266.39,39.15
6753,3,3,3,775001644.19,552251786.92,71.26
6754,4,4,4,847971121.74,421572343.49,49.72
6755,5,5,5,991226261.13,660552483.63,66.64
6756,6,6,6,38331953.51,26058964.25,67.98
6757,7,7,7,122249305.02,122249305.02,100.0
6758,8,8,8,932635505.67,553421781.83,59.34
6759,9,9,9,591357743.06,353657443.11,59.8
6760,10,10,10,428325463.15,264733076.06,61.81
6761,11,11,11,163032247.25,102784264.78,63.05
6762,12,12,12,44829353.83,44829353.83,100.0
6763,13,13,13,767003689.63,516251325.79,67.31
6764,14,14,14,36842986.45,36842986.45,100.0
6765,15,15,15,442514221.4,442514221.4,100.0
6766,16,16,16,63406431.34,63406431.34,100.0
6767,17,17,17,747303531.85,500128340.68,66.92
6768,18,18,18,535779715.08,350443577.37,65.41
6769,19,19,19,259807034.03,259807034.03,100.0
6770,20,20,20,252324090.73,184312610.07,73.05
6771,21,21,21,589765272.53,358796359.84,60.84
6772,22,22,22,131281785.43,126314381.18,96.22
6773,23,23,23,638762129.21,224286108.04,35.11
6774,24,24,24,939104797.53,746886529.14,79.53
6775,25,25,25,468069928.23,312141516.41,66.69
6776,26,26,26,706477787.85,595775770.91,84.33
6777,27,27,27,284869473.68,284869473.68,100.0
6778,28,28,28,531249795.31,531249795.31,100.0
6779,29,29,29,529229457.99,529229457.99,100.0
6780,30,30,30,394591509.52,187956222.61,47.63
6781,31,31,31,203585759.79,161698404.8,79.43
6782,32,32,32,641482098.29,455571535.79,71.02
6783,33,33,33,953904252.18,542659435.4,56.89
6784,34,34,34,457036729.55,282592647.67,61.83
6785,35,35,35,122876910.05,121810451.11,99.13
6786,36,36,36,360512663.81,174371884.78,48.37
6787,37,37,37,687857784.14,611889038.26,88.96
6788,38,38,38,498290522.28,367950678.75,73.84
6789,39,39,39,313928760.87,105540474.23,33.62
6790,40,40,40,856937051.44,856937051.44,100.0
6791,41,41,41,620061511.71,365783255.12,58.99
6792,42,42,42,885816399.35,641283931.06,72.39
6793,43,43,43,973486689.57,973486689.57,100.0
6794,44,44,44,611469209.27,557871595.58,91.23
6795,45,45,45,202838029.55,202838029.55,100.0
6796,46,46,46,583613517.39,277295243.24,47.51
6797,47,47,47,126278178.39,52352280.78,41.46
6798,48,48,48,786925856.64,574932279.98,73.06
6799,49,49,49,107106465.9,80553324.77,75.21
6800,50,50,50,484461009.83,315309914.42,65.08
6801,51,51,51,720967116.09,274365115.53,38.06
6802,52,52,52,924456529.4,339283455.36,36.7
6803,53,53,53,896907726.65,478669518.89,53.37
6804,54,54,54,77515513.9,27362433.41,35.3
6805,55,55,55,988368312.91,978539592.47,99.01
6806,56,56,56,452781805.55,210087494.02,46.4
6807,57,57,57,217560183.01,209753795.43,96.41
6808,58,58,58,977534184.61,613223989.05,62.73
6809,59,59,59,866795681.49,866795681.49,100.0
6810,60,60,60,644298080.17,644298080.17,100.0
6811,61,61,61,615430382.57,452523022.45,73.53
6812,62,62,62,410020748.06,316364463.02,77.16
6813,63,63,63,35397133.58,17289432.0,48.84
6814,64,64,64,587377776.86,255088536.08,43.43
6815,65,65,65,478078867.1,350033503.6,73.22
6816,66,66,66,909192914.95,445022789.59,48.95
6817,67,67,67,535351074.19,469973762.1,87.79
6818,68,68,68,748754686.59,670163839.08,89.5
6819,69,69,69,962553336.64,651252376.83,67.66
6820,70,70,70,102913895.21,102913895.21,100.0
6821,71,71,71,520431048.26,402073616.51,77.26
6822,72,72,72,894112220.26,872020672.29,97.53
6823,73,73,73,889690046.19,417558316.53,46.93
6824,74,74,74,320976968.71,97340524.39,30.33
6825,75,75,75,627537983.7,256092142.43,40.81
6826,76,76,76,656076712.8,535287623.82,81.59
6827,77,77,77,798526363.03,267673287.42,33.52
6828,78,78,78,731994570.99,571029209.45,78.01
6829,79,79,79,711109542.49,711109542.49,100.0
6830,80,80,80,710029575.83,577377373.09,81.32
6831,81,81,81,385952327.3,292099305.24,75.68
6832,82,82,82,573351757.66,260979960.8,45.52
6833,83,83,83,790828425.06,735063135.21,92.95
6834,84,84,84,258157320.67,241454904.44,93.53
6835,85,85,85,354803217.96,233525385.45,65.82
6836,86,86,86,560167887.98,498018347.3,88.91
6837,87,87,87,249957123.36,249957123.36,100.0
6838,88,88,88,464239352.55,464239352.55,100.0
6839,89,89,89,519042723.19,450555058.21,86.81
6840,90,90,90,176156198.73,154276618.31,87.58
6841,91,91,91,247489611.18,161093455.45,65.09
6842,92,92,92,171386838.73,171386838.73,100.0
6843,93,93,93,733061614.24,626046012.34,85.4
6844,94,94,94,99464574.96,65736997.46,66.09
6845,95,95,95,252636564.15,179802600.19,71.17
6846,96,96,96,723465408.54,292112800.6,40.38
6847,97,97,97,918488078.14,838970232.09,91.34
6848,98,98,98,259600802.71,201816971.03,77.74
6849,99,99,99,896530935.51,896530935.51,100.0
6850,100,100,100,345421386.48,233587685.46,67.62
6851,101,101,101,850448105.96,557992004.46,65.61
6852,102,102,102,516811840.64,369114605.57,71.42
6853,103,103,103,577426614.31,577426614.31,100.0
6854,104,104,104,473991878.12,276543308.96,58.34
6855,105,105,105,758811678.51,737900067.16,97.24
6856,106,106,106,395480989.22,368428494.18,93.16
6857,107,107,107,650307097.27,650307097.27,100.0
6858,108,108,108,603246915.9,375597185.02,62.26
6859,109,109,109,258117027.8,258117027.8,100.0
6860,110,110,110,785596103.67,613064967.79,78.04
6861,111,111,111,493275559.11,493275559.11,100.0
6862,112,112,112,458291913.56,203927328.94,44.5
6863,113,113,113,582860367.29,197118034.85,33.82
6864,114,114,114,861394313.7,543393871.6,63.08
6865,115,115,115,304021941.02,99286487.03,32.66
6866,116,116,116,335528609.03,294365662.3,87.73
6867,117,117,117,378751118.62,320247720.77,84.55
6868,118,118,118,196913525.45,172350134.54,87.53
6869,119,119,119,777676321.01,569172190.37,73.19
6870,120,120,120,477972113.0,340396638.74,71.22
6871,121,121,121,104904123.79,55261037.63,52.68
6872,122,122,122,698724783.35,457706367.99,65.51
6873,123,123,123,136815815.12,104525393.05,76.4
6874,124,124,124,679898048.94,553467697.84,81.4
6875,125,125,125,391743881.75,391743881.75,100.0
6876,126,126,126,617962482.15,617962482.15,100.0
6877,127,127,127,241162485.93,91631929.19,38.0
6878,128,128,128,620057478.85,504786609.66,81.41
6879,129,129,129,102329903.61,75022429.3,73.31
6880,130,130,130,962902239.4,962902239.4,100.0
6881,131,131,131,862124465.47,468913454.2,54.39
6882,132,132,132,271280346.26,85228571.07,31.42
6883,133,133,133,304442218.47,113007883.05,37.12
6884,134,134,134,925435778.07,896296879.46,96.85
6885,135,135,135,234852884.18,145080811.05,61.78
6886,136,136,136,522051334.6,419985917.58,80.45
6887,137,137,137,593722201.4,410414406.44,69.13
6888,138,138,138,259993945.13,187071314.81,71.95
6889,139,139,139,584740855.59,520142847.89,88.95
6890,140,140,140,675652991.84,317347821.09,46.97
6891,141,141,141,872983666.68,513614172.65,58.83
6892,142,142,142,598189206.26,382933694.36,64.02
6893,143,143,143,901429061.37,733000020.51,81.32
6894,144,144,144,567556832.49,567556832.49,100.0
6895,145,145,145,642521402.33,507860006.79,79.04
6896,146,146,146,958510010.89,958510010.89,100.0
6897,147,147,147,819864191.45,258071685.73,31.48
6898,148,148,148,977494475.47,455265792.17,46.57
6899,149,149,149,563555083.86,220677246.45,39.16
6900,150,150,150,254879661.82,170032879.22,66.71
6901,151,151,151,879446763.0,544378812.7,61.9
6902,152,152,152,680149264.28,325487806.64,47.86
6903,153,153,153,953439116.53,953439116.53,100.0
6904,154,154,154,333946091.8,287499110.36,86.09
6905,155,155,155,743377746.32,632636725.18,85.1
6906,156,156,156,428076153.46,428076153.46,100.0
6907,157,157,157,186229529.92,162637664.29,87.33
6908,158,158,158,219624590.01,218523287.04,99.5
6909,159,159,159,259318624.45,259318624.45,100.0
6910,160,160,160,512046478.64,175445696.69,34.26
6911,161,161,161,775510965.88,525167225.78,67.72
6912,162,162,162,936595103.83,362449003.01,38.7
6913,163,163,163,113205071.01,85110709.46,75.18
6914,164,164,164,817213468.79,401478671.67,49.13
6915,165,165,165,317546659.74,317546659.74,100.0
6916,166,166,166,402952373.1,316770824.55,78.61
6917,167,167,167,562544324.62,510827603.45,90.81
6918,168,168,168,737424415.13,385269133.08,52.25
6919,169,169,169,187076737.81,151951282.68,81.22
6920,170,170,170,329940759.4,183301769.79,55.56
6921,171,171,171,451340162.3,203713498.63,45.14
6922,172,172,172,573867766.08,188382756.81,32.83
6923,173,173,173,824317959.53,427934725.64,51.91
6924,174,174,174,508618947.85,175201620.12,34.45
6925,175,175,175,208454247.38,181577666.04,87.11
6926,176,176,176,317759802.86,214766148.83,67.59
6927,177,177,177,649309231.36,499951453.56,77.0
6928,178,178,178,277294875.11,206694437.65,74.54
6929,179,179,179,226634366.79,207805743.2,91.69
6930,180,180,180,298237797.78,231949083.21,77.77
6931,181,181,181,432055511.5,432055511.5,100.0
6932,182,182,182,311337095.8,201135529.81,64.6
6933,183,183,183,740928965.23,421525961.11,56.89
6934,184,184,184,808340306.51,792507097.61,98.04
6935,185,185,185,51804010.78,32315578.0,62.38
6936,186,186,186,464933635.11,414600245.85,89.17
6937,187,187,187,279906309.14,155872390.53,55.69
6938,188,188,188,396298600.18,310983585.76,78.47
6939,189,189,189,195006684.03,105599120.05,54.15
6940,190,190,190,76330983.08,76330983.08,100.0
6941,191,191,191,641699661.46,526087995.92,81.98
6942,192,192,192,962669837.77,962669837.77,100.0
6943,193,193,193,737544391.39,328215429.57,44.5
6944,194,194,194,979635007.46,726300581.8,74.14
6945,195,195,195,965637550.57,715993055.05,74.15
6946,196,196,196,360114176.93,110317680.28,30.63
6947,197,197,197,740892350.86,517758769.07,69.88
6948,198,198,198,815787856.54,425950463.19,52.21
6949,199,199,199,474771172.17,383504352.49,80.78
6950,200,200,200,328291368.34,328291368.34,100.0
6951,201,201,201,934274540.96,854493809.83,91.46
6952,202,202,202,57420315.25,31584065.91,55.01
6953,203,203,203,403115647.19,283725067.38,70.38
6954,204,204,204,977528613.87,697206527.62,71.32
6955,205,205,205,140636210.87,68055560.29,48.39
6956,206,206,206,56046634.0,45559142.92,81.29
6957,207,207,207,347759009.12,165030859.02,47.46
6958,208,208,208,88001647.24,74951407.95,85.17
6959,209,209,209,591644678.88,359174083.11,60.71
6960,210,210,210,620685795.03,620685795.03,100.0
6961,211,211,211,816973506.46,311274660.72,38.1
6962,212,212,212,995641413.06,750778464.79,75.41
6963,213,213,213,39210187.8,36979080.33,94.31
6964,214,214,214,600001136.61,206245062.65,34.37
6965,215,215,215,830088254.69,297571710.2,35.85
6966,216,216,216,684923598.63,594980600.93,86.87
6967,217,217,217,161869799.96,160378427.05,99.08
6968,218,218,218,618815477.22,618815477.22,100.0
6969,219,219,219,194543375.36,129251495.33,66.44
6970,220,220,220,919997837.18,774114438.21,84.14
6971,221,221,221,971786541.81,477738679.66,49.16
6972,222,222,222,658783653.51,236025853.5,35.83
6973,223,223,223,554871616.02,384749581.52,69.34
6974,224,224,224,143720979.79,115686744.56,80.49
6975,225,225,225,783678129.95,783678129.95,100.0
6976,226,226,226,813875809.98,813875809.98,100.0
6977,227,227,227,362106394.67,226259428.98,62.48
6978,228,228,228,647695708.19,554186215.35,85.56
6979,229,229,229,227459447.64,174185445.86,76.58
6980,230,230,230,925174672.26,713549772.52,77.13
6981,231,231,231,95954465.87,72173247.21,75.22
6982,232,232,232,711642383.89,711642383.89,100.0
6983,233,233,233,746905036.55,746905036.55,100.0
6984,234,234,234,709504426.66,272523291.17,38.41
6985,235,235,235,765844112.67,362182790.01,47.29
6986,236,236,236,960949268.03,412587690.91,42.94
6987,237,237,237,425630275.1,269029652.13,63.21
6988,238,238,238,208864404.87,139636124.95,66.85
6989,239,239,239,138424704.02,137572337.03,99.38
6990,240,240,240,87891073.97,57669002.53,65.61
6991,241,241,241,466481365.34,466481365.34,100.0
6992,242,242,242,117302827.92,47453806.7,40.45
6993,243,243,243,827633685.37,494662255.18,59.77
6994,244,244,244,491675039.02,191693648.36,38.99
6995,245,245,245,824286656.06,756443914.15,91.77
6996,246,246,246,654815828.84,448900232.72,68.55
6997,247,247,247,921758505.05,600018736.5,65.1
6998,248,248,248,843206415.48,579565294.47,68.73
6999,249,249,249,284696343.39,284696343.39,100.0
7000,250,250,250,705374580.03,687666652.03,97.49
7001,1,1,1,898922252.03,310732578.55,34.57
7002,2,2,2,526280116.09,224888143.07,42.73
7003,3,3,3,744657350.93,397836804.22,53.43
7004,4,4,4,57602921.15,30628958.38,53.17
7005,5,5,5,631435871.21,259051838.06,41.03
7006,6,6,6,738438156.96,301957868.03,40.89
7007,7,7,7,561796936.85,561796936.85,100.0
7008,8,8,8,286317224.91,230504473.92,80.51
7009,9,9,9,939777391.42,396087638.4,42.15
7010,10,10,10,465296800.52,465296800.52,100.0
7011,11,11,11,559993657.57,309997992.99,55.36
7012,12,12,12,71762867.96,55454236.01,77.27
7013,13,13,13,816865582.83,277721074.25,34.0
7014,14,14,14,427996814.37,427996814.37,100.0
7015,15,15,15,339008906.42,292892604.78,86.4
7016,16,16,16,916091126.24,700524357.75,76.47
7017,17,17,17,262990291.51,173815744.0,66.09
7018,18,18,18,150036186.48,150036186.48,100.0
7019,19,19,19,476803305.55,460942890.38,96.67
7020,20,20,20,745998304.48,726493668.53,97.39
7021,21,21,21,51394522.88,15497265.34,30.15
7022,22,22,22,722635008.21,265230248.79,36.7
7023,23,23,23,520672375.77,343241483.91,65.92
7024,24,24,24,680105019.3,649888607.45,95.56
7025,25,25,25,685698528.51,610922259.88,89.09
7026,26,26,26,320908903.61,146928490.83,45.79
7027,27,27,27,184712025.18,76185158.54,41.25
7028,28,28,28,30362605.1,30362605.1,100.0
7029,29,29,29,32442298.33,11967010.26,36.89
7030,30,30,30,871722368.85,817669954.93,93.8
7031,31,31,31,513821509.86,264965943.66,51.57
7032,32,32,32,332902941.19,332902941.19,100.0
7033,33,33,33,913054960.88,617912550.15,67.68
7034,34,34,34,927695420.61,485317702.91,52.31
7035,35,35,35,541484656.05,373684120.26,69.01
7036,36,36,36,555411502.34,517463313.35,93.17
7037,37,37,37,637076181.3,249538559.63,39.17
7038,38,38,38,701043971.87,627501970.37,89.51
7039,39,39,39,341183614.01,238248127.51,69.83
7040,40,40,40,743448259.43,743448259.43,100.0
7041,41,41,41,29399116.59,24408303.97,83.02
7042,42,42,42,810950662.24,537688136.53,66.3
7043,43,43,43,679108910.72,624462473.3,91.95
7044,44,44,44,871383845.59,856480207.56,98.29
7045,45,45,45,624528684.8,617202194.47,98.83
7046,46,46,46,603486326.42,603486326.42,100.0
7047,47,47,47,239386686.84,134915890.77,56.36
7048,48,48,48,422369643.35,422369643.35,100.0
7049,49,49,49,785272154.69,599188334.23,76.3
7050,50,50,50,513126614.37,471596533.21,91.91
7051,51,51,51,744758839.58,292562086.75,39.28
7052,52,52,52,980711056.51,850436112.86,86.72
7053,53,53,53,459951134.19,336521154.85,73.16
7054,54,54,54,215121656.14,136401426.96,63.41
7055,55,55,55,449826318.01,411098328.53,91.39
7056,56,56,56,343376613.05,117386405.83,34.19
7057,57,57,57,219531951.7,219531951.7,100.0
7058,58,58,58,989501893.41,989501893.41,100.0
7059,59,59,59,457551257.77,230181644.7,50.31
7060,60,60,60,980743128.7,978974985.86,99.82
7061,61,61,61,712476578.08,482757768.35,67.76
7062,62,62,62,387879844.51,386781802.34,99.72
7063,63,63,63,10294514.07,8880495.78,86.26
7064,64,64,64,400206285.3,400206285.3,100.0
7065,65,65,65,318268646.56,204486541.68,64.25
7066,66,66,66,464138328.58,464138328.58,100.0
7067,67,67,67,574437564.03,209571364.9,36.48
7068,68,68,68,631486268.34,355593556.07,56.31
7069,69,69,69,140846287.86,128744025.3,91.41
7070,70,70,70,622983011.07,277298565.1,44.51
7071,71,71,71,548753033.04,548753033.04,100.0
7072,72,72,72,135326339.15,80492071.87,59.48
7073,73,73,73,212780867.65,165772874.84,77.91
7074,74,74,74,535751203.54,250570294.45,46.77
7075,75,75,75,664039375.34,617138760.99,92.94
7076,76,76,76,177694466.86,177694466.86,100.0
7077,77,77,77,666668193.04,445896634.91,66.88
7078,78,78,78,320282407.13,318147140.64,99.33
7079,79,79,79,831254035.63,688284782.39,82.8
7080,80,80,80,394579328.02,129774675.92,32.89
7081,81,81,81,815766774.37,405257633.79,49.68
7082,82,82,82,242168170.45,229991821.99,94.97
7083,83,83,83,740985895.33,738646717.57,99.68
7084,84,84,84,539167228.13,294861779.39,54.69
7085,85,85,85,649136518.32,649136518.32,100.0
7086,86,86,86,459886807.48,145376546.32,31.61
7087,87,87,87,985748925.22,737904481.86,74.86
7088,88,88,88,698044222.84,698044222.84,100.0
7089,89,89,89,394805829.19,262196218.37,66.41
7090,90,90,90,743398996.63,400524886.39,53.88
7091,91,91,91,737759180.87,226720511.09,30.73
7092,92,92,92,131309514.15,96518567.1,73.5
7093,93,93,93,239191324.42,140238455.01,58.63
7094,94,94,94,713971576.92,366637360.09,51.35
7095,95,95,95,374013338.77,317493819.38,84.89
7096,96,96,96,412569005.62,231912707.49,56.21
7097,97,97,97,501355301.49,432331822.17,86.23
7098,98,98,98,780793291.64,744012165.28,95.29
7099,99,99,99,470155307.67,200186741.02,42.58
7100,100,100,100,285054746.04,264979688.63,92.96
7101,101,101,101,682570178.89,486348358.67,71.25
7102,102,102,102,865754379.76,509673036.08,58.87
7103,103,103,103,526289445.49,213772496.01,40.62
7104,104,104,104,703794983.15,620687973.43,88.19
7105,105,105,105,836438444.22,559361346.34,66.87
7106,106,106,106,166254534.67,105654392.59,63.55
7107,107,107,107,603467939.22,461216737.87,76.43
7108,108,108,108,732880219.34,362496651.1,49.46
7109,109,109,109,133734632.05,90960081.08,68.02
7110,110,110,110,460505744.31,334175672.6,72.57
7111,111,111,111,185730962.59,185730962.59,100.0
7112,112,112,112,468621217.48,408420641.65,87.15
7113,113,113,113,17936427.25,8871306.14,49.46
7114,114,114,114,742588546.99,335108101.49,45.13
7115,115,115,115,822469823.06,822469823.06,100.0
7116,116,116,116,829779505.7,629747693.12,75.89
7117,117,117,117,809119841.9,410070293.69,50.68
7118,118,118,118,64942389.54,21188716.66,32.63
7119,119,119,119,298134139.0,298134139.0,100.0
7120,120,120,120,247124583.44,105351746.05,42.63
7121,121,121,121,483791372.08,483791372.08,100.0
7122,122,122,122,920434622.86,900300072.6,97.81
7123,123,123,123,194835940.87,75628291.52,38.82
7124,124,124,124,789503980.83,692393594.36,87.7
7125,125,125,125,361584752.16,237933676.85,65.8
7126,126,126,126,118235588.51,36080393.51,30.52
7127,127,127,127,363445653.54,163530728.21,44.99
7128,128,128,128,215782259.8,119451549.06,55.36
7129,129,129,129,211197278.28,211197278.28,100.0
7130,130,130,130,987160778.47,379019675.61,38.39
7131,131,131,131,306144602.26,159109982.74,51.97
7132,132,132,132,801516538.76,338725900.35,42.26
7133,133,133,133,16997789.58,16997789.58,100.0
7134,134,134,134,74974144.12,74974144.12,100.0
7135,135,135,135,615083206.52,615083206.52,100.0
7136,136,136,136,687669746.98,333344237.17,48.47
7137,137,137,137,647386752.4,493006457.52,76.15
7138,138,138,138,872908187.14,669578756.95,76.71
7139,139,139,139,233806362.59,101620122.72,43.46
7140,140,140,140,328508903.08,169322299.13,51.54
7141,141,141,141,567297559.77,243696021.82,42.96
7142,142,142,142,156564521.8,90668117.73,57.91
7143,143,143,143,526478846.44,367219213.98,69.75
7144,144,144,144,613574368.34,613574368.34,100.0
7145,145,145,145,477212686.22,232087645.77,48.63
7146,146,146,146,783666521.49,428646160.63,54.7
7147,147,147,147,819372330.66,622288694.81,75.95
7148,148,148,148,277116569.4,207219064.93,74.78
7149,149,149,149,273193764.56,137286331.81,50.25
7150,150,150,150,112193445.5,88783584.82,79.13
7151,151,151,151,989042001.16,863882021.32,87.35
7152,152,152,152,187402692.19,73673531.83,39.31
7153,153,153,153,136463328.09,136463328.09,100.0
7154,154,154,154,538381235.01,354782637.21,65.9
7155,155,155,155,812868979.44,592150416.78,72.85
7156,156,156,156,99084617.91,33219442.71,33.53
7157,157,157,157,273560233.75,139694008.03,51.07
7158,158,158,158,930817338.55,690032348.96,74.13
7159,159,159,159,515896611.0,498643657.7,96.66
7160,160,160,160,181559922.75,146099060.1,80.47
7161,161,161,161,227602852.86,167948586.06,73.79
7162,162,162,162,750032350.74,750032350.74,100.0
7163,163,163,163,463181052.47,302308988.85,65.27
7164,164,164,164,581258446.76,231739829.83,39.87
7165,165,165,165,714874047.87,290102221.99,40.58
7166,166,166,166,193211531.57,82438663.79,42.67
7167,167,167,167,831376945.54,260926990.41,31.38
7168,168,168,168,49824481.38,43734817.77,87.78
7169,169,169,169,160986221.25,122836166.3,76.3
7170,170,170,170,901583963.6,492223660.14,54.6
7171,171,171,171,113959197.75,71296696.79,62.56
7172,172,172,172,529982801.46,424371390.36,80.07
7173,173,173,173,239445566.36,128228147.16,53.55
7174,174,174,174,667424001.05,264131055.5,39.57
7175,175,175,175,892230020.52,672438245.48,75.37
7176,176,176,176,849446121.39,772522998.52,90.94
7177,177,177,177,755689838.69,732426711.75,96.92
7178,178,178,178,659638781.47,659638781.47,100.0
7179,179,179,179,965157676.73,308040062.03,31.92
7180,180,180,180,190224346.16,190224346.16,100.0
7181,181,181,181,630441331.22,413258312.05,65.55
7182,182,182,182,927888703.24,880336698.68,94.88
7183,183,183,183,212504805.03,90781579.8,42.72
7184,184,184,184,300598978.65,91023648.82,30.28
7185,185,185,185,769494470.47,635171676.01,82.54
7186,186,186,186,764006515.62,747546045.42,97.85
7187,187,187,187,652619176.06,275318687.52,42.19
7188,188,188,188,79092081.98,76937877.56,97.28
7189,189,189,189,473339371.95,221317596.77,46.76
7190,190,190,190,668557844.05,388451125.08,58.1
7191,191,191,191,806752042.04,305948786.18,37.92
7192,192,192,192,846545999.09,846545999.09,100.0
7193,193,193,193,696923703.59,605666365.18,86.91
7194,194,194,194,579044093.8,189625472.64,32.75
7195,195,195,195,348611119.66,186226189.58,53.42
7196,196,196,196,737375336.91,648639924.15,87.97
7197,197,197,197,358795362.81,286500404.0,79.85
7198,198,198,198,519925102.51,252059658.85,48.48
7199,199,199,199,34479565.25,21302129.43,61.78
7200,200,200,200,157748403.82,109497971.02,69.41
7201,201,201,201,316579814.84,156569522.25,49.46
7202,202,202,202,469814964.38,413134143.69,87.94
7203,203,203,203,573987450.97,555268823.4,96.74
7204,204,204,204,209402368.73,116425045.9,55.6
7205,205,205,205,534433068.17,325855982.98,60.97
7206,206,206,206,640803546.39,292188760.2,45.6
7207,207,207,207,452582587.7,189115318.53,41.79
7208,208,208,208,547002871.59,217022713.66,39.67
7209,209,209,209,337501707.27,268712949.44,79.62
7210,210,210,210,258576073.85,168225757.04,65.06
7211,211,211,211,778000585.73,778000585.73,100.0
7212,212,212,212,302394370.83,197402923.6,65.28
7213,213,213,213,27747765.43,13266922.4,47.81
7214,214,214,214,753028985.02,255401168.43,33.92
7215,215,215,215,305334834.83,241745511.65,79.17
7216,216,216,216,280393633.7,209209315.62,74.61
7217,217,217,217,386606936.71,300384227.06,77.7
7218,218,218,218,468038652.85,241362531.13,51.57
7219,219,219,219,806658116.53,806658116.53,100.0
7220,220,220,220,167794396.9,156035783.03,92.99
7221,221,221,221,537425340.83,438362438.36,81.57
7222,222,222,222,19559297.62,13888602.79,71.01
7223,223,223,223,71555919.71,61506734.83,85.96
7224,224,224,224,656899431.5,402312317.38,61.24
7225,225,225,225,928481592.52,479021779.66,51.59
7226,226,226,226,69903819.26,28037743.37,40.11
7227,227,227,227,278003619.58,196828777.17,70.8
7228,228,228,228,98510148.05,98510148.05,100.0
7229,229,229,229,53957813.47,53957813.47,100.0
7230,230,230,230,595725259.27,406747530.46,68.28
7231,231,231,231,882242546.07,619389355.18,70.21
7232,232,232,232,129567164.48,129567164.48,100.0
7233,233,233,233,590827156.4,590827156.4,100.0
7234,234,234,234,183735034.86,109278283.92,59.48
7235,235,235,235,413994915.47,346314351.18,83.65
7236,236,236,236,298836686.99,298836686.99,100.0
7237,237,237,237,173167950.81,84997104.79,49.08
7238,238,238,238,340026375.69,317607213.22,93.41
7239,239,239,239,718537006.68,373362076.16,51.96
7240,240,240,240,184839203.17,124650308.03,67.44
7241,241,241,241,420556236.08,372629577.13,88.6
7242,242,242,242,597624065.16,420127528.3,70.3
7243,243,243,243,962598335.08,557904208.84,57.96
7244,244,244,244,237100129.36,220033908.28,92.8
7245,245,245,245,590394354.1,571488804.12,96.8
7246,246,246,246,41147631.27,12977027.52,31.54
7247,247,247,247,257841823.45,247865278.86,96.13
7248,248,248,248,519330192.04,346701083.69,66.76
7249,249,249,249,508755499.76,508755499.76,100.0
7250,250,250,250,998862844.75,941591316.97,94.27
7251,1,1,1,202334167.14,170714014.58,84.37
7252,2,2,2,635449079.39,294812843.84,46.39
7253,3,3,3,72657785.08,65063646.88,89.55
7254,4,4,4,881916798.4,418153575.66,47.41
7255,5,5,5,97739857.13,97739857.13,100.0
7256,6,6,6,479558697.77,338901358.95,70.67
7257,7,7,7,742107976.93,531620025.59,71.64
7258,8,8,8,544788334.24,538203548.69,98.79
7259,9,9,9,304007078.39,106612399.35,35.07
7260,10,10,10,848332130.26,598008622.54,70.49
7261,11,11,11,785537197.3,612032310.46,77.91
7262,12,12,12,897916259.44,328639677.74,36.6
7263,13,13,13,591643709.86,193266880.59,32.67
7264,14,14,14,451662291.96,290589351.42,64.34
7265,15,15,15,812053640.6,791520556.55,97.47
7266,16,16,16,686735565.82,400791347.49,58.36
7267,17,17,17,262019982.85,229956943.03,87.76
7268,18,18,18,349003156.71,349003156.71,100.0
7269,19,19,19,591149023.22,568845445.44,96.23
7270,20,20,20,51386979.78,22664311.45,44.11
7271,21,21,21,134482847.54,134482847.54,100.0
7272,22,22,22,442405121.72,196138075.97,44.33
7273,23,23,23,260269448.15,222152909.67,85.35
7274,24,24,24,814168669.36,346237710.07,42.53
7275,25,25,25,464733086.81,414629232.71,89.22
7276,26,26,26,799440665.5,641685856.04,80.27
7277,27,27,27,296408722.71,296408722.71,100.0
7278,28,28,28,77447443.85,59385353.84,76.68
7279,29,29,29,959717093.44,868344145.56,90.48
7280,30,30,30,341024261.58,111038677.22,32.56
7281,31,31,31,631718430.62,426456697.69,67.51
7282,32,32,32,426236525.88,265568964.23,62.31
7283,33,33,33,742103531.42,489559536.31,65.97
7284,34,34,34,641758142.82,641758142.82,100.0
7285,35,35,35,609487220.99,414314972.62,67.98
7286,36,36,36,193368887.64,74485683.37,38.52
7287,37,37,37,697808684.68,694050471.01,99.46
7288,38,38,38,627843563.66,397846944.27,63.37
7289,39,39,39,418759167.0,331255840.48,79.1
7290,40,40,40,336260472.3,208029639.11,61.87
7291,41,41,41,838760990.54,262097612.14,31.25
7292,42,42,42,181187169.48,174742771.64,96.44
7293,43,43,43,686282499.63,524230334.74,76.39
7294,44,44,44,337556307.01,207610193.31,61.5
7295,45,45,45,373721092.37,125862235.34,33.68
7296,46,46,46,437407741.38,315605780.0,72.15
7297,47,47,47,902397549.51,870921641.54,96.51
7298,48,48,48,26604234.68,17177632.2,64.57
7299,49,49,49,62339153.74,27552803.76,44.2
7300,50,50,50,656384511.77,614646568.21,93.64
7301,51,51,51,52564390.84,15988731.9,30.42
7302,52,52,52,698375204.74,409998264.2,58.71
7303,53,53,53,622390388.22,492298890.82,79.1
7304,54,54,54,750683746.81,680808630.02,90.69
7305,55,55,55,15434124.8,5472748.43,35.46
7306,56,56,56,350782551.42,165033641.26,47.05
7307,57,57,57,349605537.01,124174473.2,35.52
7308,58,58,58,21882728.2,12174067.63,55.63
7309,59,59,59,192202169.89,143663628.04,74.75
7310,60,60,60,481497917.77,358880089.39,74.53
7311,61,61,61,185992288.56,80463647.35,43.26
7312,62,62,62,194450780.64,185679743.35,95.49
7313,63,63,63,613161201.81,500881677.37,81.69
7314,64,64,64,293732789.14,190970887.28,65.02
7315,65,65,65,371645061.74,145623195.2,39.18
7316,66,66,66,372132362.48,372132362.48,100.0
7317,67,67,67,245802768.51,182685365.44,74.32
7318,68,68,68,336453129.14,148974179.47,44.28
7319,69,69,69,230883617.31,230883617.31,100.0
7320,70,70,70,428498790.58,246977278.05,57.64
7321,71,71,71,219409933.99,126304563.23,57.57
7322,72,72,72,133277608.07,130706169.39,98.07
7323,73,73,73,775315839.48,756481645.13,97.57
7324,74,74,74,889245057.35,591870511.72,66.56
7325,75,75,75,901195100.82,501592371.04,55.66
7326,76,76,76,242991253.47,83908621.54,34.53
7327,77,77,77,804037401.6,771476090.23,95.95
7328,78,78,78,445538220.51,142440295.13,31.97
7329,79,79,79,261990838.93,236660197.08,90.33
7330,80,80,80,188867785.0,147194705.56,77.94
7331,81,81,81,77056849.51,60502053.16,78.52
7332,82,82,82,505413093.89,193817555.17,38.35
7333,83,83,83,634965382.16,227907872.59,35.89
7334,84,84,84,772102550.23,559248455.52,72.43
7335,85,85,85,753177044.17,753177044.17,100.0
7336,86,86,86,830613226.4,698587210.92,84.1
7337,87,87,87,236079856.92,236079856.92,100.0
7338,88,88,88,779087096.68,708170581.86,90.9
7339,89,89,89,189511287.12,189511287.12,100.0
7340,90,90,90,651651910.9,427069621.79,65.54
7341,91,91,91,852178629.44,334951128.53,39.31
7342,92,92,92,12512395.81,7867474.73,62.88
7343,93,93,93,991228139.61,831112441.95,83.85
7344,94,94,94,41027643.43,41027643.43,100.0
7345,95,95,95,647151705.92,643672396.61,99.46
7346,96,96,96,149782803.72,61231169.8,40.88
7347,97,97,97,998042135.64,774850108.88,77.64
7348,98,98,98,98117769.99,43218988.7,44.05
7349,99,99,99,983372946.98,970059854.41,98.65
7350,100,100,100,414596574.58,414596574.58,100.0
7351,101,101,101,190467721.28,173691275.4,91.19
7352,102,102,102,262447190.61,241957082.29,92.19
7353,103,103,103,584527022.45,458585203.31,78.45
7354,104,104,104,32688880.89,25903315.5,79.24
7355,105,105,105,879851293.24,767080005.61,87.18
7356,106,106,106,351512257.28,207587972.36,59.06
7357,107,107,107,255548263.38,255548263.38,100.0
7358,108,108,108,455204729.81,268594042.36,59.01
7359,109,109,109,158092314.45,158092314.45,100.0
7360,110,110,110,897198566.56,417748044.6,46.56
7361,111,111,111,992227882.53,756094733.31,76.2
7362,112,112,112,392843746.16,376240830.66,95.77
7363,113,113,113,70122994.94,70122994.94,100.0
7364,114,114,114,990873843.01,553350490.27,55.84
7365,115,115,115,821141474.23,314927210.71,38.35
7366,116,116,116,621754375.73,301361660.66,48.47
7367,117,117,117,849822460.0,388331876.36,45.7
7368,118,118,118,690863097.59,248550940.02,35.98
7369,119,119,119,653180528.27,476787335.42,72.99
7370,120,120,120,129873582.08,110211287.1,84.86
7371,121,121,121,831099660.75,353745944.96,42.56
7372,122,122,122,890699950.25,649511186.22,72.92
7373,123,123,123,679435007.83,370404926.3,54.52
7374,124,124,124,39931503.31,14656643.48,36.7
7375,125,125,125,465896248.19,465896248.19,100.0
7376,126,126,126,958075877.18,940028631.64,98.12
7377,127,127,127,892027219.68,640285075.98,71.78
7378,128,128,128,858323125.62,668233943.71,77.85
7379,129,129,129,534651707.65,489979540.61,91.64
7380,130,130,130,171654795.02,61507748.88,35.83
7381,131,131,131,406123835.61,337290464.01,83.05
7382,132,132,132,778792275.68,467700130.04,60.05
7383,133,133,133,831154453.31,661287418.07,79.56
7384,134,134,134,945283335.72,934261043.32,98.83
7385,135,135,135,491795945.69,381157236.92,77.5
7386,136,136,136,661169389.14,363427348.41,54.97
7387,137,137,137,157120202.01,99202624.45,63.14
7388,138,138,138,631238860.84,344907653.8,54.64
7389,139,139,139,553119458.9,553119458.9,100.0
7390,140,140,140,390361218.74,371324335.19,95.12
7391,141,141,141,110610740.71,47838803.54,43.25
7392,142,142,142,82746944.8,67755152.25,81.88
7393,143,143,143,449116691.64,149648999.15,33.32
7394,144,144,144,516796335.54,448876038.36,86.86
7395,145,145,145,95462376.19,81760760.02,85.65
7396,146,146,146,277660762.38,113371449.81,40.83
7397,147,147,147,728053379.14,523298508.58,71.88
7398,148,148,148,787072074.99,415468859.83,52.79
7399,149,149,149,724807189.58,724807189.58,100.0
7400,150,150,150,287095607.63,285210151.37,99.34
7401,151,151,151,968081582.65,785064541.32,81.09
7402,152,152,152,334418275.19,130401084.23,38.99
7403,153,153,153,849798795.95,772719393.17,90.93
7404,154,154,154,687975312.43,415047215.75,60.33
7405,155,155,155,419783981.41,419783981.41,100.0
7406,156,156,156,339826792.09,286690633.82,84.36
7407,157,157,157,611999309.53,334462220.16,54.65
7408,158,158,158,238588128.82,84092704.73,35.25
7409,159,159,159,459720726.58,266003455.44,57.86
7410,160,160,160,596916001.45,239128653.91,40.06
7411,161,161,161,744639049.07,476114486.17,63.94
7412,162,162,162,229221307.18,202464352.2,88.33
7413,163,163,163,77150292.65,59387574.33,76.98
7414,164,164,164,194922903.98,153512764.19,78.76
7415,165,165,165,640508962.11,610992730.88,95.39
7416,166,166,166,805571367.7,641179919.13,79.59
7417,167,167,167,226506877.32,71544012.76,31.59
7418,168,168,168,565352769.21,453305978.93,80.18
7419,169,169,169,395761119.67,395761119.67,100.0
7420,170,170,170,36610457.57,17426322.18,47.6
7421,171,171,171,100086955.83,93491378.98,93.41
7422,172,172,172,41225346.92,15520812.64,37.65
7423,173,173,173,489591639.26,451658015.81,92.25
7424,174,174,174,735804731.56,232482645.34,31.6
7425,175,175,175,70328857.2,66489572.93,94.54
7426,176,176,176,283761210.83,277791924.16,97.9
7427,177,177,177,43421413.53,29579186.88,68.12
7428,178,178,178,200616270.58,174880333.33,87.17
7429,179,179,179,622589646.44,622589646.44,100.0
7430,180,180,180,442892921.52,279955441.67,63.21
7431,181,181,181,255334991.9,97480663.18,38.18
7432,182,182,182,282070779.64,182747439.67,64.79
7433,183,183,183,135349165.07,56449472.96,41.71
7434,184,184,184,641305758.13,277652262.25,43.29
7435,185,185,185,779830771.54,774606758.3,99.33
7436,186,186,186,584962544.6,332798609.81,56.89
7437,187,187,187,408950610.91,408950610.91,100.0
7438,188,188,188,184484753.41,126115496.58,68.36
7439,189,189,189,729963834.13,386437186.64,52.94
7440,190,190,190,108682543.76,57434672.13,52.85
7441,191,191,191,245454830.24,199461708.72,81.26
7442,192,192,192,705474293.19,593119082.8,84.07
7443,193,193,193,48583625.79,42364600.39,87.2
7444,194,194,194,538766362.39,378724042.8,70.29
7445,195,195,195,144485527.68,58893272.51,40.76
7446,196,196,196,623708957.34,231698933.88,37.15
7447,197,197,197,931048725.98,415899134.38,44.67
7448,198,198,198,428301252.58,397540449.23,92.82
7449,199,199,199,75887964.95,42160305.12,55.56
7450,200,200,200,40235886.45,34627591.46,86.06
7451,201,201,201,940021025.81,355141765.48,37.78
7452,202,202,202,473790592.63,154342629.49,32.58
7453,203,203,203,907313945.67,714378263.66,78.74
7454,204,204,204,417569501.18,168601549.95,40.38
7455,205,205,205,313892885.0,158684637.81,50.55
7456,206,206,206,282299803.86,209225724.95,74.11
7457,207,207,207,514972882.44,245980896.02,47.77
7458,208,208,208,750814452.15,431846777.71,57.52
7459,209,209,209,607072397.1,240039784.19,39.54
7460,210,210,210,625327724.17,374601849.37,59.9
7461,211,211,211,153751930.55,138605959.24,90.15
7462,212,212,212,598114084.31,503413789.9,84.17
7463,213,213,213,224522534.59,203732409.95,90.74
7464,214,214,214,788276077.64,766620871.24,97.25
7465,215,215,215,199232691.88,93241492.42,46.8
7466,216,216,216,306750038.98,109727026.59,35.77
7467,217,217,217,101499135.69,101499135.69,100.0
7468,218,218,218,905780614.43,369590067.33,40.8
7469,219,219,219,239501138.78,225623140.41,94.21
7470,220,220,220,102041241.3,65635768.97,64.32
7471,221,221,221,270193752.49,201552898.9,74.6
7472,222,222,222,399719493.37,165158515.28,41.32
7473,223,223,223,194842406.65,131625102.84,67.55
7474,224,224,224,476676242.92,401445939.49,84.22
7475,225,225,225,986016990.77,831768822.18,84.36
7476,226,226,226,963598863.21,348037590.14,36.12
7477,227,227,227,174364120.94,174364120.94,100.0
7478,228,228,228,735165025.21,478498543.82,65.09
7479,229,229,229,240061675.23,124768216.43,51.97
7480,230,230,230,955718893.94,389860126.0,40.79
7481,231,231,231,422863751.13,397200994.76,93.93
7482,232,232,232,385579036.88,123536925.9,32.04
7483,233,233,233,982276827.75,386651389.06,39.36
7484,234,234,234,523172272.8,368972310.83,70.53
7485,235,235,235,177684310.62,177684310.62,100.0
7486,236,236,236,582597057.8,449378159.87,77.13
7487,237,237,237,733859663.14,488516420.89,66.57
7488,238,238,238,702552288.92,313572237.36,44.63
7489,239,239,239,744804352.06,244840003.94,32.87
7490,240,240,240,761266647.05,645206064.32,84.75
7491,241,241,241,941747571.23,928419192.05,98.58
7492,242,242,242,595280919.7,595280919.7,100.0
7493,243,243,243,538092177.98,538092177.98,100.0
7494,244,244,244,800794905.19,800794905.19,100.0
7495,245,245,245,93979405.87,86716180.97,92.27
7496,246,246,246,373128916.49,192268842.46,51.53
7497,247,247,247,624964707.37,295395408.51,47.27
7498,248,248,248,415049298.88,166412349.59,40.09
7499,249,249,249,731183089.39,731183089.39,100.0
7500,250,250,250,548335501.0,438958045.63,80.05
7501,1,1,1,742675643.22,742675643.22,100.0
7502,2,2,2,786460450.03,550705262.06,70.02
7503,3,3,3,512445966.22,214657772.32,41.89
7504,4,4,4,741875812.55,401167406.26,54.07
7505,5,5,5,179329178.48,179329178.48,100.0
7506,6,6,6,378922718.72,356351534.84,94.04
7507,7,7,7,774259420.61,608121826.01,78.54
7508,8,8,8,27207241.99,10273906.59,37.76
7509,9,9,9,261342773.73,169610499.3,64.9
7510,10,10,10,338536634.04,288338767.68,85.17
7511,11,11,11,862349382.88,850723755.9,98.65
7512,12,12,12,126625179.84,107732554.34,85.08
7513,13,13,13,234591742.96,223152572.94,95.12
7514,14,14,14,464746793.77,365503240.14,78.65
7515,15,15,15,429154076.52,236072296.67,55.01
7516,16,16,16,441352626.35,227128412.35,51.46
7517,17,17,17,355155081.08,281626191.95,79.3
7518,18,18,18,94927649.34,40504424.72,42.67
7519,19,19,19,455907618.06,155465705.08,34.1
7520,20,20,20,338070861.96,129557065.24,38.32
7521,21,21,21,722841008.16,328617563.83,45.46
7522,22,22,22,977350247.48,607400103.52,62.15
7523,23,23,23,624773293.66,523607739.63,83.81
7524,24,24,24,640797531.33,487197525.39,76.03
7525,25,25,25,61396470.55,42193079.18,68.72
7526,26,26,26,638617290.56,632056654.59,98.97
7527,27,27,27,449080655.48,326235634.71,72.65
7528,28,28,28,129221853.29,129221853.29,100.0
7529,29,29,29,908386632.95,819184786.22,90.18
7530,30,30,30,463691526.14,338258826.78,72.95
7531,31,31,31,945982981.18,796419497.52,84.19
7532,32,32,32,761259019.68,620956005.75,81.57
7533,33,33,33,602483059.08,581814575.26,96.57
7534,34,34,34,957307982.14,885692065.98,92.52
7535,35,35,35,99143790.21,63229120.35,63.78
7536,36,36,36,480257594.39,304471615.28,63.4
7537,37,37,37,532882248.23,299566654.01,56.22
7538,38,38,38,402397272.41,218350483.24,54.26
7539,39,39,39,795694115.4,608737135.95,76.5
7540,40,40,40,291753141.59,96507543.96,33.08
7541,41,41,41,267033275.76,210586163.57,78.86
7542,42,42,42,89888146.18,41413280.18,46.07
7543,43,43,43,750260993.62,304940296.7,40.64
7544,44,44,44,356609386.86,132186930.93,37.07
7545,45,45,45,157593940.54,100210825.34,63.59
7546,46,46,46,537863044.52,486872886.88,90.52
7547,47,47,47,938288171.82,447806147.04,47.73
7548,48,48,48,968839202.72,819370186.31,84.57
7549,49,49,49,259741491.82,160373310.86,61.74
7550,50,50,50,421577599.29,421577599.29,100.0
7551,51,51,51,199754040.19,96169102.07,48.14
7552,52,52,52,499532509.99,312873148.04,62.63
7553,53,53,53,584387255.54,238996723.43,40.9
7554,54,54,54,445392407.75,235467313.23,52.87
7555,55,55,55,502158497.89,179392966.82,35.72
7556,56,56,56,667616450.43,329627789.24,49.37
7557,57,57,57,371326401.88,151833474.38,40.89
7558,58,58,58,800446277.97,531646855.34,66.42
7559,59,59,59,787561049.22,610243203.01,77.49
7560,60,60,60,197502125.4,78565211.54,39.78
7561,61,61,61,442075880.15,396651384.0,89.72
7562,62,62,62,932936654.64,932936654.64,100.0
7563,63,63,63,139383727.41,60206006.71,43.19
7564,64,64,64,46799999.78,46799999.78,100.0
7565,65,65,65,648869630.37,502634773.95,77.46
7566,66,66,66,632229957.14,632229957.14,100.0
7567,67,67,67,496420980.93,201806877.32,40.65
7568,68,68,68,894732609.21,283641614.28,31.7
7569,69,69,69,599131022.28,259712992.94,43.35
7570,70,70,70,626475206.38,296425457.64,47.32
7571,71,71,71,840474045.51,840474045.51,100.0
7572,72,72,72,41095980.18,18123691.17,44.1
7573,73,73,73,723476873.46,294220506.36,40.67
7574,74,74,74,95978506.79,57047479.49,59.44
7575,75,75,75,389535114.14,146346408.79,37.57
7576,76,76,76,515923149.43,175153157.0,33.95
7577,77,77,77,693028623.54,481672076.05,69.5
7578,78,78,78,78369964.02,69828128.8,89.1
7579,79,79,79,792453266.39,492684427.55,62.17
7580,80,80,80,668138619.81,316877068.61,47.43
7581,81,81,81,173559562.39,78206316.48,45.06
7582,82,82,82,637989295.08,419205944.69,65.71
7583,83,83,83,717567490.16,414072316.28,57.7
7584,84,84,84,487499953.97,250982226.05,51.48
7585,85,85,85,444754770.34,191246271.69,43.0
7586,86,86,86,780100945.9,480438570.64,61.59
7587,87,87,87,858185489.61,674160413.07,78.56
7588,88,88,88,22224363.34,14584532.59,65.62
7589,89,89,89,70273958.18,53480201.14,76.1
7590,90,90,90,845631678.05,640050570.96,75.69
7591,91,91,91,937301957.96,790808507.82,84.37
7592,92,92,92,443280285.4,428523484.63,96.67
7593,93,93,93,547141456.52,333366458.18,60.93
7594,94,94,94,111980605.86,66923493.09,59.76
7595,95,95,95,298175977.11,298175977.11,100.0
7596,96,96,96,715591972.89,483702271.72,67.59
7597,97,97,97,489661729.19,242484605.39,49.52
7598,98,98,98,815207313.77,445632057.6,54.66
7599,99,99,99,284827929.14,136784351.78,48.02
7600,100,100,100,433780398.53,433780398.53,100.0
7601,101,101,101,814972162.7,758811372.37,93.11
7602,102,102,102,851604257.51,655328203.19,76.95
7603,103,103,103,430241619.7,413272525.7,96.06
7604,104,104,104,464349379.25,252156340.3,54.3
7605,105,105,105,244564098.24,92158846.85,37.68
7606,106,106,106,431258476.46,367866630.6,85.3
7607,107,107,107,502428225.35,247417041.7,49.24
7608,108,108,108,313370580.58,214689365.03,68.51
7609,109,109,109,131984755.69,47165408.94,35.74
7610,110,110,110,368998984.25,365142363.94,98.95
7611,111,111,111,608837409.76,249760260.7,41.02
7612,112,112,112,151129171.53,145386977.9,96.2
7613,113,113,113,845246178.06,551740332.64,65.28
7614,114,114,114,548535279.38,502939093.71,91.69
7615,115,115,115,323879523.74,206496532.48,63.76
7616,116,116,116,489293027.74,489293027.74,100.0
7617,117,117,117,226254328.27,148866492.17,65.8
7618,118,118,118,304992693.75,125991361.41,41.31
7619,119,119,119,199901099.71,93624873.02,46.84
7620,120,120,120,465648631.54,158025528.65,33.94
7621,121,121,121,367180680.5,326719358.46,88.98
7622,122,122,122,353932465.23,291880039.14,82.47
7623,123,123,123,892306877.99,885902410.76,99.28
7624,124,124,124,303675005.49,210383782.44,69.28
7625,125,125,125,208402416.41,155221507.93,74.48
7626,126,126,126,162193048.34,73003115.39,45.01
7627,127,127,127,17321557.45,16472592.65,95.1
7628,128,128,128,325678072.56,291747563.06,89.58
7629,129,129,129,642174336.3,286606168.46,44.63
7630,130,130,130,651859635.97,337391731.63,51.76
7631,131,131,131,991071911.53,755948185.35,76.28
7632,132,132,132,917499840.19,801555619.07,87.36
7633,133,133,133,151118342.57,87608564.32,57.97
7634,134,134,134,852252998.21,759479695.96,89.11
7635,135,135,135,99609904.95,38194238.02,38.34
7636,136,136,136,437300346.08,179285568.01,41.0
7637,137,137,137,507233053.39,194679261.84,38.38
7638,138,138,138,946095836.64,517154745.06,54.66
7639,139,139,139,573154217.08,562287885.99,98.1
7640,140,140,140,806226632.35,373275912.83,46.3
7641,141,141,141,972003286.92,325964897.77,33.54
7642,142,142,142,825748572.84,408285525.82,49.44
7643,143,143,143,229017230.0,166718093.38,72.8
7644,144,144,144,221181247.58,221181247.58,100.0
7645,145,145,145,334182255.79,312122290.64,93.4
7646,146,146,146,858665984.15,473688181.96,55.17
7647,147,147,147,671942743.67,420627322.4,62.6
7648,148,148,148,426914460.13,256067064.25,59.98
7649,149,149,149,327772825.75,101748998.61,31.04
7650,150,150,150,350729707.29,350729707.29,100.0
7651,151,151,151,624110739.85,243767681.77,39.06
7652,152,152,152,16828179.53,7179141.08,42.66
7653,153,153,153,176084437.24,123374385.74,70.07
7654,154,154,154,805374164.44,805374164.44,100.0
7655,155,155,155,175738274.37,175738274.37,100.0
7656,156,156,156,838563403.33,448473281.94,53.48
7657,157,157,157,329501084.71,160889220.36,48.83
7658,158,158,158,964754315.85,532604847.05,55.21
7659,159,159,159,183196923.79,146586349.61,80.02
7660,160,160,160,51698483.9,51698483.9,100.0
7661,161,161,161,816977733.86,574438205.13,70.31
7662,162,162,162,263775070.24,80550528.08,30.54
7663,163,163,163,129025682.92,103506264.67,80.22
7664,164,164,164,891926819.52,387747813.04,43.47
7665,165,165,165,667420694.54,542567033.69,81.29
7666,166,166,166,49995905.33,35888898.45,71.78
7667,167,167,167,162647588.73,66406392.7,40.83
7668,168,168,168,743831213.22,622343607.28,83.67
7669,169,169,169,887279318.55,864441973.99,97.43
7670,170,170,170,489157376.04,192534580.37,39.36
7671,171,171,171,966122157.3,349214954.64,36.15
7672,172,172,172,424747559.9,424747559.9,100.0
7673,173,173,173,937538460.53,937538460.53,100.0
7674,174,174,174,325746198.98,223155033.83,68.51
7675,175,175,175,526282160.1,480666432.05,91.33
7676,176,176,176,44480193.85,42311469.32,95.12
7677,177,177,177,716318038.45,496214107.77,69.27
7678,178,178,178,649747256.85,472192382.56,72.67
7679,179,179,179,322292545.62,213038309.61,66.1
7680,180,180,180,49424259.35,31358556.91,63.45
7681,181,181,181,929774827.13,415353575.2,44.67
7682,182,182,182,457538309.62,331236213.29,72.4
7683,183,183,183,579798879.35,521369591.83,89.92
7684,184,184,184,391597747.48,278686480.76,71.17
7685,185,185,185,391223219.18,131460406.58,33.6
7686,186,186,186,203688222.55,71548697.8,35.13
7687,187,187,187,500252597.02,498738598.04,99.7
7688,188,188,188,898026542.88,280689202.17,31.26
7689,189,189,189,987117288.06,906382154.54,91.82
7690,190,190,190,767439803.26,501777136.54,65.38
7691,191,191,191,980169369.3,958879497.77,97.83
7692,192,192,192,629521450.67,575445832.22,91.41
7693,193,193,193,196638447.96,91333685.65,46.45
7694,194,194,194,870213252.03,709830346.54,81.57
7695,195,195,195,854547827.64,767559111.3,89.82
7696,196,196,196,461742733.27,317587334.41,68.78
7697,197,197,197,594145280.35,309261012.47,52.05
7698,198,198,198,547625716.63,175482660.22,32.04
7699,199,199,199,609521011.56,609521011.56,100.0
7700,200,200,200,733901692.84,580722968.75,79.13
7701,201,201,201,719412588.89,332257424.81,46.18
7702,202,202,202,818549914.3,705287813.05,86.16
7703,203,203,203,173856624.49,68949397.97,39.66
7704,204,204,204,551931157.52,385206224.93,69.79
7705,205,205,205,117575744.28,117575744.28,100.0
7706,206,206,206,693431244.77,457227255.92,65.94
7707,207,207,207,839262939.06,785165055.33,93.55
7708,208,208,208,676589958.09,552780841.69,81.7
7709,209,209,209,616491321.01,277500271.1,45.01
7710,210,210,210,308661985.07,295096155.43,95.6
7711,211,211,211,892695772.59,383057085.9,42.91
7712,212,212,212,421094378.59,259717758.62,61.68
7713,213,213,213,954105659.47,917109954.0,96.12
7714,214,214,214,969906012.12,969906012.12,100.0
7715,215,215,215,254345374.32,252720060.29,99.36
7716,216,216,216,729093524.29,729093524.29,100.0
7717,217,217,217,120339067.65,59773802.66,49.67
7718,218,218,218,905894673.08,730601315.39,80.65
7719,219,219,219,140187004.36,137111409.28,97.81
7720,220,220,220,136687181.48,114559130.65,83.81
7721,221,221,221,836217001.48,429981678.42,51.42
7722,222,222,222,200018253.34,124679452.46,62.33
7723,223,223,223,472970802.21,320359697.65,67.73
7724,224,224,224,211182522.41,66412921.78,31.45
7725,225,225,225,637995009.11,282504930.2,44.28
7726,226,226,226,706124733.92,395109088.2,55.95
7727,227,227,227,423961364.28,347538216.88,81.97
7728,228,228,228,736850564.6,642472590.44,87.19
7729,229,229,229,115745262.29,101682582.41,87.85
7730,230,230,230,859110291.5,853327303.12,99.33
7731,231,231,231,733053976.17,358430947.21,48.9
7732,232,232,232,164156492.35,136755580.12,83.31
7733,233,233,233,216045871.0,66453108.26,30.76
7734,234,234,234,366975800.02,193390031.71,52.7
7735,235,235,235,655998295.82,505821896.84,77.11
7736,236,236,236,705562310.67,705562310.67,100.0
7737,237,237,237,935975409.8,457826158.79,48.91
7738,238,238,238,344278447.92,194494807.29,56.49
7739,239,239,239,411491849.02,199106290.95,48.39
7740,240,240,240,705364423.11,596394240.14,84.55
7741,241,241,241,370254430.85,341897596.87,92.34
7742,242,242,242,684498652.25,330287956.71,48.25
7743,243,243,243,561952108.28,349584230.09,62.21
7744,244,244,244,153245009.78,152180157.28,99.31
7745,245,245,245,418848774.66,161359490.14,38.52
7746,246,246,246,46443752.85,32048259.96,69.0
7747,247,247,247,804442051.9,503325027.86,62.57
7748,248,248,248,940102817.04,598848668.36,63.7
7749,249,249,249,881345472.28,849579532.51,96.4
7750,250,250,250,409917161.51,371820725.52,90.71
7751,1,1,1,201655154.8,170827909.49,84.71
7752,2,2,2,402118886.89,257692156.69,64.08
7753,3,3,3,273366766.51,234513973.91,85.79
7754,4,4,4,948914367.06,824436584.5,86.88
7755,5,5,5,621460218.25,274138323.59,44.11
7756,6,6,6,499782636.1,426244360.26,85.29
7757,7,7,7,553832318.11,249444489.99,45.04
7758,8,8,8,153638538.03,60537545.37,39.4
7759,9,9,9,914144756.96,653429555.55,71.48
7760,10,10,10,116430004.0,73930624.06,63.5
7761,11,11,11,364845663.25,279121608.86,76.5
7762,12,12,12,389918987.25,277478833.35,71.16
7763,13,13,13,808420900.07,389288602.09,48.15
7764,14,14,14,281522128.03,191271745.1,67.94
7765,15,15,15,527362439.42,411858705.24,78.1
7766,16,16,16,812160127.45,683297355.71,84.13
7767,17,17,17,946041420.63,363360567.05,38.41
7768,18,18,18,372926125.98,184288576.03,49.42
7769,19,19,19,418391972.58,174785390.6,41.78
7770,20,20,20,62208055.61,56952274.94,91.55
7771,21,21,21,293953430.75,91625556.12,31.17
7772,22,22,22,600089259.33,467836634.84,77.96
7773,23,23,23,370927495.4,341701497.81,92.12
7774,24,24,24,74259112.13,51845276.46,69.82
7775,25,25,25,42363777.57,42363777.57,100.0
7776,26,26,26,56857265.35,36377428.63,63.98
7777,27,27,27,269855399.7,158130543.37,58.6
7778,28,28,28,571206284.69,421356248.44,73.77
7779,29,29,29,448990560.49,218617807.65,48.69
7780,30,30,30,455776346.38,455776346.38,100.0
7781,31,31,31,751301380.22,443203940.58,58.99
7782,32,32,32,230979653.26,167748573.38,72.62
7783,33,33,33,929739049.14,779768555.58,83.87
7784,34,34,34,34746969.24,21993347.3,63.3
7785,35,35,35,849463717.07,413930206.44,48.73
7786,36,36,36,680048250.44,573254946.0,84.3
7787,37,37,37,166153777.56,154990792.85,93.28
7788,38,38,38,153498862.4,71705613.48,46.71
7789,39,39,39,57779354.89,46101410.21,79.79
7790,40,40,40,377453753.0,326031492.78,86.38
7791,41,41,41,519369546.91,289858566.99,55.81
7792,42,42,42,599547013.12,406533936.52,67.81
7793,43,43,43,407326101.09,178939292.82,43.93
7794,44,44,44,110148635.95,50017487.87,45.41
7795,45,45,45,361382286.51,216077503.89,59.79
7796,46,46,46,572569982.38,528971667.5,92.39
7797,47,47,47,852387990.45,733679719.39,86.07
7798,48,48,48,422123169.84,244885011.68,58.01
7799,49,49,49,247534535.69,218495339.38,88.27
7800,50,50,50,848075559.7,483496991.31,57.01
7801,51,51,51,455435473.86,209734849.55,46.05
7802,52,52,52,911197791.51,753740288.62,82.72
7803,53,53,53,427601984.56,427601984.56,100.0
7804,54,54,54,127315570.92,46815468.7,36.77
7805,55,55,55,602794000.08,602794000.08,100.0
7806,56,56,56,792280080.15,792280080.15,100.0
7807,57,57,57,743540890.6,331552012.94,44.59
7808,58,58,58,938991397.52,731711593.32,77.93
7809,59,59,59,112244230.42,89132287.81,79.41
7810,60,60,60,950437916.43,499608671.94,52.57
7811,61,61,61,225716512.42,77267399.57,34.23
7812,62,62,62,500746913.24,434151947.3,86.7
7813,63,63,63,881475739.56,361170778.48,40.97
7814,64,64,64,338871331.69,338871331.69,100.0
7815,65,65,65,327702786.52,143081483.57,43.66
7816,66,66,66,601279756.8,601279756.8,100.0
7817,67,67,67,120020676.84,110638782.4,92.18
7818,68,68,68,991942526.97,991942526.97,100.0
7819,69,69,69,418673903.72,267829479.25,63.97
7820,70,70,70,147577964.02,147577964.02,100.0
7821,71,71,71,873664922.31,727731082.64,83.3
7822,72,72,72,61731030.67,56369427.04,91.31
7823,73,73,73,878401104.19,574904121.41,65.45
7824,74,74,74,285387320.1,88279711.57,30.93
7825,75,75,75,406897544.37,406897544.37,100.0
7826,76,76,76,289112577.74,219164156.06,75.81
7827,77,77,77,45460184.41,25314594.1,55.69
7828,78,78,78,953164960.3,384864124.44,40.38
7829,79,79,79,96223870.63,55008382.89,57.17
7830,80,80,80,27458071.77,10292871.89,37.49
7831,81,81,81,755794839.6,329274317.17,43.57
7832,82,82,82,730926696.93,407167016.46,55.71
7833,83,83,83,348809329.95,285058490.7,81.72
7834,84,84,84,10484234.59,9664790.92,92.18
7835,85,85,85,27908272.45,10477069.37,37.54
7836,86,86,86,179356642.4,133712199.05,74.55
7837,87,87,87,607743935.06,558264775.33,91.86
7838,88,88,88,259476303.73,193689328.16,74.65
7839,89,89,89,288333541.92,186970398.46,64.85
7840,90,90,90,963351303.27,953529055.06,98.98
7841,91,91,91,900637839.97,900637839.97,100.0
7842,92,92,92,135264357.2,105196652.61,77.77
7843,93,93,93,612431456.72,612431456.72,100.0
7844,94,94,94,253602808.87,245249389.37,96.71
7845,95,95,95,31611082.57,31611082.57,100.0
7846,96,96,96,175046013.34,139533313.49,79.71
7847,97,97,97,109569538.54,109569538.54,100.0
7848,98,98,98,805257722.17,353803065.35,43.94
7849,99,99,99,43944892.35,24731605.69,56.28
7850,100,100,100,48186242.08,48186242.08,100.0
7851,101,101,101,608376063.45,608376063.45,100.0
7852,102,102,102,928228048.86,605007396.73,65.18
7853,103,103,103,17631542.42,11260961.91,63.87
7854,104,104,104,731902161.94,297808311.84,40.69
7855,105,105,105,374393510.94,175674693.21,46.92
7856,106,106,106,440820856.27,440820856.27,100.0
7857,107,107,107,381428127.3,227474325.32,59.64
7858,108,108,108,625598037.96,460388134.98,73.59
7859,109,109,109,134022239.05,71321758.43,53.22
7860,110,110,110,124481401.77,124481401.77,100.0
7861,111,111,111,343051192.1,120965748.77,35.26
7862,112,112,112,101722471.64,70318688.32,69.13
7863,113,113,113,874426214.54,421096758.77,48.16
7864,114,114,114,991555284.39,465118336.22,46.91
7865,115,115,115,965202987.37,892926784.0,92.51
7866,116,116,116,533058252.47,185417326.19,34.78
7867,117,117,117,798727973.62,397439570.1,49.76
7868,118,118,118,972941612.49,674093591.06,69.28
7869,119,119,119,712620184.25,451678878.91,63.38
7870,120,120,120,923840799.5,408367868.86,44.2
7871,121,121,121,171175186.49,99956088.7,58.39
7872,122,122,122,948687821.14,908096121.74,95.72
7873,123,123,123,169211058.98,59496092.9,35.16
7874,124,124,124,66318762.83,34442690.71,51.94
7875,125,125,125,981574421.9,377752163.75,38.48
7876,126,126,126,988756149.58,343604219.35,34.75
7877,127,127,127,116412564.47,88029460.6,75.62
7878,128,128,128,417214698.75,220569294.6,52.87
7879,129,129,129,639649359.16,241939468.2,37.82
7880,130,130,130,852700573.03,739319198.71,86.7
7881,131,131,131,378038419.67,340447855.03,90.06
7882,132,132,132,916829118.11,332364960.45,36.25
7883,133,133,133,152831609.7,139915222.69,91.55
7884,134,134,134,42583545.19,42583545.19,100.0
7885,135,135,135,411551162.96,164403504.64,39.95
7886,136,136,136,532796724.73,464136931.79,87.11
7887,137,137,137,921192985.96,419309411.58,45.52
7888,138,138,138,894838658.4,487581967.02,54.49
7889,139,139,139,438208505.63,417605372.75,95.3
7890,140,140,140,865357266.02,865357266.02,100.0
7891,141,141,141,172824717.87,108963576.12,63.05
7892,142,142,142,220311481.72,95317896.66,43.27
7893,143,143,143,516679636.18,513987276.92,99.48
7894,144,144,144,58155126.83,28996653.24,49.86
7895,145,145,145,758983509.05,413633798.41,54.5
7896,146,146,146,539877777.17,220505864.21,40.84
7897,147,147,147,152362474.17,139498217.34,91.56
7898,148,148,148,515782986.38,425084307.29,82.42
7899,149,149,149,502423277.45,470298867.34,93.61
7900,150,150,150,642800442.53,410546105.56,63.87
7901,151,151,151,65903323.05,65637601.78,99.6
7902,152,152,152,375560672.16,187929807.04,50.04
7903,153,153,153,809129074.92,391876420.26,48.43
7904,154,154,154,35122835.07,28869679.72,82.2
7905,155,155,155,642276142.15,196984866.27,30.67
7906,156,156,156,347817622.04,113741862.81,32.7
7907,157,157,157,678614817.22,407182823.73,60.0
7908,158,158,158,299551125.44,269013027.5,89.81
7909,159,159,159,904949903.69,904949903.69,100.0
7910,160,160,160,308159549.53,156003940.05,50.62
7911,161,161,161,847550352.48,341414719.78,40.28
7912,162,162,162,181495788.46,117081240.96,64.51
7913,163,163,163,980744653.44,672064720.51,68.53
7914,164,164,164,368836156.65,368836156.65,100.0
7915,165,165,165,508848868.66,501265604.63,98.51
7916,166,166,166,839206352.55,515591361.64,61.44
7917,167,167,167,85217445.36,85217445.36,100.0
7918,168,168,168,158918502.42,54531440.39,34.31
7919,169,169,169,344739305.16,264496740.71,76.72
7920,170,170,170,395195078.78,226322478.71,57.27
7921,171,171,171,813361853.07,597069662.81,73.41
7922,172,172,172,232503661.09,232503661.09,100.0
7923,173,173,173,812336753.47,253314929.37,31.18
7924,174,174,174,737839852.21,545972121.18,74.0
7925,175,175,175,817969580.43,565126732.01,69.09
7926,176,176,176,837972200.12,361228098.67,43.11
7927,177,177,177,744852162.55,696123442.82,93.46
7928,178,178,178,189393525.53,103780566.01,54.8
7929,179,179,179,481489970.42,471642404.82,97.95
7930,180,180,180,785300388.62,433319744.4,55.18
7931,181,181,181,236372809.46,122902794.78,52.0
7932,182,182,182,813466875.68,424663560.78,52.2
7933,183,183,183,685233036.55,423710835.83,61.83
7934,184,184,184,788815405.3,416057527.7,52.74
7935,185,185,185,114045454.53,71213910.73,62.44
7936,186,186,186,559429184.44,185130379.18,33.09
7937,187,187,187,741291858.7,612817278.31,82.67
7938,188,188,188,555269133.16,296821874.09,53.46
7939,189,189,189,103890644.26,103890644.26,100.0
7940,190,190,190,947243333.8,356017418.9,37.58
7941,191,191,191,637155743.85,411416446.31,64.57
7942,192,192,192,512369106.47,268314682.89,52.37
7943,193,193,193,360083135.3,216648867.42,60.17
7944,194,194,194,256850851.32,256850851.32,100.0
7945,195,195,195,515647055.39,402291661.99,78.02
7946,196,196,196,66007670.6,66007670.6,100.0
7947,197,197,197,941483657.69,707517678.53,75.15
7948,198,198,198,182290823.5,102356934.01,56.15
7949,199,199,199,322104191.1,231478940.28,71.86
7950,200,200,200,828340114.27,714268777.19,86.23
7951,201,201,201,960156079.12,432460870.97,45.04
7952,202,202,202,521666611.42,521666611.42,100.0
7953,203,203,203,738593366.27,537981178.47,72.84
7954,204,204,204,937695100.86,314063324.14,33.49
7955,205,205,205,65484008.57,34734739.36,53.04
7956,206,206,206,12361063.49,6613840.86,53.51
7957,207,207,207,799765073.07,733647125.51,91.73
7958,208,208,208,491943282.9,401039419.61,81.52
7959,209,209,209,712288662.11,635328255.91,89.2
7960,210,210,210,400397475.59,162640468.29,40.62
7961,211,211,211,142426138.16,142426138.16,100.0
7962,212,212,212,68134654.71,42761863.07,62.76
7963,213,213,213,904775127.46,506730239.42,56.01
7964,214,214,214,831835073.63,529763820.2,63.69
7965,215,215,215,812134047.59,783779307.36,96.51
7966,216,216,216,238949367.99,171798195.24,71.9
7967,217,217,217,970359089.24,599243289.44,61.75
7968,218,218,218,883511125.99,495925468.8,56.13
7969,219,219,219,507011038.82,507011038.82,100.0
7970,220,220,220,961140822.44,506186312.61,52.67
7971,221,221,221,729118900.76,729118900.76,100.0
7972,222,222,222,29290025.98,19920748.65,68.01
7973,223,223,223,970329900.57,684473613.38,70.54
7974,224,224,224,563272317.75,215080566.02,38.18
7975,225,225,225,80682084.19,44913902.06,55.67
7976,226,226,226,370148745.65,195797158.92,52.9
7977,227,227,227,415024312.99,319103229.02,76.89
7978,228,228,228,844131163.63,520233699.04,61.63
7979,229,229,229,37670647.32,11675755.48,30.99
7980,230,230,230,651610498.87,242794297.62,37.26
7981,231,231,231,898751856.72,448539970.7,49.91
7982,232,232,232,660241504.41,595618423.57,90.21
7983,233,233,233,392064487.07,392064487.07,100.0
7984,234,234,234,470310361.2,216865634.31,46.11
7985,235,235,235,929173862.72,929173862.72,100.0
7986,236,236,236,82878566.47,39461519.0,47.61
7987,237,237,237,455215607.45,377675215.66,82.97
7988,238,238,238,597922768.26,350383352.49,58.6
7989,239,239,239,127018966.43,81254481.04,63.97
7990,240,240,240,606486655.04,211614127.41,34.89
7991,241,241,241,102416106.9,31081269.82,30.35
7992,242,242,242,977036480.17,616890862.66,63.14
7993,243,243,243,289031182.24,100078072.39,34.63
7994,244,244,244,499499751.01,235985348.63,47.24
7995,245,245,245,989485248.04,714121478.48,72.17
7996,246,246,246,281150814.67,202130749.43,71.89
7997,247,247,247,487731148.71,247280827.99,50.7
7998,248,248,248,679914853.76,563284491.82,82.85
7999,249,249,249,916105727.14,554414435.45,60.52
8000,250,250,250,438335551.79,248333750.52,56.65
8001,1,1,1,309232813.19,235023819.8,76.0
8002,2,2,2,425138700.53,142208227.7,33.45
8003,3,3,3,412739054.82,240836844.57,58.35
8004,4,4,4,565737672.31,488699842.74,86.38
8005,5,5,5,168702335.89,99045537.48,58.71
8006,6,6,6,68856180.6,21780473.18,31.63
8007,7,7,7,11323218.0,10902289.28,96.28
8008,8,8,8,282397212.7,133774113.89,47.37
8009,9,9,9,325382283.52,175961222.82,54.08
8010,10,10,10,968534985.52,621794087.65,64.2
8011,11,11,11,225380799.95,133482771.28,59.23
8012,12,12,12,549319530.38,192707190.93,35.08
8013,13,13,13,869960052.01,859033101.97,98.74
8014,14,14,14,741475165.52,301355807.84,40.64
8015,15,15,15,68580409.29,56372322.13,82.2
8016,16,16,16,378905777.45,353889647.38,93.4
8017,17,17,17,668520702.44,608081657.86,90.96
8018,18,18,18,16148521.52,15875883.85,98.31
8019,19,19,19,953748448.1,640380599.11,67.14
8020,20,20,20,239044905.06,84637908.07,35.41
8021,21,21,21,492160828.57,274555707.6,55.79
8022,22,22,22,80521779.24,55808008.01,69.31
8023,23,23,23,159250317.02,159250317.02,100.0
8024,24,24,24,350805177.98,192553459.71,54.89
8025,25,25,25,120469393.13,113036880.82,93.83
8026,26,26,26,248865418.47,182073524.86,73.16
8027,27,27,27,496324084.3,439948802.49,88.64
8028,28,28,28,574930337.55,446145063.77,77.6
8029,29,29,29,835044469.8,298092681.74,35.7
8030,30,30,30,259115894.69,90182604.46,34.8
8031,31,31,31,786521705.6,620203207.47,78.85
8032,32,32,32,982045633.96,507243156.97,51.65
8033,33,33,33,931013213.86,931013213.86,100.0
8034,34,34,34,140207690.25,59180116.0,42.21
8035,35,35,35,437803030.64,178011630.83,40.66
8036,36,36,36,659297674.91,640099543.8,97.09
8037,37,37,37,80542997.39,39250464.67,48.73
8038,38,38,38,405742827.19,150408907.98,37.07
8039,39,39,39,908295821.89,802971042.97,88.4
8040,40,40,40,856871989.94,333386170.78,38.91
8041,41,41,41,57283738.56,31504228.17,55.0
8042,42,42,42,774090700.94,559276725.74,72.25
8043,43,43,43,775064124.71,561347699.13,72.43
8044,44,44,44,79769224.04,47737375.51,59.84
8045,45,45,45,658020002.6,622441473.63,94.59
8046,46,46,46,760931693.55,266238706.05,34.99
8047,47,47,47,210697881.39,89643692.13,42.55
8048,48,48,48,737320303.99,737320303.99,100.0
8049,49,49,49,866235658.9,498922836.0,57.6
8050,50,50,50,542473831.85,202072878.55,37.25
8051,51,51,51,184871032.01,184871032.01,100.0
8052,52,52,52,937534130.8,438596658.47,46.78
8053,53,53,53,460086167.94,444657639.79,96.65
8054,54,54,54,758387418.42,758387418.42,100.0
8055,55,55,55,811246253.11,811246253.11,100.0
8056,56,56,56,673891213.82,401536073.05,59.58
8057,57,57,57,160270861.56,92102605.44,57.47
8058,58,58,58,924306765.84,782941476.08,84.71
8059,59,59,59,846036970.97,401354242.02,47.44
8060,60,60,60,591173320.33,508241549.56,85.97
8061,61,61,61,559250305.86,425603381.12,76.1
8062,62,62,62,337664757.0,291882861.16,86.44
8063,63,63,63,921338706.46,523377625.12,56.81
8064,64,64,64,542437335.9,292332071.2,53.89
8065,65,65,65,548710637.49,316008302.38,57.59
8066,66,66,66,627458127.6,308511528.64,49.17
8067,67,67,67,397845947.08,397845947.08,100.0
8068,68,68,68,332882987.23,242304514.91,72.79
8069,69,69,69,776889593.6,504315273.03,64.91
8070,70,70,70,759835505.29,759835505.29,100.0
8071,71,71,71,592843291.7,261761410.89,44.15
8072,72,72,72,671856152.07,428862164.7,63.83
8073,73,73,73,606520682.79,230606800.84,38.02
8074,74,74,74,463256657.54,316029185.83,68.22
8075,75,75,75,821765188.76,732424533.6,89.13
8076,76,76,76,154665109.76,128632014.26,83.17
8077,77,77,77,792655973.34,267945522.21,33.8
8078,78,78,78,247819746.69,127461544.49,51.43
8079,79,79,79,105652584.09,69735076.1,66.0
8080,80,80,80,940819197.39,940819197.39,100.0
8081,81,81,81,614530817.07,335701205.37,54.63
8082,82,82,82,621375770.14,565622645.82,91.03
8083,83,83,83,915455602.68,676341305.8,73.88
8084,84,84,84,226638065.06,195944783.14,86.46
8085,85,85,85,515066914.96,160331137.47,31.13
8086,86,86,86,999381378.61,630613115.42,63.1
8087,87,87,87,385154743.76,367461237.14,95.41
8088,88,88,88,907637233.52,796583011.85,87.76
8089,89,89,89,693931790.26,556604786.46,80.21
8090,90,90,90,647988550.76,386292476.29,59.61
8091,91,91,91,149474419.11,112190670.58,75.06
8092,92,92,92,772632350.31,233851367.12,30.27
8093,93,93,93,88003405.97,46071625.66,52.35
8094,94,94,94,180938609.65,58120463.82,32.12
8095,95,95,95,809497831.59,591320265.92,73.05
8096,96,96,96,497053866.85,262730233.89,52.86
8097,97,97,97,516706707.34,432995239.31,83.8
8098,98,98,98,547781357.43,547781357.43,100.0
8099,99,99,99,194550348.78,173482963.17,89.17
8100,100,100,100,243860908.09,243860908.09,100.0
8101,101,101,101,899408204.81,816250097.7,90.75
8102,102,102,102,530468749.11,530468749.11,100.0
8103,103,103,103,544831474.18,439198006.89,80.61
8104,104,104,104,179995870.52,90910453.22,50.51
8105,105,105,105,797933349.31,454699255.53,56.98
8106,106,106,106,742142840.69,228111021.21,30.74
8107,107,107,107,207959610.6,178121246.79,85.65
8108,108,108,108,526273830.79,369570640.96,70.22
8109,109,109,109,892306090.3,480629870.29,53.86
8110,110,110,110,104296330.31,85560735.87,82.04
8111,111,111,111,618518618.98,392335275.5,63.43
8112,112,112,112,623884195.96,623884195.96,100.0
8113,113,113,113,78576902.27,47125905.77,59.97
8114,114,114,114,705437112.68,230260189.24,32.64
8115,115,115,115,86565708.79,41694434.21,48.17
8116,116,116,116,264375233.06,171209293.24,64.76
8117,117,117,117,921334212.11,419605740.42,45.54
8118,118,118,118,718829241.45,518889341.72,72.19
8119,119,119,119,362845131.34,307840771.68,84.84
8120,120,120,120,386722440.55,334240165.7,86.43
8121,121,121,121,19476385.86,6632481.1,34.05
8122,122,122,122,45782766.57,45492262.33,99.37
8123,123,123,123,884252366.07,857478940.89,96.97
8124,124,124,124,120063078.59,120063078.59,100.0
8125,125,125,125,772460410.41,467975256.49,60.58
8126,126,126,126,100569526.19,66323349.69,65.95
8127,127,127,127,573641984.48,225533509.33,39.32
8128,128,128,128,205689149.1,108562826.91,52.78
8129,129,129,129,952043902.0,703195280.88,73.86
8130,130,130,130,975009875.67,519715165.52,53.3
8131,131,131,131,364826943.86,333646686.09,91.45
8132,132,132,132,823328351.48,375287680.46,45.58
8133,133,133,133,292925733.03,229715345.66,78.42
8134,134,134,134,751722999.73,315706991.33,42.0
8135,135,135,135,184814892.37,118016094.03,63.86
8136,136,136,136,643166268.37,643166268.37,100.0
8137,137,137,137,956418522.87,460042657.7,48.1
8138,138,138,138,191025951.09,191025951.09,100.0
8139,139,139,139,172656254.79,55340679.06,32.05
8140,140,140,140,451690233.89,271855505.87,60.19
8141,141,141,141,959172107.32,771941263.95,80.48
8142,142,142,142,450530488.89,139752700.36,31.02
8143,143,143,143,217544354.58,188458452.74,86.63
8144,144,144,144,38116531.7,24333846.75,63.84
8145,145,145,145,369681976.59,301399840.74,81.53
8146,146,146,146,738890969.83,738890969.83,100.0
8147,147,147,147,294517872.59,189557293.28,64.36
8148,148,148,148,455444330.3,379832281.79,83.4
8149,149,149,149,193587402.91,182898329.52,94.48
8150,150,150,150,708443527.19,250014694.59,35.29
8151,151,151,151,445749247.2,140238954.69,31.46
8152,152,152,152,102205000.54,45708503.55,44.72
8153,153,153,153,337897989.13,130653717.57,38.67
8154,154,154,154,725885263.85,550286389.17,75.81
8155,155,155,155,672803433.08,492903708.6,73.26
8156,156,156,156,765892531.94,765892531.94,100.0
8157,157,157,157,908799569.44,354463609.03,39.0
8158,158,158,158,524759372.94,164965537.67,31.44
8159,159,159,159,146409035.82,57138613.07,39.03
8160,160,160,160,493724789.65,174694766.62,35.38
8161,161,161,161,14101354.26,11510649.34,81.63
8162,162,162,162,542722378.3,166753413.1,30.73
8163,163,163,163,924889477.11,393941530.25,42.59
8164,164,164,164,983523040.72,670810657.13,68.2
8165,165,165,165,974318620.26,491078203.57,50.4
8166,166,166,166,226104899.31,104460082.4,46.2
8167,167,167,167,686440014.69,472283168.78,68.8
8168,168,168,168,302642261.91,180972910.04,59.8
8169,169,169,169,302711110.71,296450124.2,97.93
8170,170,170,170,405557795.37,150655116.26,37.15
8171,171,171,171,659192114.92,217684422.09,33.02
8172,172,172,172,147314547.73,147314547.73,100.0
8173,173,173,173,587472557.97,204944363.77,34.89
8174,174,174,174,850510765.55,566497753.45,66.61
8175,175,175,175,638975192.39,565674403.29,88.53
8176,176,176,176,514555160.19,375772872.13,73.03
8177,177,177,177,308653873.67,102117893.29,33.08
8178,178,178,178,184434568.78,184434568.78,100.0
8179,179,179,179,164102731.79,125126986.22,76.25
8180,180,180,180,422967612.75,162483694.63,38.42
8181,181,181,181,697705476.83,403899736.11,57.89
8182,182,182,182,438748356.94,275386761.92,62.77
8183,183,183,183,661456850.42,335134108.88,50.67
8184,184,184,184,977308903.58,309500226.57,31.67
8185,185,185,185,948074748.24,871137075.77,91.88
8186,186,186,186,325845983.12,130026510.5,39.9
8187,187,187,187,441776958.72,299541244.67,67.8
8188,188,188,188,130232579.19,99907900.18,76.71
8189,189,189,189,370458622.43,139215191.69,37.58
8190,190,190,190,797165830.74,465796198.95,58.43
8191,191,191,191,845897668.51,626185451.2,74.03
8192,192,192,192,64277442.8,51421560.97,80.0
8193,193,193,193,548468879.79,194339395.66,35.43
8194,194,194,194,703249929.78,223660806.53,31.8
8195,195,195,195,633651106.28,211557286.52,33.39
8196,196,196,196,695814583.68,531538543.75,76.39
8197,197,197,197,977954625.35,624289186.76,63.84
8198,198,198,198,121806602.63,98223877.25,80.64
8199,199,199,199,722533275.9,398206056.61,55.11
8200,200,200,200,839987157.92,463110333.67,55.13
8201,201,201,201,807066202.82,724500103.97,89.77
8202,202,202,202,600471915.01,200343446.26,33.36
8203,203,203,203,746109334.98,522677762.05,70.05
8204,204,204,204,161618353.15,104612428.23,64.73
8205,205,205,205,629806716.21,283387256.02,45.0
8206,206,206,206,402022372.72,224782738.82,55.91
8207,207,207,207,718955074.68,718955074.68,100.0
8208,208,208,208,831440916.43,333838901.91,40.15
8209,209,209,209,500835126.24,313431619.96,62.58
8210,210,210,210,43784350.71,39591752.34,90.42
8211,211,211,211,373863276.03,127559403.51,34.12
8212,212,212,212,532406366.56,253032347.09,47.53
8213,213,213,213,82327898.58,68620657.95,83.35
8214,214,214,214,103906503.45,103906503.45,100.0
8215,215,215,215,234262008.61,209873322.98,89.59
8216,216,216,216,860519708.36,591683199.38,68.76
8217,217,217,217,636655940.74,264507447.03,41.55
8218,218,218,218,736488493.52,491782452.03,66.77
8219,219,219,219,775449221.68,764196109.51,98.55
8220,220,220,220,658378525.3,599308708.38,91.03
8221,221,221,221,605945036.56,505076099.71,83.35
8222,222,222,222,543912858.97,442370774.96,81.33
8223,223,223,223,759861126.37,292793534.06,38.53
8224,224,224,224,601404812.03,461843501.2,76.79
8225,225,225,225,501459224.99,275802639.27,55.0
8226,226,226,226,758464708.29,620786016.17,81.85
8227,227,227,227,263527296.67,195359052.63,74.13
8228,228,228,228,37725666.53,37725666.53,100.0
8229,229,229,229,894924529.01,894924529.01,100.0
8230,230,230,230,969958708.35,969958708.35,100.0
8231,231,231,231,687612817.91,381653021.16,55.5
8232,232,232,232,791813368.64,702394925.16,88.71
8233,233,233,233,51065562.45,23033686.55,45.11
8234,234,234,234,159213471.89,151511902.23,95.16
8235,235,235,235,874789440.43,698500003.5,79.85
8236,236,236,236,429888316.24,299534322.57,69.68
8237,237,237,237,41441531.08,29177976.89,70.41
8238,238,238,238,194806482.59,183742644.69,94.32
8239,239,239,239,572963198.19,294453978.49,51.39
8240,240,240,240,523144567.86,497712703.12,95.14
8241,241,241,241,238257540.6,134941743.05,56.64
8242,242,242,242,973205649.71,692593937.05,71.17
8243,243,243,243,753068930.09,472425321.94,62.73
8244,244,244,244,712813840.53,281112402.83,39.44
8245,245,245,245,607662509.62,277143348.24,45.61
8246,246,246,246,774077141.84,774077141.84,100.0
8247,247,247,247,129643755.72,71274057.74,54.98
8248,248,248,248,909035696.93,521282997.91,57.34
8249,249,249,249,805919165.99,349725414.78,43.39
8250,250,250,250,942945322.75,942945322.75,100.0
8251,1,1,1,109663336.16,78179635.2,71.29
8252,2,2,2,14240200.66,11322811.96,79.51
8253,3,3,3,789043929.49,415022343.79,52.6
8254,4,4,4,985777289.52,344022632.63,34.9
8255,5,5,5,740182046.32,718390242.34,97.06
8256,6,6,6,930843594.56,930843594.56,100.0
8257,7,7,7,441610134.11,306560680.48,69.42
8258,8,8,8,225367617.09,225367617.09,100.0
8259,9,9,9,905064423.39,905064423.39,100.0
8260,10,10,10,13756778.6,13756778.6,100.0
8261,11,11,11,585156616.83,220821774.24,37.74
8262,12,12,12,691291978.77,447311895.17,64.71
8263,13,13,13,57734248.79,28927533.93,50.1
8264,14,14,14,913333159.88,340010995.03,37.23
8265,15,15,15,916426915.6,712304560.49,77.73
8266,16,16,16,957537603.24,760132683.42,79.38
8267,17,17,17,817090613.2,537933819.71,65.84
8268,18,18,18,468952843.68,421798954.86,89.94
8269,19,19,19,548119656.14,223271077.42,40.73
8270,20,20,20,769071432.19,241532922.06,31.41
8271,21,21,21,516988199.51,212649868.54,41.13
8272,22,22,22,610443982.4,610443982.4,100.0
8273,23,23,23,849153321.04,486912582.93,57.34
8274,24,24,24,122022479.62,86832517.52,71.16
8275,25,25,25,911046544.9,909607462.26,99.84
8276,26,26,26,255441409.7,211186316.42,82.68
8277,27,27,27,33219499.22,12215954.02,36.77
8278,28,28,28,34049034.83,22233114.36,65.3
8279,29,29,29,892348909.28,789531090.62,88.48
8280,30,30,30,723943903.32,485817336.11,67.11
8281,31,31,31,875472974.84,332528758.37,37.98
8282,32,32,32,532069694.3,213028225.68,40.04
8283,33,33,33,571603283.67,180503811.78,31.58
8284,34,34,34,151038304.82,90873905.55,60.17
8285,35,35,35,952612006.26,534652880.74,56.12
8286,36,36,36,386535228.8,250253988.15,64.74
8287,37,37,37,545274835.95,509912140.02,93.51
8288,38,38,38,333984554.07,103287805.22,30.93
8289,39,39,39,242602305.57,159077814.34,65.57
8290,40,40,40,526786360.26,526786360.26,100.0
8291,41,41,41,519132145.03,372636615.64,71.78
8292,42,42,42,980623336.65,418387525.36,42.67
8293,43,43,43,550887276.26,349192001.87,63.39
8294,44,44,44,796643424.67,515835107.49,64.75
8295,45,45,45,799840559.67,439140538.44,54.9
8296,46,46,46,651271117.58,256555076.67,39.39
8297,47,47,47,281237230.84,147682243.81,52.51
8298,48,48,48,866169803.11,426658023.13,49.26
8299,49,49,49,580718925.53,219412107.06,37.78
8300,50,50,50,909846405.0,508716037.14,55.91
8301,51,51,51,60681598.08,34626881.43,57.06
8302,52,52,52,74500221.71,24775512.65,33.26
8303,53,53,53,778355085.23,774274981.51,99.48
8304,54,54,54,130805466.96,130805466.96,100.0
8305,55,55,55,393719588.11,217394299.15,55.22
8306,56,56,56,232162119.97,114629220.54,49.37
8307,57,57,57,496268623.44,496268623.44,100.0
8308,58,58,58,186539155.8,163239064.78,87.51
8309,59,59,59,883795105.42,405015940.09,45.83
8310,60,60,60,942013184.35,746690749.06,79.27
8311,61,61,61,583523577.01,238508511.47,40.87
8312,62,62,62,203053939.74,159060235.02,78.33
8313,63,63,63,704718687.38,609233358.85,86.45
8314,64,64,64,752787529.49,338737512.26,45.0
8315,65,65,65,359167067.59,307131081.23,85.51
8316,66,66,66,368092698.29,172668635.97,46.91
8317,67,67,67,436438914.36,436438914.36,100.0
8318,68,68,68,60853798.36,60853798.36,100.0
8319,69,69,69,402731276.67,245575093.84,60.98
8320,70,70,70,275893893.55,256910320.53,93.12
8321,71,71,71,275623338.27,192469936.84,69.83
8322,72,72,72,149895449.13,122668497.13,81.84
8323,73,73,73,452741064.93,386576370.98,85.39
8324,74,74,74,428282579.18,428282579.18,100.0
8325,75,75,75,180064911.85,100192840.1,55.64
8326,76,76,76,290003806.0,278948356.21,96.19
8327,77,77,77,71167701.99,69169292.42,97.19
8328,78,78,78,340019615.41,218795916.38,64.35
8329,79,79,79,235682547.71,129529239.6,54.96
8330,80,80,80,523136895.32,387470508.16,74.07
8331,81,81,81,245947534.43,202997408.26,82.54
8332,82,82,82,469232758.27,335676189.85,71.54
8333,83,83,83,820735771.75,656378315.54,79.97
8334,84,84,84,682763369.33,419586242.43,61.45
8335,85,85,85,449236898.2,184652192.71,41.1
8336,86,86,86,99812475.16,85171909.13,85.33
8337,87,87,87,23120291.96,21544235.89,93.18
8338,88,88,88,714564009.86,557078165.52,77.96
8339,89,89,89,226663055.81,187122256.56,82.56
8340,90,90,90,866794343.54,621381413.31,71.69
8341,91,91,91,90389562.4,55488872.83,61.39
8342,92,92,92,558174320.92,410352993.99,73.52
8343,93,93,93,488103393.26,391039477.6,80.11
8344,94,94,94,773751778.51,634944114.64,82.06
8345,95,95,95,894406003.32,439014847.38,49.08
8346,96,96,96,347228905.87,117900446.97,33.95
8347,97,97,97,46975740.31,40277319.82,85.74
8348,98,98,98,191656814.25,125234458.23,65.34
8349,99,99,99,151291918.61,151291918.61,100.0
8350,100,100,100,101586065.45,53336682.28,52.5
8351,101,101,101,285867890.6,120676805.83,42.21
8352,102,102,102,583390311.04,451686705.96,77.42
8353,103,103,103,430061996.92,244633341.48,56.88
8354,104,104,104,862538957.7,438491511.71,50.84
8355,105,105,105,474936618.19,296302630.29,62.39
8356,106,106,106,294708948.24,156539760.17,53.12
8357,107,107,107,945269817.42,427290750.9,45.2
8358,108,108,108,29089558.42,17602880.24,60.51
8359,109,109,109,650148945.73,504530171.99,77.6
8360,110,110,110,165442706.78,102428670.5,61.91
8361,111,111,111,506812349.33,488101685.81,96.31
8362,112,112,112,923696857.67,704212982.06,76.24
8363,113,113,113,202064433.68,68235414.54,33.77
8364,114,114,114,315629252.62,315629252.62,100.0
8365,115,115,115,352227477.89,229167682.33,65.06
8366,116,116,116,950598652.59,950598652.59,100.0
8367,117,117,117,640390177.41,576978867.36,90.1
8368,118,118,118,263501984.56,262871437.42,99.76
8369,119,119,119,739265434.06,563836971.54,76.27
8370,120,120,120,191547454.39,174879035.99,91.3
8371,121,121,121,179223416.61,80615685.79,44.98
8372,122,122,122,260550844.88,149869416.39,57.52
8373,123,123,123,945143983.64,820658263.71,86.83
8374,124,124,124,235003166.29,167618670.7,71.33
8375,125,125,125,675801606.5,396888161.17,58.73
8376,126,126,126,519251943.14,309988147.02,59.7
8377,127,127,127,150686940.57,129880350.99,86.19
8378,128,128,128,704316315.97,308772825.08,43.84
8379,129,129,129,371353660.11,289735653.96,78.02
8380,130,130,130,894188365.3,894188365.3,100.0
8381,131,131,131,25407740.94,23163653.68,91.17
8382,132,132,132,367589548.56,332386967.68,90.42
8383,133,133,133,387891228.06,254373027.91,65.58
8384,134,134,134,620150662.18,620150662.18,100.0
8385,135,135,135,588291813.98,588291813.98,100.0
8386,136,136,136,707571008.52,690710724.78,97.62
8387,137,137,137,971304247.75,809239662.11,83.31
8388,138,138,138,889032284.8,814582406.44,91.63
8389,139,139,139,279155448.02,190349719.22,68.19
8390,140,140,140,328875057.55,233422253.19,70.98
8391,141,141,141,338937840.91,117247039.23,34.59
8392,142,142,142,836079965.66,628992407.94,75.23
8393,143,143,143,11151688.97,11151688.97,100.0
8394,144,144,144,103304321.8,103304321.8,100.0
8395,145,145,145,96994942.2,55658541.8,57.38
8396,146,146,146,177030589.92,85850285.19,48.49
8397,147,147,147,558493660.72,275501976.17,49.33
8398,148,148,148,159699933.64,159699933.64,100.0
8399,149,149,149,805057316.28,528613271.78,65.66
8400,150,150,150,816140906.37,454810370.69,55.73
8401,151,151,151,353685742.81,316606093.72,89.52
8402,152,152,152,222541615.3,222541615.3,100.0
8403,153,153,153,152355944.79,152355944.79,100.0
8404,154,154,154,540329718.12,424790636.97,78.62
8405,155,155,155,492117490.55,441679512.83,89.75
8406,156,156,156,15871924.27,15871924.27,100.0
8407,157,157,157,314625610.0,314625610.0,100.0
8408,158,158,158,505793493.95,505793493.95,100.0
8409,159,159,159,161196525.25,116407026.2,72.21
8410,160,160,160,282429261.03,282429261.03,100.0
8411,161,161,161,742271435.95,742271435.95,100.0
8412,162,162,162,390904780.08,360522245.63,92.23
8413,163,163,163,178655625.82,133861550.45,74.93
8414,164,164,164,797636875.42,754950032.0,94.65
8415,165,165,165,639942746.66,588450365.3,91.95
8416,166,166,166,630560834.79,396029734.08,62.81
8417,167,167,167,90724520.57,87482895.72,96.43
8418,168,168,168,415790315.74,203736664.38,49.0
8419,169,169,169,250284906.86,91262294.18,36.46
8420,170,170,170,600679966.87,413237736.98,68.79
8421,171,171,171,65664682.26,51194494.87,77.96
8422,172,172,172,679593010.08,335037715.32,49.3
8423,173,173,173,595262950.53,409539276.07,68.8
8424,174,174,174,389084844.49,129167490.09,33.2
8425,175,175,175,418378980.29,418378980.29,100.0
8426,176,176,176,466085406.32,204251535.44,43.82
8427,177,177,177,237814397.61,186053712.92,78.23
8428,178,178,178,457282616.9,457282616.9,100.0
8429,179,179,179,422220511.27,304026256.16,72.01
8430,180,180,180,715543512.36,387713040.92,54.18
8431,181,181,181,461631647.46,223640832.17,48.45
8432,182,182,182,553339284.14,553339284.14,100.0
8433,183,183,183,489396598.3,187345230.16,38.28
8434,184,184,184,650182548.63,582491264.71,89.59
8435,185,185,185,319005285.28,312873336.36,98.08
8436,186,186,186,76244452.54,53734753.49,70.48
8437,187,187,187,247771839.27,119583605.87,48.26
8438,188,188,188,726704509.18,708291570.87,97.47
8439,189,189,189,260192445.94,165171257.44,63.48
8440,190,190,190,786452932.36,317420530.58,40.36
8441,191,191,191,334447769.73,286129114.45,85.55
8442,192,192,192,110149083.5,43672245.93,39.65
8443,193,193,193,219878123.01,189661999.63,86.26
8444,194,194,194,708200274.06,708200274.06,100.0
8445,195,195,195,833285109.3,514708902.13,61.77
8446,196,196,196,909720981.71,317743726.46,34.93
8447,197,197,197,450126218.81,257632713.23,57.24
8448,198,198,198,682455397.35,377629252.05,55.33
8449,199,199,199,456984131.64,274000243.98,59.96
8450,200,200,200,616530156.32,220736040.67,35.8
8451,201,201,201,544143311.92,327606948.32,60.21
8452,202,202,202,592688632.49,312952708.86,52.8
8453,203,203,203,88930033.77,38995382.35,43.85
8454,204,204,204,40140526.85,40140526.85,100.0
8455,205,205,205,404783547.07,316871887.97,78.28
8456,206,206,206,625860186.88,509694140.64,81.44
8457,207,207,207,269232868.48,161232061.34,59.89
8458,208,208,208,290369865.97,280359824.62,96.55
8459,209,209,209,869459315.97,859527100.77,98.86
8460,210,210,210,977522290.91,778005083.42,79.59
8461,211,211,211,940382458.6,751451576.5,79.91
8462,212,212,212,471388120.54,428906536.31,90.99
8463,213,213,213,664587485.37,398482395.92,59.96
8464,214,214,214,829060735.17,588425587.74,70.97
8465,215,215,215,752679876.09,378106869.23,50.23
8466,216,216,216,611512135.16,393822949.46,64.4
8467,217,217,217,94668231.88,85030604.37,89.82
8468,218,218,218,97363496.73,78613838.01,80.74
8469,219,219,219,32478080.24,16834764.62,51.83
8470,220,220,220,509862887.35,435293844.31,85.37
8471,221,221,221,764004742.12,529135204.07,69.26
8472,222,222,222,834043282.39,504642651.59,60.51
8473,223,223,223,541392789.02,506887340.18,93.63
8474,224,224,224,203385581.78,110351531.14,54.26
8475,225,225,225,507358644.35,363005942.82,71.55
8476,226,226,226,603393398.62,309610298.59,51.31
8477,227,227,227,437583604.46,284741934.74,65.07
8478,228,228,228,871023084.45,707358051.57,81.21
8479,229,229,229,585381548.92,379840515.88,64.89
8480,230,230,230,717525816.22,337576711.48,47.05
8481,231,231,231,810888188.67,479566216.99,59.14
8482,232,232,232,324517072.73,305759950.84,94.22
8483,233,233,233,563965169.8,202465706.98,35.9
8484,234,234,234,681769173.22,458264459.96,67.22
8485,235,235,235,935941349.35,536905244.78,57.37
8486,236,236,236,564173199.29,332766326.07,58.98
8487,237,237,237,880236217.17,414803137.48,47.12
8488,238,238,238,632641165.26,527651490.03,83.4
8489,239,239,239,140703295.77,64412732.99,45.78
8490,240,240,240,383681280.04,120066936.49,31.29
8491,241,241,241,598022254.34,252658695.46,42.25
8492,242,242,242,550751333.49,304751972.49,55.33
8493,243,243,243,554990933.21,525059445.77,94.61
8494,244,244,244,971883960.41,420214370.93,43.24
8495,245,245,245,520361726.91,520361726.91,100.0
8496,246,246,246,544569238.5,168812943.74,31.0
8497,247,247,247,928796477.22,518312611.73,55.8
8498,248,248,248,203110101.02,86223008.78,42.45
8499,249,249,249,615650879.49,527684278.14,85.71
8500,250,250,250,856246203.59,831712191.89,97.13
8501,1,1,1,239815812.36,210318470.07,87.7
8502,2,2,2,141422062.12,139705782.94,98.79
8503,3,3,3,135282149.49,82654855.75,61.1
8504,4,4,4,948909078.92,948909078.92,100.0
8505,5,5,5,71685712.73,42402207.05,59.15
8506,6,6,6,103841373.62,48453265.85,46.66
8507,7,7,7,206871277.85,177403160.45,85.76
8508,8,8,8,463493773.73,463493773.73,100.0
8509,9,9,9,780403380.28,272399144.86,34.9
8510,10,10,10,104209706.03,40999832.06,39.34
8511,11,11,11,857717792.53,853352563.36,99.49
8512,12,12,12,188846596.44,188846596.44,100.0
8513,13,13,13,949127377.13,929338000.15,97.91
8514,14,14,14,295640068.09,124456421.6,42.1
8515,15,15,15,305979752.76,227540184.55,74.36
8516,16,16,16,114422137.86,110128052.73,96.25
8517,17,17,17,73415509.09,42813114.56,58.32
8518,18,18,18,502849448.33,436361848.13,86.78
8519,19,19,19,858261713.38,727496724.26,84.76
8520,20,20,20,87621240.68,49775507.74,56.81
8521,21,21,21,60824004.03,59713300.65,98.17
8522,22,22,22,438385147.49,366605953.21,83.63
8523,23,23,23,425521601.8,225819727.17,53.07
8524,24,24,24,859286617.6,647421007.96,75.34
8525,25,25,25,187952354.08,123089075.47,65.49
8526,26,26,26,792652817.35,290166498.67,36.61
8527,27,27,27,309123672.99,201601150.07,65.22
8528,28,28,28,57592095.37,28714757.11,49.86
8529,29,29,29,370387077.59,173552348.64,46.86
8530,30,30,30,402845447.45,127561187.09,31.67
8531,31,31,31,630695054.49,589671362.06,93.5
8532,32,32,32,256896493.5,256896493.5,100.0
8533,33,33,33,23747600.88,10894578.34,45.88
8534,34,34,34,144464379.31,142911240.43,98.92
8535,35,35,35,254900968.72,122444035.58,48.04
8536,36,36,36,942172269.59,792169006.2,84.08
8537,37,37,37,285699920.86,110576049.97,38.7
8538,38,38,38,902587532.27,703570803.94,77.95
8539,39,39,39,586819554.5,475702320.93,81.06
8540,40,40,40,314969638.76,154937180.33,49.19
8541,41,41,41,677985626.99,592448075.41,87.38
8542,42,42,42,93408460.0,71815026.1,76.88
8543,43,43,43,827372715.51,493979599.51,59.7
8544,44,44,44,589375261.38,454071332.98,77.04
8545,45,45,45,488411888.48,297878278.73,60.99
8546,46,46,46,505101340.04,489607634.98,96.93
8547,47,47,47,890233445.5,380705318.18,42.76
8548,48,48,48,124482804.13,77054621.62,61.9
8549,49,49,49,203065505.53,129728201.64,63.88
8550,50,50,50,724728916.7,462601539.02,63.83
8551,51,51,51,389077553.99,342673746.57,88.07
8552,52,52,52,317971391.6,181388689.41,57.05
8553,53,53,53,541372251.24,434414198.0,80.24
8554,54,54,54,392171384.22,217913897.28,55.57
8555,55,55,55,678191075.61,314917749.58,46.43
8556,56,56,56,253375496.09,248535848.68,98.09
8557,57,57,57,110082597.18,46225536.64,41.99
8558,58,58,58,216296500.7,129468696.49,59.86
8559,59,59,59,446701778.79,328710081.8,73.59
8560,60,60,60,517513307.23,230816057.87,44.6
8561,61,61,61,626109508.14,534265464.2,85.33
8562,62,62,62,928670699.68,717173143.61,77.23
8563,63,63,63,362288912.38,168124968.81,46.41
8564,64,64,64,839359744.11,577628655.56,68.82
8565,65,65,65,109677685.48,35357638.05,32.24
8566,66,66,66,855145213.26,628503987.22,73.5
8567,67,67,67,134428439.36,74231667.87,55.22
8568,68,68,68,674920500.57,674920500.57,100.0
8569,69,69,69,306060757.49,186784335.43,61.03
8570,70,70,70,988396201.17,386991798.97,39.15
8571,71,71,71,806460753.48,505679729.5,62.7
8572,72,72,72,747837681.46,470600702.69,62.93
8573,73,73,73,515070933.06,266228088.23,51.69
8574,74,74,74,423697829.63,379277656.81,89.52
8575,75,75,75,424255149.23,134589574.68,31.72
8576,76,76,76,127616456.68,127616456.68,100.0
8577,77,77,77,813485459.56,787380822.91,96.79
8578,78,78,78,134226950.63,87753776.4,65.38
8579,79,79,79,272126325.26,235487746.54,86.54
8580,80,80,80,902932262.58,542612686.45,60.09
8581,81,81,81,206573421.72,99672404.33,48.25
8582,82,82,82,228584172.71,79299032.13,34.69
8583,83,83,83,75229769.38,35368479.29,47.01
8584,84,84,84,836248030.5,282566356.42,33.79
8585,85,85,85,408833084.77,191600476.37,46.87
8586,86,86,86,430793047.3,245410538.8,56.97
8587,87,87,87,83678456.7,59016074.94,70.53
8588,88,88,88,899766985.46,840600059.68,93.42
8589,89,89,89,353975013.41,138137078.56,39.02
8590,90,90,90,637237318.17,636725095.04,99.92
8591,91,91,91,395021477.6,246056120.16,62.29
8592,92,92,92,663994839.01,387444475.53,58.35
8593,93,93,93,205427908.08,198723411.74,96.74
8594,94,94,94,71053722.56,62913618.31,88.54
8595,95,95,95,775779932.22,756029959.97,97.45
8596,96,96,96,659487374.58,659487374.58,100.0
8597,97,97,97,408991185.37,182558927.61,44.64
8598,98,98,98,40732867.24,38839546.33,95.35
8599,99,99,99,813239075.2,447188205.94,54.99
8600,100,100,100,881319387.25,292414984.72,33.18
8601,101,101,101,296880785.02,143288207.43,48.26
8602,102,102,102,405713682.07,229417828.7,56.55
8603,103,103,103,897889347.15,777472963.51,86.59
8604,104,104,104,759651818.5,759651818.5,100.0
8605,105,105,105,772231254.95,720477749.39,93.3
8606,106,106,106,353271307.29,153663529.32,43.5
8607,107,107,107,825395038.76,564073687.73,68.34
8608,108,108,108,273160235.34,226622869.68,82.96
8609,109,109,109,305832210.65,183623334.8,60.04
8610,110,110,110,594481709.9,390194926.97,65.64
8611,111,111,111,207609201.75,120431816.67,58.01
8612,112,112,112,80576473.82,40284268.07,50.0
8613,113,113,113,409456398.41,250159825.21,61.1
8614,114,114,114,537739501.62,429728342.62,79.91
8615,115,115,115,181642386.39,84650939.5,46.6
8616,116,116,116,898473575.58,387323546.46,43.11
8617,117,117,117,107625434.2,55509500.99,51.58
8618,118,118,118,634883439.28,330129516.03,52.0
8619,119,119,119,849745423.28,745525673.54,87.74
8620,120,120,120,537121565.55,258169476.55,48.07
8621,121,121,121,805650262.74,695958347.09,86.38
8622,122,122,122,800606466.99,509183550.26,63.6
8623,123,123,123,344016985.41,128332894.92,37.3
8624,124,124,124,834693748.42,556730540.13,66.7
8625,125,125,125,616652058.39,347158860.58,56.3
8626,126,126,126,949543136.88,917610208.75,96.64
8627,127,127,127,309286258.76,185150359.05,59.86
8628,128,128,128,39312784.21,20849933.25,53.04
8629,129,129,129,760078674.93,533082084.7,70.14
8630,130,130,130,127448676.3,127448676.3,100.0
8631,131,131,131,745426543.87,250210654.38,33.57
8632,132,132,132,194254148.11,64237520.54,33.07
8633,133,133,133,644469597.1,274658958.15,42.62
8634,134,134,134,366992816.43,243769108.89,66.42
8635,135,135,135,860516447.86,511657371.99,59.46
8636,136,136,136,221196596.02,91559667.89,41.39
8637,137,137,137,151243378.6,59154793.35,39.11
8638,138,138,138,301797304.65,147059552.6,48.73
8639,139,139,139,774501723.89,475708796.43,61.42
8640,140,140,140,488648724.32,329377130.99,67.41
8641,141,141,141,96424060.71,48444442.43,50.24
8642,142,142,142,185186651.68,185186651.68,100.0
8643,143,143,143,89971940.8,57869372.24,64.32
8644,144,144,144,520014834.13,434118048.35,83.48
8645,145,145,145,513089616.3,387441983.71,75.51
8646,146,146,146,279822762.62,279822762.62,100.0
8647,147,147,147,50560893.14,25050425.52,49.55
8648,148,148,148,727049140.52,465080202.92,63.97
8649,149,149,149,94731908.74,83610661.7,88.26
8650,150,150,150,561931869.52,379466873.78,67.53
8651,151,151,151,653154318.1,452340110.7,69.25
8652,152,152,152,930726311.44,911572554.86,97.94
8653,153,153,153,976146269.83,976146269.83,100.0
8654,154,154,154,606596326.26,606596326.26,100.0
8655,155,155,155,251849335.05,185222062.2,73.54
8656,156,156,156,999098888.27,800419293.38,80.11
8657,157,157,157,570758558.91,570758558.91,100.0
8658,158,158,158,172443123.56,115326194.27,66.88
8659,159,159,159,867660529.05,818154947.53,94.29
8660,160,160,160,494746432.09,189064970.33,38.21
8661,161,161,161,810516097.86,779996345.15,96.23
8662,162,162,162,233199546.24,177342749.27,76.05
8663,163,163,163,898614905.49,593612002.94,66.06
8664,164,164,164,499671466.75,499671466.75,100.0
8665,165,165,165,517808789.18,196376849.39,37.92
8666,166,166,166,608022884.76,384829144.67,63.29
8667,167,167,167,639659880.47,331605636.94,51.84
8668,168,168,168,72357297.71,72357297.71,100.0
8669,169,169,169,191968665.58,88434681.83,46.07
8670,170,170,170,806698621.55,748087217.43,92.73
8671,171,171,171,116356064.79,74415165.44,63.95
8672,172,172,172,236561314.09,115652300.96,48.89
8673,173,173,173,516911637.57,283113059.42,54.77
8674,174,174,174,791391434.79,744440837.92,94.07
8675,175,175,175,180496123.36,133795640.1,74.13
8676,176,176,176,649569932.8,239590448.13,36.88
8677,177,177,177,349577342.65,319975553.81,91.53
8678,178,178,178,348019623.69,135271396.06,38.87
8679,179,179,179,103853879.59,93182307.4,89.72
8680,180,180,180,617346671.69,559094087.94,90.56
8681,181,181,181,714613840.97,581794441.58,81.41
8682,182,182,182,194313809.89,64743245.02,33.32
8683,183,183,183,309259501.69,117750459.63,38.07
8684,184,184,184,794459318.55,792438288.33,99.75
8685,185,185,185,986791662.55,740596810.9,75.05
8686,186,186,186,59977545.21,57051598.9,95.12
8687,187,187,187,500417633.77,383323185.86,76.6
8688,188,188,188,493049883.74,261657499.31,53.07
8689,189,189,189,590596224.41,461027827.5,78.06
8690,190,190,190,411277511.65,164101321.39,39.9
8691,191,191,191,163249334.24,111725997.16,68.44
8692,192,192,192,410846541.86,188513806.69,45.88
8693,193,193,193,410532802.15,156077338.64,38.02
8694,194,194,194,624847749.2,423141359.55,67.72
8695,195,195,195,769450446.86,478425393.47,62.18
8696,196,196,196,939007188.08,878907924.43,93.6
8697,197,197,197,928627927.85,298920315.89,32.19
8698,198,198,198,32654599.1,29661981.9,90.84
8699,199,199,199,99036355.29,31804731.41,32.11
8700,200,200,200,582107993.35,569530466.6,97.84
8701,201,201,201,380403557.6,255781105.99,67.24
8702,202,202,202,321751388.39,278807287.59,86.65
8703,203,203,203,445844462.05,254972628.55,57.19
8704,204,204,204,850055189.33,482692479.84,56.78
8705,205,205,205,281018774.5,255105429.18,90.78
8706,206,206,206,810195576.3,303670486.13,37.48
8707,207,207,207,298512355.41,220974272.18,74.03
8708,208,208,208,145590174.62,89555020.72,61.51
8709,209,209,209,331137530.58,191047246.03,57.69
8710,210,210,210,802486343.5,802486343.5,100.0
8711,211,211,211,301134838.54,143930005.84,47.8
8712,212,212,212,366128195.18,366128195.18,100.0
8713,213,213,213,250538732.57,135049441.89,53.9
8714,214,214,214,406637940.35,336226048.83,82.68
8715,215,215,215,524965409.91,266975184.22,50.86
8716,216,216,216,662844870.86,535934269.65,80.85
8717,217,217,217,594808892.61,470429920.72,79.09
8718,218,218,218,259298729.28,95579238.38,36.86
8719,219,219,219,522335492.99,467471282.39,89.5
8720,220,220,220,62344550.33,23276315.77,37.33
8721,221,221,221,442917222.61,442917222.61,100.0
8722,222,222,222,165629815.68,95148751.28,57.45
8723,223,223,223,168133416.9,89634202.74,53.31
8724,224,224,224,837908664.34,348125035.14,41.55
8725,225,225,225,902869267.01,425863567.79,47.17
8726,226,226,226,877729361.37,804993886.13,91.71
8727,227,227,227,738598762.5,477044412.81,64.59
8728,228,228,228,708960667.26,387219781.02,54.62
8729,229,229,229,389610316.94,389610316.94,100.0
8730,230,230,230,632499767.18,482898988.69,76.35
8731,231,231,231,979942280.83,839264544.6,85.64
8732,232,232,232,657157145.51,338311310.69,51.48
8733,233,233,233,966425355.78,966425355.78,100.0
8734,234,234,234,250657251.34,111361474.93,44.43
8735,235,235,235,768042126.75,518182910.27,67.47
8736,236,236,236,544812893.75,539024074.89,98.94
8737,237,237,237,801560590.36,278743649.61,34.78
8738,238,238,238,370373950.89,293185947.1,79.16
8739,239,239,239,108441398.87,65929955.24,60.8
8740,240,240,240,580048694.79,412545694.04,71.12
8741,241,241,241,687383943.76,655569441.17,95.37
8742,242,242,242,87191708.59,84772341.06,97.23
8743,243,243,243,804669257.76,362517642.26,45.05
8744,244,244,244,354522538.11,128674648.9,36.3
8745,245,245,245,300915964.57,159865469.85,53.13
8746,246,246,246,874486476.39,456163647.18,52.16
8747,247,247,247,159685476.7,159685476.7,100.0
8748,248,248,248,117403240.75,60177704.66,51.26
8749,249,249,249,526687626.61,516007074.81,97.97
8750,250,250,250,191559271.13,81993015.5,42.8
8751,1,1,1,582635626.84,571042929.64,98.01
8752,2,2,2,638100188.19,544298541.81,85.3
8753,3,3,3,707116125.71,707116125.71,100.0
8754,4,4,4,764768605.55,578338654.69,75.62
8755,5,5,5,537468246.25,522198129.22,97.16
8756,6,6,6,724886392.74,724886392.74,100.0
8757,7,7,7,526942374.52,461214724.79,87.53
8758,8,8,8,697216823.39,697216823.39,100.0
8759,9,9,9,335739929.03,112964383.3,33.65
8760,10,10,10,11448369.52,3998852.35,34.93
8761,11,11,11,48301218.33,48301218.33,100.0
8762,12,12,12,835994556.69,609874448.36,72.95
8763,13,13,13,767925341.58,332221001.59,43.26
8764,14,14,14,454493842.96,361322263.52,79.5
8765,15,15,15,970548961.35,541467926.49,55.79
8766,16,16,16,615891959.12,321142150.15,52.14
8767,17,17,17,899596538.57,339052924.61,37.69
8768,18,18,18,673960941.14,273521893.81,40.58
8769,19,19,19,149889140.87,144080004.2,96.12
8770,20,20,20,534775980.97,337987591.57,63.2
8771,21,21,21,45671510.16,37441825.69,81.98
8772,22,22,22,910575740.7,667278914.21,73.28
8773,23,23,23,663707335.79,261311041.7,39.37
8774,24,24,24,896670805.64,327569586.3,36.53
8775,25,25,25,123094637.21,59621670.8,48.44
8776,26,26,26,354577895.15,234985386.44,66.27
8777,27,27,27,851791070.09,323832643.29,38.02
8778,28,28,28,934443083.38,718013920.01,76.84
8779,29,29,29,112516418.77,69484267.81,61.75
8780,30,30,30,13429739.98,13429739.98,100.0
8781,31,31,31,220654742.63,157060244.34,71.18
8782,32,32,32,717792825.34,264911650.71,36.91
8783,33,33,33,336943694.42,223301446.75,66.27
8784,34,34,34,454219124.42,215124195.55,47.36
8785,35,35,35,875491551.57,404441853.49,46.2
8786,36,36,36,387828364.28,219649949.71,56.64
8787,37,37,37,110531224.64,56042674.67,50.7
8788,38,38,38,902308379.11,342857779.79,38.0
8789,39,39,39,380656207.25,367640416.2,96.58
8790,40,40,40,999117718.48,886752107.69,88.75
8791,41,41,41,129501773.64,129501773.64,100.0
8792,42,42,42,508711365.97,403173040.9,79.25
8793,43,43,43,575151338.25,177754253.35,30.91
8794,44,44,44,724494896.44,354966611.94,49.0
8795,45,45,45,672944743.59,212674682.02,31.6
8796,46,46,46,118823959.13,55236164.78,46.49
8797,47,47,47,299962638.55,281082743.99,93.71
8798,48,48,48,476502824.86,176641561.04,37.07
8799,49,49,49,184730125.05,63393397.15,34.32
8800,50,50,50,779504757.35,525609848.24,67.43
8801,51,51,51,600415123.45,464979649.96,77.44
8802,52,52,52,635400199.84,542443789.2,85.37
8803,53,53,53,316274653.22,247030389.54,78.11
8804,54,54,54,376734213.97,192467373.55,51.09
8805,55,55,55,864935200.43,375312266.25,43.39
8806,56,56,56,320730032.43,320730032.43,100.0
8807,57,57,57,711734964.17,411176921.85,57.77
8808,58,58,58,587265450.48,587265450.48,100.0
8809,59,59,59,981783893.46,970406972.82,98.84
8810,60,60,60,147303454.71,72615873.42,49.3
8811,61,61,61,242333440.81,192364306.27,79.38
8812,62,62,62,933683725.98,887716181.98,95.08
8813,63,63,63,213391539.31,186587423.92,87.44
8814,64,64,64,534620807.21,399269817.63,74.68
8815,65,65,65,193404110.27,162777130.93,84.16
8816,66,66,66,421829055.16,319935814.77,75.84
8817,67,67,67,967661278.33,698179390.74,72.15
8818,68,68,68,208108843.39,124244847.5,59.7
8819,69,69,69,114072598.2,70371198.49,61.69
8820,70,70,70,985686633.51,412192894.3,41.82
8821,71,71,71,89733530.81,82152355.15,91.55
8822,72,72,72,932528639.64,896456736.28,96.13
8823,73,73,73,664529732.01,658093120.6,99.03
8824,74,74,74,821355307.23,359698723.52,43.79
8825,75,75,75,427719697.23,221723210.23,51.84
8826,76,76,76,58825093.21,55465186.85,94.29
8827,77,77,77,643511195.74,201658839.32,31.34
8828,78,78,78,643963953.32,309468985.66,48.06
8829,79,79,79,82035936.95,82035936.95,100.0
8830,80,80,80,304379694.05,304379694.05,100.0
8831,81,81,81,315188816.2,243107686.51,77.13
8832,82,82,82,797235482.43,637126758.33,79.92
8833,83,83,83,608571741.99,260439072.52,42.8
8834,84,84,84,118804416.71,51675960.83,43.5
8835,85,85,85,53864183.31,47371029.43,87.95
8836,86,86,86,381346105.03,223029920.12,58.48
8837,87,87,87,487921909.48,473946810.22,97.14
8838,88,88,88,741247162.43,466407367.65,62.92
8839,89,89,89,122622605.27,80613992.02,65.74
8840,90,90,90,224389387.08,188728030.2,84.11
8841,91,91,91,808627273.34,329073173.06,40.7
8842,92,92,92,113570125.81,76268380.55,67.16
8843,93,93,93,69334255.54,28528763.41,41.15
8844,94,94,94,714960657.81,714960657.81,100.0
8845,95,95,95,40884654.32,24657349.78,60.31
8846,96,96,96,764545705.55,764545705.55,100.0
8847,97,97,97,258353350.08,106768786.72,41.33
8848,98,98,98,509797712.31,225536104.89,44.24
8849,99,99,99,986361132.81,820279384.03,83.16
8850,100,100,100,173592760.18,110490844.77,63.65
8851,101,101,101,663003834.77,436620598.4,65.85
8852,102,102,102,384601163.89,357110473.95,92.85
8853,103,103,103,702877283.38,527288021.44,75.02
8854,104,104,104,685710139.64,545860082.49,79.61
8855,105,105,105,165755497.79,96180831.23,58.03
8856,106,106,106,470124866.45,351348715.12,74.74
8857,107,107,107,722674565.28,323611573.48,44.78
8858,108,108,108,744283458.34,286390968.61,38.48
8859,109,109,109,107970094.8,105125772.65,97.37
8860,110,110,110,137114464.45,122505946.58,89.35
8861,111,111,111,564015135.97,469695698.27,83.28
8862,112,112,112,487636688.9,296001720.76,60.7
8863,113,113,113,817199087.91,295126828.64,36.11
8864,114,114,114,726009505.71,310875644.08,42.82
8865,115,115,115,608550429.74,534439808.87,87.82
8866,116,116,116,446367686.6,415733835.82,93.14
8867,117,117,117,942713993.97,728276713.76,77.25
8868,118,118,118,622475548.96,622475548.96,100.0
8869,119,119,119,963566445.99,963566445.99,100.0
8870,120,120,120,409962723.34,336181345.57,82.0
8871,121,121,121,992933570.49,365177959.19,36.78
8872,122,122,122,975068502.03,306193831.22,31.4
8873,123,123,123,634943855.9,384967851.23,60.63
8874,124,124,124,294527630.88,256070291.11,86.94
8875,125,125,125,259840588.05,259840588.05,100.0
8876,126,126,126,576127524.64,265679447.44,46.11
8877,127,127,127,76489812.76,76489812.76,100.0
8878,128,128,128,216229999.6,185063293.53,85.59
8879,129,129,129,503144615.15,367630914.32,73.07
8880,130,130,130,867179475.75,299597872.36,34.55
8881,131,131,131,399232405.76,181007843.76,45.34
8882,132,132,132,723935954.48,704854877.48,97.36
8883,133,133,133,852203133.12,344878262.05,40.47
8884,134,134,134,874223495.53,283143062.58,32.39
8885,135,135,135,539685202.31,260846549.17,48.33
8886,136,136,136,279736003.58,212796947.74,76.07
8887,137,137,137,680993578.21,570721742.16,83.81
8888,138,138,138,546533808.8,246930785.62,45.18
8889,139,139,139,153547881.91,113376834.4,73.84
8890,140,140,140,893337949.32,347579703.74,38.91
8891,141,141,141,757331137.98,420897866.74,55.58
8892,142,142,142,162308590.48,73261319.35,45.14
8893,143,143,143,586042407.85,193928492.31,33.09
8894,144,144,144,863694809.97,797196566.51,92.3
8895,145,145,145,198520903.8,124709663.44,62.82
8896,146,146,146,555912484.22,207166960.08,37.27
8897,147,147,147,495336100.74,439511108.94,88.73
8898,148,148,148,897738019.41,555046570.69,61.83
8899,149,149,149,547291940.99,199016431.71,36.36
8900,150,150,150,583605762.56,176837860.67,30.3
8901,151,151,151,174900767.26,174900767.26,100.0
8902,152,152,152,235887734.63,93099503.06,39.47
8903,153,153,153,500190919.06,236582393.35,47.3
8904,154,154,154,176696285.12,107363585.92,60.76
8905,155,155,155,658466262.62,658466262.62,100.0
8906,156,156,156,825875851.61,271236438.34,32.84
8907,157,157,157,375863701.1,239639463.15,63.76
8908,158,158,158,779647625.63,699527861.83,89.72
8909,159,159,159,988816580.97,869149460.28,87.9
8910,160,160,160,780396658.18,780396658.18,100.0
8911,161,161,161,486984565.72,378238800.76,77.67
8912,162,162,162,862466392.06,687044679.15,79.66
8913,163,163,163,362034277.65,362034277.65,100.0
8914,164,164,164,625727032.35,333983813.22,53.38
8915,165,165,165,60593483.68,57729373.32,95.27
8916,166,166,166,245865087.18,186998789.13,76.06
8917,167,167,167,229320211.93,82893416.69,36.15
8918,168,168,168,228770067.71,85148561.53,37.22
8919,169,169,169,303632129.16,273464764.24,90.06
8920,170,170,170,605596104.24,239203469.2,39.5
8921,171,171,171,856866100.84,856866100.84,100.0
8922,172,172,172,469949225.27,469949225.27,100.0
8923,173,173,173,525872466.33,519538028.03,98.8
8924,174,174,174,938409633.12,881115100.98,93.89
8925,175,175,175,577980946.66,225945493.77,39.09
8926,176,176,176,761380420.34,717647962.24,94.26
8927,177,177,177,42101799.59,37141091.54,88.22
8928,178,178,178,95775372.62,35363019.56,36.92
8929,179,179,179,168871605.44,61315371.81,36.31
8930,180,180,180,843016271.38,605235059.44,71.79
8931,181,181,181,580727736.48,531799059.81,91.57
8932,182,182,182,590090711.67,436014181.39,73.89
8933,183,183,183,835301986.16,307549473.97,36.82
8934,184,184,184,828040396.8,828040396.8,100.0
8935,185,185,185,645609887.63,405048572.35,62.74
8936,186,186,186,973518158.73,644107333.34,66.16
8937,187,187,187,949691089.3,881847308.48,92.86
8938,188,188,188,388449448.64,154808673.5,39.85
8939,189,189,189,233683832.06,152597280.46,65.3
8940,190,190,190,250795048.84,187829995.08,74.89
8941,191,191,191,752141264.89,717937860.2,95.45
8942,192,192,192,272369409.37,207519050.33,76.19
8943,193,193,193,69349604.36,30727234.17,44.31
8944,194,194,194,168792255.6,168792255.6,100.0
8945,195,195,195,564440815.25,402845836.47,71.37
8946,196,196,196,438771787.04,328666349.98,74.91
8947,197,197,197,991131864.47,924896663.76,93.32
8948,198,198,198,148622678.83,110547224.07,74.38
8949,199,199,199,16873947.39,16551014.84,98.09
8950,200,200,200,672786696.15,232800955.01,34.6
8951,201,201,201,93408730.93,65718725.49,70.36
8952,202,202,202,783925576.16,699612366.28,89.24
8953,203,203,203,224175473.58,224175473.58,100.0
8954,204,204,204,366543730.32,210378283.06,57.4
8955,205,205,205,935164498.33,746318725.83,79.81
8956,206,206,206,253593694.05,215352472.13,84.92
8957,207,207,207,132189716.59,84102160.5,63.62
8958,208,208,208,489065745.32,480912477.8,98.33
8959,209,209,209,250454223.65,250454223.65,100.0
8960,210,210,210,165332343.45,127884920.74,77.35
8961,211,211,211,337237628.51,244436889.65,72.48
8962,212,212,212,497772018.45,497772018.45,100.0
8963,213,213,213,16208465.76,12117727.26,74.76
8964,214,214,214,75997653.55,35689199.33,46.96
8965,215,215,215,185829077.99,169264302.96,91.09
8966,216,216,216,79996368.11,70449116.15,88.07
8967,217,217,217,148316654.01,84424189.32,56.92
8968,218,218,218,747659244.78,608656471.16,81.41
8969,219,219,219,514591737.54,479491716.18,93.18
8970,220,220,220,313392220.76,229697594.65,73.29
8971,221,221,221,437033217.54,369475936.9,84.54
8972,222,222,222,576802555.17,576802555.17,100.0
8973,223,223,223,744306852.34,744306852.34,100.0
8974,224,224,224,968435384.91,294334029.09,30.39
8975,225,225,225,995872309.73,970319486.19,97.43
8976,226,226,226,60648898.09,60648898.09,100.0
8977,227,227,227,715488235.64,325459443.8,45.49
8978,228,228,228,63912036.91,24957937.74,39.05
8979,229,229,229,355121028.09,107465120.54,30.26
8980,230,230,230,690358347.99,690358347.99,100.0
8981,231,231,231,306307368.62,263885476.81,86.15
8982,232,232,232,774761428.28,734793007.93,94.84
8983,233,233,233,756313134.66,749713923.84,99.13
8984,234,234,234,694109289.92,497069217.91,71.61
8985,235,235,235,198174531.79,159737391.08,80.6
8986,236,236,236,404941797.53,395006863.93,97.55
8987,237,237,237,689753878.01,374170125.93,54.25
8988,238,238,238,949645998.48,681017992.15,71.71
8989,239,239,239,604373638.72,492175219.05,81.44
8990,240,240,240,181956038.58,181956038.58,100.0
8991,241,241,241,203353191.59,126274337.26,62.1
8992,242,242,242,113760424.69,113760424.69,100.0
8993,243,243,243,383314408.17,318637629.28,83.13
8994,244,244,244,983592909.4,983592909.4,100.0
8995,245,245,245,812247382.29,812247382.29,100.0
8996,246,246,246,221529923.6,203039260.92,91.65
8997,247,247,247,633244067.4,436497438.8,68.93
8998,248,248,248,436040489.36,139084878.8,31.9
8999,249,249,249,523132893.82,224362177.89,42.89
9000,250,250,250,443297004.98,315293406.72,71.12
9001,1,1,1,956324677.83,461844451.2,48.29
9002,2,2,2,18260072.44,17791152.13,97.43
9003,3,3,3,371318978.23,337293618.06,90.84
9004,4,4,4,882381315.28,746623053.68,84.61
9005,5,5,5,10268417.54,3595301.0,35.01
9006,6,6,6,682288281.4,255374277.41,37.43
9007,7,7,7,19406815.42,8093754.78,41.71
9008,8,8,8,733797519.39,399664739.06,54.47
9009,9,9,9,525133640.04,377431718.18,71.87
9010,10,10,10,159362812.46,136709693.53,85.79
9011,11,11,11,383681929.76,383681929.76,100.0
9012,12,12,12,141924246.13,102740981.06,72.39
9013,13,13,13,741576778.81,520452982.46,70.18
9014,14,14,14,290732140.34,109937459.79,37.81
9015,15,15,15,194235543.6,122579789.44,63.11
9016,16,16,16,34769160.97,11414300.92,32.83
9017,17,17,17,857962413.97,442051854.28,51.52
9018,18,18,18,482936079.15,482936079.15,100.0
9019,19,19,19,278827726.54,240008324.76,86.08
9020,20,20,20,498713621.2,170506323.86,34.19
9021,21,21,21,132660009.27,108309066.61,81.64
9022,22,22,22,28790472.49,25063613.36,87.06
9023,23,23,23,805333618.86,710516486.93,88.23
9024,24,24,24,541213443.41,500859235.63,92.54
9025,25,25,25,168964740.27,89992358.45,53.26
9026,26,26,26,470368569.95,349528470.65,74.31
9027,27,27,27,169588114.68,160831471.26,94.84
9028,28,28,28,404577726.1,340702655.6,84.21
9029,29,29,29,284878259.84,134751629.88,47.3
9030,30,30,30,686679321.1,658942759.43,95.96
9031,31,31,31,479367287.13,255571738.91,53.31
9032,32,32,32,119825667.31,99681776.04,83.19
9033,33,33,33,344896707.67,112505670.33,32.62
9034,34,34,34,715339239.21,393917440.36,55.07
9035,35,35,35,88294938.67,86080479.95,97.49
9036,36,36,36,301257275.58,240666116.06,79.89
9037,37,37,37,160976201.85,90942129.38,56.49
9038,38,38,38,913518795.19,913518795.19,100.0
9039,39,39,39,361583754.06,310908624.97,85.99
9040,40,40,40,480927766.76,195963236.62,40.75
9041,41,41,41,371791646.97,233969279.74,62.93
9042,42,42,42,280868333.68,241285433.86,85.91
9043,43,43,43,955623073.26,523614377.94,54.79
9044,44,44,44,786293221.45,643606212.57,81.85
9045,45,45,45,106517987.28,81313447.94,76.34
9046,46,46,46,706536311.54,563079489.85,79.7
9047,47,47,47,448162210.66,163646554.67,36.52
9048,48,48,48,249705869.07,244395835.49,97.87
9049,49,49,49,848045745.91,279509309.95,32.96
9050,50,50,50,900139408.09,650748586.95,72.29
9051,51,51,51,847342304.51,345307184.12,40.75
9052,52,52,52,964712726.54,365812417.25,37.92
9053,53,53,53,762188676.66,376797704.0,49.44
9054,54,54,54,556613021.44,525184107.3,94.35
9055,55,55,55,146819947.77,100854408.35,68.69
9056,56,56,56,624095159.24,354634253.67,56.82
9057,57,57,57,20426267.04,12146000.34,59.46
9058,58,58,58,511268467.02,317047423.6,62.01
9059,59,59,59,952753879.88,706641878.12,74.17
9060,60,60,60,716281860.98,335412843.3,46.83
9061,61,61,61,512308511.13,248707523.78,48.55
9062,62,62,62,209823420.32,165626199.23,78.94
9063,63,63,63,639098149.9,626766464.02,98.07
9064,64,64,64,650026807.76,391856214.53,60.28
9065,65,65,65,500087919.85,253761881.67,50.74
9066,66,66,66,428201833.5,417649980.84,97.54
9067,67,67,67,42291900.26,32633145.55,77.16
9068,68,68,68,981739551.17,593776335.7,60.48
9069,69,69,69,259536956.65,164726483.95,63.47
9070,70,70,70,112168152.35,51794570.93,46.18
9071,71,71,71,188058204.45,123685652.22,65.77
9072,72,72,72,526990517.4,326647270.24,61.98
9073,73,73,73,177868822.78,177868822.78,100.0
9074,74,74,74,157843711.9,77227678.81,48.93
9075,75,75,75,419457484.61,398438508.22,94.99
9076,76,76,76,624168439.0,624168439.0,100.0
9077,77,77,77,288637793.73,140672946.27,48.74
9078,78,78,78,514077419.52,514077419.52,100.0
9079,79,79,79,417231321.4,312881759.97,74.99
9080,80,80,80,798717196.15,634263791.73,79.41
9081,81,81,81,100629080.75,45481142.07,45.2
9082,82,82,82,758113585.02,595925421.09,78.61
9083,83,83,83,553780935.74,553780935.74,100.0
9084,84,84,84,207762355.78,95098795.48,45.77
9085,85,85,85,137278335.3,105087782.67,76.55
9086,86,86,86,621111154.75,381129960.2,61.36
9087,87,87,87,117977626.42,80422706.52,68.17
9088,88,88,88,806656876.66,585687227.48,72.61
9089,89,89,89,612878146.25,329585295.16,53.78
9090,90,90,90,692012868.81,642154112.12,92.8
9091,91,91,91,619726744.15,521143411.07,84.09
9092,92,92,92,904064754.76,701458508.58,77.59
9093,93,93,93,51720516.98,38257057.35,73.97
9094,94,94,94,574835614.73,236551168.4,41.15
9095,95,95,95,727083436.33,238168104.91,32.76
9096,96,96,96,290893834.12,215503073.22,74.08
9097,97,97,97,472061497.97,301445475.11,63.86
9098,98,98,98,147750519.4,47538287.04,32.17
9099,99,99,99,428723500.05,156838628.34,36.58
9100,100,100,100,186851162.73,89703628.47,48.01
9101,101,101,101,838203795.94,611138013.07,72.91
9102,102,102,102,241123768.26,241123768.26,100.0
9103,103,103,103,445914364.69,188031591.39,42.17
9104,104,104,104,477986005.26,178145599.26,37.27
9105,105,105,105,855647436.06,267490450.96,31.26
9106,106,106,106,638268033.51,222037884.89,34.79
9107,107,107,107,560986836.75,559352632.77,99.71
9108,108,108,108,55518256.65,38847750.0,69.97
9109,109,109,109,117759115.29,79959739.73,67.9
9110,110,110,110,237988718.21,179507043.17,75.43
9111,111,111,111,778923795.6,272161628.08,34.94
9112,112,112,112,85681043.15,49245153.49,57.47
9113,113,113,113,781049595.74,769348481.18,98.5
9114,114,114,114,827770712.19,441212221.62,53.3
9115,115,115,115,500938895.46,350529790.92,69.97
9116,116,116,116,943875559.3,604739263.44,64.07
9117,117,117,117,603311785.88,236037022.81,39.12
9118,118,118,118,986504759.13,596671091.51,60.48
9119,119,119,119,759909234.31,349868869.97,46.04
9120,120,120,120,56749669.67,46194230.87,81.4
9121,121,121,121,300034465.51,137604484.33,45.86
9122,122,122,122,936908424.24,550268143.85,58.73
9123,123,123,123,534336098.86,534336098.86,100.0
9124,124,124,124,196143231.05,121018417.94,61.7
9125,125,125,125,778082728.32,662439263.3,85.14
9126,126,126,126,900049753.27,389525196.06,43.28
9127,127,127,127,83145244.75,69856983.93,84.02
9128,128,128,128,176402809.44,132523279.95,75.13
9129,129,129,129,664158435.25,380959387.0,57.36
9130,130,130,130,783887030.11,569713046.34,72.68
9131,131,131,131,265176874.03,102464130.27,38.64
9132,132,132,132,684712983.99,654776783.51,95.63
9133,133,133,133,399123195.44,255338605.65,63.97
9134,134,134,134,934632117.87,557963323.87,59.7
9135,135,135,135,729346955.78,703566666.56,96.47
9136,136,136,136,301595069.8,227124153.5,75.31
9137,137,137,137,389836857.47,228742843.75,58.68
9138,138,138,138,403199003.23,122989073.9,30.5
9139,139,139,139,817037072.74,555044274.42,67.93
9140,140,140,140,940847363.42,896578876.84,95.29
9141,141,141,141,581166724.82,530352835.43,91.26
9142,142,142,142,497166707.08,346212956.97,69.64
9143,143,143,143,888568345.51,856054785.97,96.34
9144,144,144,144,573339838.92,322132160.51,56.19
9145,145,145,145,95884621.41,56213183.4,58.63
9146,146,146,146,569368556.77,550012383.2,96.6
9147,147,147,147,264198958.45,264198958.45,100.0
9148,148,148,148,678083711.27,596950849.92,88.03
9149,149,149,149,920602959.36,920602959.36,100.0
9150,150,150,150,203590406.07,85039737.37,41.77
9151,151,151,151,360537438.3,333478286.39,92.49
9152,152,152,152,539995389.62,341747852.28,63.29
9153,153,153,153,656261344.76,271795876.63,41.42
9154,154,154,154,400750763.06,181700673.47,45.34
9155,155,155,155,925780982.25,925780982.25,100.0
9156,156,156,156,174301252.21,174301252.21,100.0
9157,157,157,157,403869011.82,281181354.74,69.62
9158,158,158,158,683293556.25,222396589.68,32.55
9159,159,159,159,777590300.37,695697616.43,89.47
9160,160,160,160,711633735.06,455401133.07,63.99
9161,161,161,161,453653933.72,453653933.72,100.0
9162,162,162,162,959207155.3,819831929.48,85.47
9163,163,163,163,568162619.61,416770691.86,73.35
9164,164,164,164,430935168.87,221711811.04,51.45
9165,165,165,165,791880114.71,275728310.03,34.82
9166,166,166,166,300422401.95,283086805.58,94.23
9167,167,167,167,396695157.46,304312222.8,76.71
9168,168,168,168,848060888.86,474757461.89,55.98
9169,169,169,169,740075513.43,296375330.6,40.05
9170,170,170,170,923805598.78,596333069.52,64.55
9171,171,171,171,484882409.79,160931595.54,33.19
9172,172,172,172,102213586.78,102213586.78,100.0
9173,173,173,173,935418904.5,699168763.65,74.74
9174,174,174,174,780807412.12,756288965.05,96.86
9175,175,175,175,206188235.77,206188235.77,100.0
9176,176,176,176,49966435.27,27049459.86,54.14
9177,177,177,177,856246113.89,466239386.56,54.45
9178,178,178,178,884157324.26,567209071.69,64.15
9179,179,179,179,776759719.0,528842037.12,68.08
9180,180,180,180,578556808.73,234406005.92,40.52
9181,181,181,181,385879799.73,163561699.65,42.39
9182,182,182,182,665128554.8,512568277.14,77.06
9183,183,183,183,388602641.92,182589243.61,46.99
9184,184,184,184,563284715.39,237791732.36,42.22
9185,185,185,185,171812409.59,75573672.42,43.99
9186,186,186,186,431208335.04,245858385.6,57.02
9187,187,187,187,675313985.78,574156569.92,85.02
9188,188,188,188,837454588.95,572642008.49,68.38
9189,189,189,189,406218819.25,356754711.77,87.82
9190,190,190,190,307158575.83,105681371.17,34.41
9191,191,191,191,258110710.43,120163383.65,46.55
9192,192,192,192,928921769.28,481308097.83,51.81
9193,193,193,193,203404019.58,203404019.58,100.0
9194,194,194,194,142494242.37,73574927.72,51.63
9195,195,195,195,612504471.47,424021748.09,69.23
9196,196,196,196,387465138.19,387465138.19,100.0
9197,197,197,197,685865619.63,393371549.75,57.35
9198,198,198,198,761299342.62,688667362.19,90.46
9199,199,199,199,986510659.03,490346153.5,49.71
9200,200,200,200,499391991.09,456730205.86,91.46
9201,201,201,201,401573900.47,120718888.93,30.06
9202,202,202,202,766441019.74,766441019.74,100.0
9203,203,203,203,788788247.72,430025528.54,54.52
9204,204,204,204,946623346.36,946623346.36,100.0
9205,205,205,205,322198537.42,254680624.44,79.04
9206,206,206,206,491748709.04,491748709.04,100.0
9207,207,207,207,626011903.89,352066766.77,56.24
9208,208,208,208,981769213.25,518545142.54,52.82
9209,209,209,209,762024869.69,491407055.22,64.49
9210,210,210,210,989005571.68,989005571.68,100.0
9211,211,211,211,830249239.09,830249239.09,100.0
9212,212,212,212,221831626.05,141985915.34,64.01
9213,213,213,213,804322729.54,450510357.82,56.01
9214,214,214,214,578962592.17,578962592.17,100.0
9215,215,215,215,339822169.23,331337050.77,97.5
9216,216,216,216,197876081.27,90269790.66,45.62
9217,217,217,217,154536297.67,67008532.7,43.36
9218,218,218,218,136427735.45,80811822.07,59.23
9219,219,219,219,428760826.85,294130101.58,68.6
9220,220,220,220,916863083.61,580848522.75,63.35
9221,221,221,221,636869429.41,324871566.75,51.01
9222,222,222,222,502838785.67,351850618.33,69.97
9223,223,223,223,480723642.37,348219675.85,72.44
9224,224,224,224,170309779.96,124686621.62,73.21
9225,225,225,225,770883226.3,770883226.3,100.0
9226,226,226,226,298066143.69,251382127.86,84.34
9227,227,227,227,725671915.56,249437730.72,34.37
9228,228,228,228,124259137.33,48217550.84,38.8
9229,229,229,229,770964421.06,304876452.41,39.54
9230,230,230,230,771171930.07,313572330.87,40.66
9231,231,231,231,30638162.88,29838942.1,97.39
9232,232,232,232,855104999.53,287006653.17,33.56
9233,233,233,233,128337266.02,99040927.65,77.17
9234,234,234,234,882889369.57,563892397.74,63.87
9235,235,235,235,319798154.51,291125538.34,91.03
9236,236,236,236,977685288.67,604682970.42,61.85
9237,237,237,237,430122448.13,242791161.95,56.45
9238,238,238,238,986484625.95,846483421.15,85.81
9239,239,239,239,115796515.29,36816888.5,31.79
9240,240,240,240,161102734.83,126761514.04,78.68
9241,241,241,241,495062834.71,495062834.71,100.0
9242,242,242,242,80830498.63,25222750.12,31.2
9243,243,243,243,939799879.94,939799879.94,100.0
9244,244,244,244,654660055.41,654660055.41,100.0
9245,245,245,245,720439778.88,465592261.21,64.63
9246,246,246,246,487557829.63,207127809.45,42.48
9247,247,247,247,851006220.36,851006220.36,100.0
9248,248,248,248,457630830.03,327516594.64,71.57
9249,249,249,249,529740028.12,238695452.63,45.06
9250,250,250,250,539977028.66,461615758.02,85.49
9251,1,1,1,352623586.6,115190178.44,32.67
9252,2,2,2,900603875.05,545945350.09,60.62
9253,3,3,3,354916807.65,167394818.01,47.16
9254,4,4,4,694125458.66,434853182.23,62.65
9255,5,5,5,677097639.76,378283806.25,55.87
9256,6,6,6,143121208.98,75795936.47,52.96
9257,7,7,7,780280746.57,329854405.04,42.27
9258,8,8,8,895745649.67,883127875.91,98.59
9259,9,9,9,348020595.67,186951723.29,53.72
9260,10,10,10,842110401.67,842110401.67,100.0
9261,11,11,11,621004842.62,621004842.62,100.0
9262,12,12,12,742546613.88,723784808.32,97.47
9263,13,13,13,78563823.03,28422935.92,36.18
9264,14,14,14,135824205.27,67687997.55,49.84
9265,15,15,15,799661593.81,440517815.36,55.09
9266,16,16,16,383149846.0,259704845.96,67.78
9267,17,17,17,31526588.55,30722912.79,97.45
9268,18,18,18,282395830.05,219558348.49,77.75
9269,19,19,19,615160391.99,280144122.59,45.54
9270,20,20,20,850490468.56,450164394.34,52.93
9271,21,21,21,336715395.47,129859454.38,38.57
9272,22,22,22,373030254.6,112755666.2,30.23
9273,23,23,23,187128987.88,173501334.72,92.72
9274,24,24,24,514104716.96,402398625.73,78.27
9275,25,25,25,573021549.31,531352838.63,92.73
9276,26,26,26,553873726.32,399746546.01,72.17
9277,27,27,27,927833454.64,721093268.27,77.72
9278,28,28,28,86404665.35,75446992.7,87.32
9279,29,29,29,109220804.17,51281097.54,46.95
9280,30,30,30,96168050.37,60566261.33,62.98
9281,31,31,31,688693554.19,391797783.44,56.89
9282,32,32,32,426079885.61,196127316.78,46.03
9283,33,33,33,385271654.8,173494977.91,45.03
9284,34,34,34,974128961.97,974128961.97,100.0
9285,35,35,35,647722189.04,200382892.61,30.94
9286,36,36,36,729358911.59,347309821.9,47.62
9287,37,37,37,825311557.02,797039634.67,96.57
9288,38,38,38,72384963.61,72384963.61,100.0
9289,39,39,39,848177146.86,809593483.28,95.45
9290,40,40,40,232592029.77,232592029.77,100.0
9291,41,41,41,600990006.98,573724002.03,95.46
9292,42,42,42,538555383.46,510248489.85,94.74
9293,43,43,43,754864132.3,642075238.79,85.06
9294,44,44,44,862588978.36,406252710.13,47.1
9295,45,45,45,951268405.32,470902759.8,49.5
9296,46,46,46,719723372.92,375075624.06,52.11
9297,47,47,47,22544572.93,13506268.34,59.91
9298,48,48,48,813274741.57,473679807.69,58.24
9299,49,49,49,34563304.75,16418662.67,47.5
9300,50,50,50,884780331.01,804890744.02,90.97
9301,51,51,51,295298234.69,190993734.17,64.68
9302,52,52,52,807317298.73,478547299.69,59.28
9303,53,53,53,234267744.55,120112148.25,51.27
9304,54,54,54,706648455.93,520610338.59,73.67
9305,55,55,55,518095824.71,291589837.81,56.28
9306,56,56,56,621632331.18,276540960.62,44.49
9307,57,57,57,706307055.39,282931922.51,40.06
9308,58,58,58,500654347.56,432430929.14,86.37
9309,59,59,59,186061673.69,186061673.69,100.0
9310,60,60,60,895080347.21,568281544.7,63.49
9311,61,61,61,629221100.49,442573202.49,70.34
9312,62,62,62,989803109.67,359824336.71,36.35
9313,63,63,63,255325499.19,185213194.61,72.54
9314,64,64,64,207827500.14,166092512.26,79.92
9315,65,65,65,72435989.39,48460591.97,66.9
9316,66,66,66,329072563.22,115825944.95,35.2
9317,67,67,67,405397634.53,405397634.53,100.0
9318,68,68,68,664067038.4,664067038.4,100.0
9319,69,69,69,157118271.18,64677802.15,41.17
9320,70,70,70,673188170.28,581170529.75,86.33
9321,71,71,71,430064923.05,430064923.05,100.0
9322,72,72,72,455659687.21,285312150.94,62.62
9323,73,73,73,308836399.61,218886634.36,70.87
9324,74,74,74,717012490.79,366545359.47,51.12
9325,75,75,75,728847355.57,508143420.93,69.72
9326,76,76,76,129699904.03,66905761.29,51.59
9327,77,77,77,859257992.08,513553703.88,59.77
9328,78,78,78,987715323.51,487948469.48,49.4
9329,79,79,79,235016364.08,205523997.13,87.45
9330,80,80,80,727464398.12,727464398.12,100.0
9331,81,81,81,955711207.0,546060457.86,57.14
9332,82,82,82,69038655.83,43548812.75,63.08
9333,83,83,83,999210448.35,378771576.1,37.91
9334,84,84,84,943945372.66,686968278.6,72.78
9335,85,85,85,726603519.46,283249493.36,38.98
9336,86,86,86,580214197.49,529856747.2,91.32
9337,87,87,87,98897152.65,31345978.6,31.7
9338,88,88,88,664277876.97,633125771.79,95.31
9339,89,89,89,545110847.33,363025304.37,66.6
9340,90,90,90,177552000.11,155083407.91,87.35
9341,91,91,91,908876637.96,382427919.2,42.08
9342,92,92,92,501500093.02,193115899.12,38.51
9343,93,93,93,184160090.97,184160090.97,100.0
9344,94,94,94,790089297.97,322388651.58,40.8
9345,95,95,95,380749241.15,367977092.2,96.65
9346,96,96,96,376136571.19,220876973.34,58.72
9347,97,97,97,320531997.68,114951925.81,35.86
9348,98,98,98,962235938.53,858155819.62,89.18
9349,99,99,99,51559058.92,34838627.98,67.57
9350,100,100,100,525013664.01,250860888.67,47.78
9351,101,101,101,761620932.03,328133603.41,43.08
9352,102,102,102,837197749.62,367494855.34,43.9
9353,103,103,103,545831356.23,545831356.23,100.0
9354,104,104,104,770645021.9,454043413.42,58.92
9355,105,105,105,973747654.77,482547863.1,49.56
9356,106,106,106,557118526.02,415679131.23,74.61
9357,107,107,107,351478006.69,351478006.69,100.0
9358,108,108,108,995240213.7,444355563.17,44.65
9359,109,109,109,864011430.79,687761475.82,79.6
9360,110,110,110,357624911.62,136865336.84,38.27
9361,111,111,111,877338866.52,780738544.2,88.99
9362,112,112,112,786953414.81,277108221.11,35.21
9363,113,113,113,670982629.86,207014796.36,30.85
9364,114,114,114,603939923.85,524417767.52,86.83
9365,115,115,115,97604995.44,83903799.15,85.96
9366,116,116,116,753911334.24,427954685.09,56.76
9367,117,117,117,176442392.88,159468537.91,90.38
9368,118,118,118,780890105.27,581930292.88,74.52
9369,119,119,119,728312221.01,475154415.02,65.24
9370,120,120,120,446417464.05,400447950.87,89.7
9371,121,121,121,130640927.76,103571339.97,79.28
9372,122,122,122,450819289.35,199288482.66,44.21
9373,123,123,123,121249956.26,105347473.57,86.88
9374,124,124,124,306978828.08,257456963.39,83.87
9375,125,125,125,270707138.52,247827113.95,91.55
9376,126,126,126,453152972.1,391557303.19,86.41
9377,127,127,127,79334299.41,76619532.52,96.58
9378,128,128,128,375529450.0,194046930.01,51.67
9379,129,129,129,671611214.9,460106576.42,68.51
9380,130,130,130,705852469.55,216119701.3,30.62
9381,131,131,131,21011448.56,17156881.5,81.65
9382,132,132,132,611836099.94,568355221.54,92.89
9383,133,133,133,255377715.15,217879416.47,85.32
9384,134,134,134,416716033.92,239367248.16,57.44
9385,135,135,135,117572426.44,57736776.95,49.11
9386,136,136,136,10945666.91,10945666.91,100.0
9387,137,137,137,793650784.86,506941951.52,63.87
9388,138,138,138,294183844.64,145001898.99,49.29
9389,139,139,139,177358387.72,127553387.43,71.92
9390,140,140,140,465498481.81,465498481.81,100.0
9391,141,141,141,884854730.28,731126425.15,82.63
9392,142,142,142,508931310.21,180262063.63,35.42
9393,143,143,143,130750322.41,112371705.4,85.94
9394,144,144,144,263171736.29,181646189.75,69.02
9395,145,145,145,318133206.12,210040861.18,66.02
9396,146,146,146,113382734.87,37275536.33,32.88
9397,147,147,147,820892873.94,820892873.94,100.0
9398,148,148,148,551961529.52,319756534.71,57.93
9399,149,149,149,902129716.71,899540867.22,99.71
9400,150,150,150,620550824.46,277911216.29,44.78
9401,151,151,151,35639438.88,34532811.49,96.89
9402,152,152,152,887128505.73,698882193.3,78.78
9403,153,153,153,126747142.16,86746820.53,68.44
9404,154,154,154,609470114.98,412542228.0,67.69
9405,155,155,155,363871447.79,292658045.66,80.43
9406,156,156,156,722467241.21,349450042.78,48.37
9407,157,157,157,89246187.82,87335964.9,97.86
9408,158,158,158,794623161.97,794623161.97,100.0
9409,159,159,159,804196887.87,804196887.87,100.0
9410,160,160,160,237465775.09,182972935.13,77.05
9411,161,161,161,170706468.06,74026861.62,43.37
9412,162,162,162,642892939.94,585589576.75,91.09
9413,163,163,163,653085934.95,540226356.21,82.72
9414,164,164,164,293882614.74,285276003.21,97.07
9415,165,165,165,546631065.68,169230846.48,30.96
9416,166,166,166,883291615.01,373253449.62,42.26
9417,167,167,167,508684454.07,255275842.34,50.18
9418,168,168,168,116080330.73,105327893.3,90.74
9419,169,169,169,877291769.47,500648634.0,57.07
9420,170,170,170,176078172.41,92674889.93,52.63
9421,171,171,171,579390878.93,290942129.72,50.22
9422,172,172,172,810843884.08,576356061.21,71.08
9423,173,173,173,802398386.37,715556993.44,89.18
9424,174,174,174,265095329.49,194156936.92,73.24
9425,175,175,175,550521107.24,550521107.24,100.0
9426,176,176,176,546794531.47,529633741.83,96.86
9427,177,177,177,459946587.08,459158734.69,99.83
9428,178,178,178,964306179.25,916597409.73,95.05
9429,179,179,179,395118180.49,180948641.67,45.8
9430,180,180,180,283337207.67,110630580.1,39.05
9431,181,181,181,651762918.38,240616626.59,36.92
9432,182,182,182,745205001.46,534755668.47,71.76
9433,183,183,183,100687267.81,45927883.49,45.61
9434,184,184,184,592030516.29,592030516.29,100.0
9435,185,185,185,21792545.3,21792545.3,100.0
9436,186,186,186,87346876.73,87346876.73,100.0
9437,187,187,187,750166739.33,395244336.76,52.69
9438,188,188,188,808954657.43,353036976.68,43.64
9439,189,189,189,172910644.22,80743712.3,46.7
9440,190,190,190,731072315.73,523123861.59,71.56
9441,191,191,191,95501124.52,56557188.19,59.22
9442,192,192,192,966236172.39,586620662.67,60.71
9443,193,193,193,56293100.36,56293100.36,100.0
9444,194,194,194,67378847.44,28126813.93,41.74
9445,195,195,195,248281232.37,178812579.44,72.02
9446,196,196,196,371478917.64,153036858.76,41.2
9447,197,197,197,472599809.6,366240800.7,77.49
9448,198,198,198,371579279.22,148916273.02,40.08
9449,199,199,199,86500032.55,60976618.99,70.49
9450,200,200,200,702623489.86,505074971.27,71.88
9451,201,201,201,325080627.76,192749873.12,59.29
9452,202,202,202,661388605.48,551511044.23,83.39
9453,203,203,203,649182737.46,479724227.47,73.9
9454,204,204,204,732540251.71,547920392.24,74.8
9455,205,205,205,562073106.02,319887015.45,56.91
9456,206,206,206,477400154.54,271232554.45,56.81
9457,207,207,207,135197165.74,64303166.61,47.56
9458,208,208,208,421116192.88,395836925.41,94.0
9459,209,209,209,340312316.31,141691415.56,41.64
9460,210,210,210,173013336.08,173013336.08,100.0
9461,211,211,211,131123708.25,92308222.64,70.4
9462,212,212,212,272799495.1,272799495.1,100.0
9463,213,213,213,825449351.9,707999765.69,85.77
9464,214,214,214,580282816.89,467354179.61,80.54
9465,215,215,215,667558443.26,667558443.26,100.0
9466,216,216,216,101927932.12,75128234.01,73.71
9467,217,217,217,357451558.88,357451558.88,100.0
9468,218,218,218,817568580.4,742602991.97,90.83
9469,219,219,219,607713660.54,189992400.59,31.26
9470,220,220,220,82736204.67,82736204.67,100.0
9471,221,221,221,504212989.99,363255933.85,72.04
9472,222,222,222,466869807.49,155127783.6,33.23
9473,223,223,223,469220252.66,210402689.33,44.84
9474,224,224,224,668997381.51,208203907.46,31.12
9475,225,225,225,562112925.63,280782642.14,49.95
9476,226,226,226,736581834.89,575291709.11,78.1
9477,227,227,227,164947824.09,157047981.11,95.21
9478,228,228,228,892525602.47,498067453.74,55.8
9479,229,229,229,848230584.01,552225230.73,65.1
9480,230,230,230,166332976.65,116118510.11,69.81
9481,231,231,231,156418695.21,106732619.03,68.24
9482,232,232,232,749797226.23,749797226.23,100.0
9483,233,233,233,452757993.49,452757993.49,100.0
9484,234,234,234,224724184.6,128599993.55,57.23
9485,235,235,235,767966861.92,545569458.17,71.04
9486,236,236,236,205466245.73,162239293.62,78.96
9487,237,237,237,275833902.65,150307720.24,54.49
9488,238,238,238,856751608.15,339164207.83,39.59
9489,239,239,239,782137439.86,482232680.39,61.66
9490,240,240,240,849482250.39,257938429.8,30.36
9491,241,241,241,549378536.17,260052844.34,47.34
9492,242,242,242,402281363.31,313503889.07,77.93
9493,243,243,243,453769623.76,244408342.12,53.86
9494,244,244,244,203556437.82,179960409.84,88.41
9495,245,245,245,605830352.77,235978459.61,38.95
9496,246,246,246,698744354.06,308572252.01,44.16
9497,247,247,247,521439599.06,297843124.68,57.12
9498,248,248,248,187533229.47,92213009.57,49.17
9499,249,249,249,984507919.44,984507919.44,100.0
9500,250,250,250,581832331.1,244761590.15,42.07
9501,1,1,1,584513997.42,217122246.9,37.15
9502,2,2,2,455259790.9,410859988.79,90.25
9503,3,3,3,637310029.15,251945429.44,39.53
9504,4,4,4,955850297.08,955850297.08,100.0
9505,5,5,5,937288885.14,350413989.16,37.39
9506,6,6,6,158299860.42,158299860.42,100.0
9507,7,7,7,429470221.47,415811354.5,96.82
9508,8,8,8,889719237.42,889719237.42,100.0
9509,9,9,9,204541777.11,195538633.64,95.6
9510,10,10,10,755759951.85,354310901.89,46.88
9511,11,11,11,770366586.25,364506890.72,47.32
9512,12,12,12,190427851.81,182210772.73,95.68
9513,13,13,13,15814157.73,15814157.73,100.0
9514,14,14,14,578933675.78,493755375.5,85.29
9515,15,15,15,180751834.0,162855365.93,90.1
9516,16,16,16,607258862.97,256574756.05,42.25
9517,17,17,17,990552965.08,927684405.68,93.65
9518,18,18,18,695756576.24,589164503.11,84.68
9519,19,19,19,496034398.6,309973258.44,62.49
9520,20,20,20,416971458.84,378619145.2,90.8
9521,21,21,21,581173002.63,204383687.48,35.17
9522,22,22,22,214010817.31,177520290.41,82.95
9523,23,23,23,443247492.4,420161087.46,94.79
9524,24,24,24,860676115.71,860676115.71,100.0
9525,25,25,25,478066489.0,148054655.87,30.97
9526,26,26,26,207410023.81,140947413.82,67.96
9527,27,27,27,743278522.55,559825206.1,75.32
9528,28,28,28,327194439.71,276071237.45,84.38
9529,29,29,29,972567575.46,813091732.43,83.6
9530,30,30,30,140718597.49,112764545.14,80.13
9531,31,31,31,849469544.53,268853451.32,31.65
9532,32,32,32,506795398.33,418418343.92,82.56
9533,33,33,33,493942867.85,421393314.95,85.31
9534,34,34,34,86365403.77,37470178.02,43.39
9535,35,35,35,723123537.92,253037332.9,34.99
9536,36,36,36,165259379.07,156283039.44,94.57
9537,37,37,37,111719452.98,71833595.07,64.3
9538,38,38,38,343323018.63,343323018.63,100.0
9539,39,39,39,633453273.21,594704030.41,93.88
9540,40,40,40,288488895.96,283670321.52,98.33
9541,41,41,41,226718773.41,161830758.16,71.38
9542,42,42,42,814245008.7,552603538.2,67.87
9543,43,43,43,725189350.63,282990619.35,39.02
9544,44,44,44,164497570.24,62121024.24,37.76
9545,45,45,45,492249762.2,247365411.11,50.25
9546,46,46,46,509470875.91,396112021.78,77.75
9547,47,47,47,599426644.62,505737960.36,84.37
9548,48,48,48,842481667.42,810331767.33,96.18
9549,49,49,49,957813284.96,908041387.19,94.8
9550,50,50,50,923802894.08,700747012.4,75.85
9551,51,51,51,212304618.79,212304618.79,100.0
9552,52,52,52,838761561.62,297946838.49,35.52
9553,53,53,53,616649496.74,220547442.22,35.77
9554,54,54,54,145413059.28,65335703.58,44.93
9555,55,55,55,606818899.42,198133936.69,32.65
9556,56,56,56,376551671.85,239830641.83,63.69
9557,57,57,57,88301804.74,40977064.62,46.41
9558,58,58,58,787816864.92,386476566.04,49.06
9559,59,59,59,181857408.49,174957692.78,96.21
9560,60,60,60,660039359.01,527293403.02,79.89
9561,61,61,61,671359041.83,397425479.27,59.2
9562,62,62,62,998540912.58,927656455.15,92.9
9563,63,63,63,265418802.36,265418802.36,100.0
9564,64,64,64,50416961.56,36877640.64,73.15
9565,65,65,65,264080710.94,131356571.57,49.74
9566,66,66,66,600017917.8,367377631.55,61.23
9567,67,67,67,806237905.07,806237905.07,100.0
9568,68,68,68,745806787.93,745806787.93,100.0
9569,69,69,69,227196929.27,189893133.96,83.58
9570,70,70,70,924519105.71,889792277.81,96.24
9571,71,71,71,957856427.22,422473186.65,44.11
9572,72,72,72,544456743.45,542652337.92,99.67
9573,73,73,73,430856307.44,333734748.14,77.46
9574,74,74,74,476238974.1,434463661.69,91.23
9575,75,75,75,820418300.04,409205992.38,49.88
9576,76,76,76,112106735.63,105768325.37,94.35
9577,77,77,77,778763717.52,361935001.16,46.48
9578,78,78,78,700984184.77,700984184.77,100.0
9579,79,79,79,963096783.24,935881935.27,97.17
9580,80,80,80,59030442.91,41303418.08,69.97
9581,81,81,81,996105654.44,653588376.62,65.61
9582,82,82,82,707347882.74,707347882.74,100.0
9583,83,83,83,462279517.21,372483817.67,80.58
9584,84,84,84,832684759.77,520341369.7,62.49
9585,85,85,85,425048966.68,425048966.68,100.0
9586,86,86,86,471329920.04,437816964.64,92.89
9587,87,87,87,510714913.52,472700966.95,92.56
9588,88,88,88,532840383.48,532840383.48,100.0
9589,89,89,89,926102124.43,755193138.73,81.55
9590,90,90,90,79768520.87,39487798.83,49.5
9591,91,91,91,144253843.46,126179529.66,87.47
9592,92,92,92,731155667.76,541883421.57,74.11
9593,93,93,93,968965071.61,468131495.52,48.31
9594,94,94,94,938278039.58,327633220.53,34.92
9595,95,95,95,839845414.39,839845414.39,100.0
9596,96,96,96,856154263.72,751626622.13,87.79
9597,97,97,97,798261161.46,535886167.19,67.13
9598,98,98,98,149658704.89,147828518.36,98.78
9599,99,99,99,766285591.82,568438225.33,74.18
9600,100,100,100,506095869.96,318766076.6,62.99
9601,101,101,101,446973631.77,415932847.08,93.06
9602,102,102,102,273656978.41,238353320.87,87.1
9603,103,103,103,824219457.66,745838187.13,90.49
9604,104,104,104,120149719.52,46283821.24,38.52
9605,105,105,105,988104736.01,724516517.38,73.32
9606,106,106,106,740275498.95,487064020.46,65.79
9607,107,107,107,742162338.37,649683117.82,87.54
9608,108,108,108,67850975.2,63727670.95,93.92
9609,109,109,109,811298213.16,305026591.14,37.6
9610,110,110,110,892181967.85,892181967.85,100.0
9611,111,111,111,499530016.78,467460311.55,93.58
9612,112,112,112,430039521.5,399765168.91,92.96
9613,113,113,113,438676641.99,359966596.79,82.06
9614,114,114,114,517715334.25,436979096.95,84.41
9615,115,115,115,638967843.85,229587646.19,35.93
9616,116,116,116,757848265.7,559582649.32,73.84
9617,117,117,117,461908869.39,199407096.43,43.17
9618,118,118,118,609899232.86,574085529.01,94.13
9619,119,119,119,276143787.83,178996268.06,64.82
9620,120,120,120,335223644.49,335223644.49,100.0
9621,121,121,121,169391555.5,84144764.78,49.67
9622,122,122,122,182796773.51,124966052.88,68.36
9623,123,123,123,444392635.63,431212331.84,97.03
9624,124,124,124,383650280.75,313597399.57,81.74
9625,125,125,125,246602668.04,203208363.33,82.4
9626,126,126,126,761557189.9,761557189.9,100.0
9627,127,127,127,204456800.25,196898094.47,96.3
9628,128,128,128,969913231.74,911998577.1,94.03
9629,129,129,129,904906109.43,904906109.43,100.0
9630,130,130,130,936541139.71,870677680.69,92.97
9631,131,131,131,401223902.29,202874502.93,50.56
9632,132,132,132,615445261.93,512553030.92,83.28
9633,133,133,133,299787938.86,243256228.59,81.14
9634,134,134,134,971304510.15,754635290.21,77.69
9635,135,135,135,203591170.73,138571652.57,68.06
9636,136,136,136,730846021.78,517861921.96,70.86
9637,137,137,137,603927080.61,353435408.8,58.52
9638,138,138,138,981005681.4,670961127.38,68.4
9639,139,139,139,349949401.22,282506296.1,80.73
9640,140,140,140,545955729.78,426865525.71,78.19
9641,141,141,141,569383184.14,425530330.23,74.74
9642,142,142,142,943408682.62,447150423.73,47.4
9643,143,143,143,814553973.59,814553973.59,100.0
9644,144,144,144,496996971.77,150544242.67,30.29
9645,145,145,145,608131465.74,339568718.17,55.84
9646,146,146,146,608902374.45,514461976.7,84.49
9647,147,147,147,646359876.93,435211748.25,67.33
9648,148,148,148,312084478.43,179861113.13,57.63
9649,149,149,149,194182707.04,116087585.84,59.78
9650,150,150,150,402112616.97,192511327.29,47.87
9651,151,151,151,19218943.76,12066489.47,62.78
9652,152,152,152,167732053.9,83042951.19,49.51
9653,153,153,153,189652633.52,144160152.73,76.01
9654,154,154,154,468795558.47,303585926.39,64.76
9655,155,155,155,16817554.9,10919601.1,64.93
9656,156,156,156,233821284.65,92979447.69,39.77
9657,157,157,157,26908646.14,11114279.39,41.3
9658,158,158,158,838028484.62,640357268.88,76.41
9659,159,159,159,913790925.01,381380731.38,41.74
9660,160,160,160,378614836.23,341766384.91,90.27
9661,161,161,161,766295065.38,431150093.73,56.26
9662,162,162,162,131115981.63,118619446.37,90.47
9663,163,163,163,989004305.59,741585609.08,74.98
9664,164,164,164,232001521.99,158530098.79,68.33
9665,165,165,165,582567535.88,458936356.09,78.78
9666,166,166,166,799732262.18,788089817.62,98.54
9667,167,167,167,548284823.35,279294604.39,50.94
9668,168,168,168,703049405.97,421308321.51,59.93
9669,169,169,169,93421928.64,51981401.45,55.64
9670,170,170,170,152584003.39,143852215.5,94.28
9671,171,171,171,375465492.98,288135881.63,76.74
9672,172,172,172,233206561.42,137489982.39,58.96
9673,173,173,173,988006690.7,406341331.89,41.13
9674,174,174,174,439750972.2,284753930.76,64.75
9675,175,175,175,161765244.8,73040500.12,45.15
9676,176,176,176,100537515.23,57924295.03,57.61
9677,177,177,177,969658861.17,504557479.28,52.03
9678,178,178,178,142080020.25,45766521.07,32.21
9679,179,179,179,287618056.48,287618056.48,100.0
9680,180,180,180,714512644.56,359796111.28,50.36
9681,181,181,181,881145640.77,662116659.78,75.14
9682,182,182,182,217954388.74,116231821.48,53.33
9683,183,183,183,811627281.5,479752125.72,59.11
9684,184,184,184,905141612.86,869011947.51,96.01
9685,185,185,185,708085251.33,622635878.15,87.93
9686,186,186,186,542327339.67,542327339.67,100.0
9687,187,187,187,576135457.95,313629865.1,54.44
9688,188,188,188,305546199.61,256922260.04,84.09
9689,189,189,189,834291381.94,716217812.32,85.85
9690,190,190,190,845516265.75,845516265.75,100.0
9691,191,191,191,420169302.09,414723549.44,98.7
9692,192,192,192,727452505.16,269573373.15,37.06
9693,193,193,193,995597129.21,900590393.88,90.46
9694,194,194,194,662175862.89,499183626.4,75.39
9695,195,195,195,377038892.51,229584257.34,60.89
9696,196,196,196,389138873.91,255654208.58,65.7
9697,197,197,197,713117370.66,573613787.3,80.44
9698,198,198,198,105179163.53,69445633.8,66.03
9699,199,199,199,753166326.91,258748125.16,34.35
9700,200,200,200,511529773.45,201439537.03,39.38
9701,201,201,201,520251932.55,163429643.75,31.41
9702,202,202,202,170768643.63,110057837.32,64.45
9703,203,203,203,275368581.47,195981115.96,71.17
9704,204,204,204,248632417.3,112631870.98,45.3
9705,205,205,205,829738788.56,782188791.22,94.27
9706,206,206,206,676265728.15,676207015.34,99.99
9707,207,207,207,77734676.1,37035299.72,47.64
9708,208,208,208,479786764.33,453505671.69,94.52
9709,209,209,209,417129524.48,383179171.1,91.86
9710,210,210,210,163559509.23,163559509.23,100.0
9711,211,211,211,910842284.5,723834010.28,79.47
9712,212,212,212,411577127.69,388958266.29,94.5
9713,213,213,213,618669779.7,535489959.38,86.56
9714,214,214,214,427276375.02,354853776.39,83.05
9715,215,215,215,16149556.61,9325481.84,57.74
9716,216,216,216,874623158.58,702504536.37,80.32
9717,217,217,217,509065920.03,343216846.98,67.42
9718,218,218,218,570667893.0,522275632.52,91.52
9719,219,219,219,859345134.09,405761853.31,47.22
9720,220,220,220,832229672.12,832229672.12,100.0
9721,221,221,221,191961029.22,184960619.38,96.35
9722,222,222,222,716690230.31,345492897.67,48.21
9723,223,223,223,170810736.91,169077605.94,98.99
9724,224,224,224,862082261.9,862082261.9,100.0
9725,225,225,225,844973195.75,632781220.11,74.89
9726,226,226,226,359659273.52,132615679.96,36.87
9727,227,227,227,761760988.95,761760988.95,100.0
9728,228,228,228,289779405.7,162758400.85,56.17
9729,229,229,229,842274692.36,500627039.49,59.44
9730,230,230,230,639368657.44,639368657.44,100.0
9731,231,231,231,46909894.6,24102092.97,51.38
9732,232,232,232,390227111.25,322265006.66,82.58
9733,233,233,233,893818575.49,463824728.82,51.89
9734,234,234,234,480276614.2,475601426.88,99.03
9735,235,235,235,626937897.81,550318796.81,87.78
9736,236,236,236,713365433.59,713365433.59,100.0
9737,237,237,237,561678127.21,223743370.52,39.83
9738,238,238,238,398771183.08,192406534.93,48.25
9739,239,239,239,857669107.74,605220217.69,70.57
9740,240,240,240,851877218.28,629673358.11,73.92
9741,241,241,241,476721566.83,476721566.83,100.0
9742,242,242,242,407160472.4,375738987.04,92.28
9743,243,243,243,226855049.53,147423124.37,64.99
9744,244,244,244,677280527.47,396849971.95,58.59
9745,245,245,245,963804134.65,673516684.2,69.88
9746,246,246,246,274673141.79,241469190.59,87.91
9747,247,247,247,501773968.8,303238565.1,60.43
9748,248,248,248,408201566.43,275193973.21,67.42
9749,249,249,249,659504518.29,659504518.29,100.0
9750,250,250,250,189718811.54,163388342.53,86.12
9751,1,1,1,559864427.59,213991556.14,38.22
9752,2,2,2,897580624.43,452613498.66,50.43
9753,3,3,3,97711525.15,81213658.79,83.12
9754,4,4,4,325336859.47,131329525.53,40.37
9755,5,5,5,80984572.98,66821893.23,82.51
9756,6,6,6,552225854.43,248025271.18,44.91
9757,7,7,7,875872387.02,599398818.7,68.43
9758,8,8,8,557221610.57,243277737.16,43.66
9759,9,9,9,850669530.81,646427957.63,75.99
9760,10,10,10,162815788.3,110922186.43,68.13
9761,11,11,11,43601267.98,23586597.84,54.1
9762,12,12,12,794635480.65,794635480.65,100.0
9763,13,13,13,180900983.43,96021309.38,53.08
9764,14,14,14,792843678.82,453393074.62,57.19
9765,15,15,15,732461011.71,732461011.71,100.0
9766,16,16,16,982889466.62,692921961.25,70.5
9767,17,17,17,70429761.49,21510366.42,30.54
9768,18,18,18,538501525.02,295715162.41,54.91
9769,19,19,19,727328907.09,412779927.16,56.75
9770,20,20,20,211214138.0,211214138.0,100.0
9771,21,21,21,496767219.61,324958099.52,65.41
9772,22,22,22,148035206.27,148035206.27,100.0
9773,23,23,23,213760477.1,209891924.28,98.19
9774,24,24,24,69572678.75,44786894.58,64.37
9775,25,25,25,119165280.49,92370879.81,77.51
9776,26,26,26,367181110.92,247270183.88,67.34
9777,27,27,27,241833137.5,134443233.7,55.59
9778,28,28,28,565374219.11,334959521.77,59.25
9779,29,29,29,318074675.19,318074675.19,100.0
9780,30,30,30,278143136.42,165773477.7,59.6
9781,31,31,31,371682338.15,263206927.75,70.82
9782,32,32,32,227939530.13,181292761.8,79.54
9783,33,33,33,114282683.31,114282683.31,100.0
9784,34,34,34,808373886.12,553825979.73,68.51
9785,35,35,35,58327319.31,58327319.31,100.0
9786,36,36,36,673081093.29,339657692.76,50.46
9787,37,37,37,830736114.91,702377941.13,84.55
9788,38,38,38,505884062.87,284952500.73,56.33
9789,39,39,39,533145815.95,341193281.46,64.0
9790,40,40,40,306900410.72,115382330.67,37.6
9791,41,41,41,114748959.04,53745646.89,46.84
9792,42,42,42,82997318.22,54986894.8,66.25
9793,43,43,43,108233377.06,96819202.04,89.45
9794,44,44,44,256992330.61,207800647.86,80.86
9795,45,45,45,367888631.93,156831303.61,42.63
9796,46,46,46,446631243.39,252833234.49,56.61
9797,47,47,47,170874942.47,77334310.84,45.26
9798,48,48,48,498667065.27,372806419.19,74.76
9799,49,49,49,219401164.69,151324042.55,68.97
9800,50,50,50,737756597.28,392249564.37,53.17
9801,51,51,51,278702251.87,278702251.87,100.0
9802,52,52,52,145265901.42,129965742.29,89.47
9803,53,53,53,830189751.71,688317020.34,82.91
9804,54,54,54,749135744.43,584893627.53,78.08
9805,55,55,55,221093459.75,186003071.14,84.13
9806,56,56,56,797443793.86,797443793.86,100.0
9807,57,57,57,266019350.06,133545643.15,50.2
9808,58,58,58,615918081.57,615918081.57,100.0
9809,59,59,59,737454649.84,432457037.36,58.64
9810,60,60,60,878221456.88,449490806.28,51.18
9811,61,61,61,15601665.89,11927501.54,76.45
9812,62,62,62,989552569.23,348318277.11,35.2
9813,63,63,63,175564182.48,130495917.92,74.33
9814,64,64,64,719535418.25,516956376.52,71.85
9815,65,65,65,827960322.57,529896143.12,64.0
9816,66,66,66,447679960.72,268256489.88,59.92
9817,67,67,67,539855013.24,422189539.52,78.2
9818,68,68,68,241244369.94,177920182.53,73.75
9819,69,69,69,346270099.75,346270099.75,100.0
9820,70,70,70,63144070.21,35234311.07,55.8
9821,71,71,71,157675543.5,57785352.73,36.65
9822,72,72,72,596997178.27,191276250.05,32.04
9823,73,73,73,197164291.52,116767705.24,59.22
9824,74,74,74,657630568.49,612751117.59,93.18
9825,75,75,75,264028434.89,189419096.36,71.74
9826,76,76,76,468729493.36,468729493.36,100.0
9827,77,77,77,188556461.92,114829526.43,60.9
9828,78,78,78,501346410.17,275052203.76,54.86
9829,79,79,79,113945451.4,113945451.4,100.0
9830,80,80,80,173788579.24,173788579.24,100.0
9831,81,81,81,685811392.99,553412162.56,80.69
9832,82,82,82,538096890.8,538096890.8,100.0
9833,83,83,83,858092441.46,440689934.14,51.36
9834,84,84,84,948978839.98,369829492.34,38.97
9835,85,85,85,159315398.39,84883101.97,53.28
9836,86,86,86,359811269.49,151890397.42,42.21
9837,87,87,87,770315879.29,486092057.3,63.1
9838,88,88,88,112726043.93,48291521.02,42.84
9839,89,89,89,453268883.04,144070453.31,31.78
9840,90,90,90,168665662.77,128480929.25,76.17
9841,91,91,91,559212208.1,250959454.03,44.88
9842,92,92,92,676300456.6,339012534.56,50.13
9843,93,93,93,991448420.94,317576293.3,32.03
9844,94,94,94,737379134.6,737379134.6,100.0
9845,95,95,95,561901215.47,272232875.06,48.45
9846,96,96,96,122080630.9,102446959.29,83.92
9847,97,97,97,119644514.1,74587052.2,62.34
9848,98,98,98,289714943.96,162381629.03,56.05
9849,99,99,99,12213189.99,12213189.99,100.0
9850,100,100,100,571759610.57,239087856.73,41.82
9851,101,101,101,653263222.9,533804804.78,81.71
9852,102,102,102,430097135.91,212737738.55,49.46
9853,103,103,103,537596308.12,537596308.12,100.0
9854,104,104,104,416381821.09,129167689.65,31.02
9855,105,105,105,85431624.87,44512890.22,52.1
9856,106,106,106,871821662.69,641925580.71,73.63
9857,107,107,107,768223201.5,394553216.35,51.36
9858,108,108,108,407910827.67,361786080.54,88.69
9859,109,109,109,623352396.24,623352396.24,100.0
9860,110,110,110,222287427.83,194725353.13,87.6
9861,111,111,111,538992548.74,309037654.0,57.34
9862,112,112,112,877407073.92,507414401.49,57.83
9863,113,113,113,18710333.53,13257947.08,70.86
9864,114,114,114,358169708.45,176840871.24,49.37
9865,115,115,115,69843302.02,46930109.72,67.19
9866,116,116,116,173416184.18,134286897.18,77.44
9867,117,117,117,121719250.48,60499813.42,49.7
9868,118,118,118,634946005.04,634946005.04,100.0
9869,119,119,119,284708912.62,282151598.1,99.1
9870,120,120,120,135390133.82,92379578.03,68.23
9871,121,121,121,210164686.28,112600456.66,53.58
9872,122,122,122,560254241.47,465933470.71,83.16
9873,123,123,123,438285078.65,194719070.69,44.43
9874,124,124,124,359005483.48,274143837.79,76.36
9875,125,125,125,825808035.04,476703880.04,57.73
9876,126,126,126,101621308.81,73086305.77,71.92
9877,127,127,127,172515396.07,58525831.47,33.92
9878,128,128,128,743804158.12,605399710.45,81.39
9879,129,129,129,948482527.68,467575437.81,49.3
9880,130,130,130,858731301.39,291062924.1,33.89
9881,131,131,131,722181916.58,436712725.16,60.47
9882,132,132,132,124506790.44,113657071.33,91.29
9883,133,133,133,994417645.9,376194102.21,37.83
9884,134,134,134,515970645.23,207917595.02,40.3
9885,135,135,135,954663368.37,838313143.11,87.81
9886,136,136,136,250727213.59,172266756.6,68.71
9887,137,137,137,193785939.01,165343191.4,85.32
9888,138,138,138,835942070.67,835942070.67,100.0
9889,139,139,139,353798715.39,197484414.41,55.82
9890,140,140,140,387525344.69,132453158.55,34.18
9891,141,141,141,146595356.55,88693174.23,60.5
9892,142,142,142,850917511.54,481844317.22,56.63
9893,143,143,143,588209186.61,588209186.61,100.0
9894,144,144,144,299797830.04,168652639.62,56.26
9895,145,145,145,591801804.62,316966117.51,53.56
9896,146,146,146,301903711.26,245897978.51,81.45
9897,147,147,147,770711754.55,517645153.95,67.16
9898,148,148,148,153001281.06,65925130.98,43.09
9899,149,149,149,366998846.34,231678195.33,63.13
9900,150,150,150,947316939.91,947316939.91,100.0
9901,151,151,151,790816241.46,284974749.25,36.04
9902,152,152,152,874466736.06,504788586.72,57.73
9903,153,153,153,322965673.73,151738182.82,46.98
9904,154,154,154,645789434.35,473883535.07,73.38
9905,155,155,155,69523174.37,51537920.32,74.13
9906,156,156,156,652299375.87,517516980.72,79.34
9907,157,157,157,229677946.08,228423902.23,99.45
9908,158,158,158,187019443.63,65524203.12,35.04
9909,159,159,159,355689083.1,214417029.17,60.28
9910,160,160,160,640689953.69,423402580.21,66.09
9911,161,161,161,79856631.65,72691332.87,91.03
9912,162,162,162,396802153.21,169144844.86,42.63
9913,163,163,163,260136984.46,201437247.22,77.44
9914,164,164,164,711940274.92,689829933.06,96.89
9915,165,165,165,879531098.45,533924619.08,60.71
9916,166,166,166,392963741.6,392963741.6,100.0
9917,167,167,167,433943251.79,130241544.1,30.01
9918,168,168,168,891149667.84,816852111.56,91.66
9919,169,169,169,56286430.61,56286430.61,100.0
9920,170,170,170,724719830.18,573645650.91,79.15
9921,171,171,171,955330252.83,322206100.54,33.73
9922,172,172,172,502654562.47,364953778.18,72.61
9923,173,173,173,85399467.94,31180737.06,36.51
9924,174,174,174,452631520.8,412118336.14,91.05
9925,175,175,175,541022924.39,246053015.54,45.48
9926,176,176,176,217649645.26,125029452.55,57.45
9927,177,177,177,578162042.3,554219163.33,95.86
9928,178,178,178,156887736.48,155898799.94,99.37
9929,179,179,179,221780733.37,221780733.37,100.0
9930,180,180,180,920189606.6,478462357.11,52.0
9931,181,181,181,26887954.72,9052375.82,33.67
9932,182,182,182,776212792.67,776212792.67,100.0
9933,183,183,183,576291113.18,400100099.08,69.43
9934,184,184,184,144187489.97,63814023.13,44.26
9935,185,185,185,992377637.22,992377637.22,100.0
9936,186,186,186,279002696.68,195363551.45,70.02
9937,187,187,187,200484388.39,102848365.4,51.3
9938,188,188,188,255009091.38,240948245.69,94.49
9939,189,189,189,479964034.51,372552370.57,77.62
9940,190,190,190,673500112.13,270217391.91,40.12
9941,191,191,191,389485158.17,277257713.14,71.19
9942,192,192,192,590710635.32,250854052.83,42.47
9943,193,193,193,758712187.31,739862729.52,97.52
9944,194,194,194,345812578.75,323211853.22,93.46
9945,195,195,195,902457832.09,687933336.8,76.23
9946,196,196,196,951108405.43,951108405.43,100.0
9947,197,197,197,817466063.98,815601024.1,99.77
9948,198,198,198,230190881.45,211347829.79,91.81
9949,199,199,199,493133362.41,366000568.34,74.22
9950,200,200,200,268736354.17,162474108.43,60.46
9951,201,201,201,799982449.1,386554371.48,48.32
9952,202,202,202,184526022.0,76912316.52,41.68
9953,203,203,203,295950758.44,294317494.31,99.45
9954,204,204,204,282458296.08,232005323.46,82.14
9955,205,205,205,937141879.88,838220834.91,89.44
9956,206,206,206,856344328.33,300527987.7,35.09
9957,207,207,207,464142543.31,235976400.18,50.84
9958,208,208,208,967846763.56,459394557.28,47.47
9959,209,209,209,319813148.53,242449204.6,75.81
9960,210,210,210,673035744.28,349241568.19,51.89
9961,211,211,211,127990413.99,113648708.67,88.79
9962,212,212,212,125175805.53,73080721.29,58.38
9963,213,213,213,278586324.02,176301233.97,63.28
9964,214,214,214,902101354.5,725513938.28,80.42
9965,215,215,215,505792436.87,502093957.09,99.27
9966,216,216,216,248927301.76,186052348.3,74.74
9967,217,217,217,360841373.93,257542556.2,71.37
9968,218,218,218,134869862.22,96661699.11,71.67
9969,219,219,219,430675416.78,167719284.79,38.94
9970,220,220,220,401593435.76,265297113.63,66.06
9971,221,221,221,691680464.21,464496506.83,67.15
9972,222,222,222,811749649.99,514051234.57,63.33
9973,223,223,223,696396611.56,219686386.37,31.55
9974,224,224,224,151409269.06,132668159.36,87.62
9975,225,225,225,334810590.41,196264161.28,58.62
9976,226,226,226,334653452.66,334653452.66,100.0
9977,227,227,227,995096203.96,778655450.6,78.25
9978,228,228,228,795390266.47,719390348.43,90.44
9979,229,229,229,267386003.99,127018017.68,47.5
9980,230,230,230,120656956.86,109807591.2,91.01
9981,231,231,231,427204097.81,416455492.97,97.48
9982,232,232,232,207214929.44,96479481.95,46.56
9983,233,233,233,699946470.13,426280460.06,60.9
9984,234,234,234,990638797.93,347029188.57,35.03
9985,235,235,235,143272889.55,85735181.76,59.84
9986,236,236,236,13878657.88,11475042.89,82.68
9987,237,237,237,860238374.87,775705898.45,90.17
9988,238,238,238,873608742.41,292869179.2,33.52
9989,239,239,239,759528571.02,759528571.02,100.0
9990,240,240,240,706387227.9,353068283.8,49.98
9991,241,241,241,328493058.63,244962768.21,74.57
9992,242,242,242,164078481.8,70084617.67,42.71
9993,243,243,243,451819076.73,324776917.57,71.88
9994,244,244,244,194874231.23,171447795.38,87.98
9995,245,245,245,535467986.55,531302622.98,99.22
9996,246,246,246,361217296.69,338914216.38,93.83
9997,247,247,247,589209619.42,236680873.38,40.17
9998,248,248,248,985293493.93,646410340.54,65.61
9999,249,249,249,228455500.33,119175793.64,52.17
10000,250,250,250,617164194.14,323362926.53,52.39