ID_Fakta_Trans,ID_Waktu,ID_Akun,ID_Unit,ID_Vendor,ID_Sumber,ID_Transaksi_OT,Nilai_Debit,Nilai_Kredit
1,1,1,1,VN00001,1,TRX00001,0.0,663142385.31
2,2,2,2,VN00002,2,TRX00002,286139334.95,0.0
3,3,3,3,VN00003,3,TRX00003,0.0,823654384.23
4,4,4,4,VN00004,4,TRX00004,551314769.08,0.0
5,5,5,5,VN00005,5,TRX00005,0.0,175591020.63
6,6,6,6,VN00006,6,TRX00006,423106460.12,0.0
7,7,7,7,VN00007,7,TRX00007,0.0,677608982.63
8,8,8,8,VN00008,8,TRX00008,684829738.58,0.0
9,9,9,9,VN00009,9,TRX00009,480931901.48,0.0
10,10,10,10,VN00010,10,TRX00010,0.0,352960278.62
11,11,11,11,VN00011,11,TRX00011,0.0,366589745.21
12,12,12,12,VN00012,12,TRX00012,0.0,545974303.77
13,13,13,13,VN00013,13,TRX00013,0.0,497147901.42
14,14,14,14,VN00014,14,TRX00014,59677896.61,0.0
15,15,15,15,VN00015,15,TRX00015,0.0,908374827.74
16,16,16,16,VN00016,16,TRX00016,737995405.73,0.0
17,17,17,17,VN00017,17,TRX00017,0.0,149207001.0
18,18,18,18,VN00018,18,TRX00018,0.0,91953763.23
19,19,19,19,VN00019,19,TRX00019,0.0,126036195.51
20,20,20,20,VN00020,20,TRX00020,0.0,474663386.01
21,21,21,21,VN00021,21,TRX00021,634400958.55,0.0
22,22,22,22,VN00022,22,TRX00022,849431794.08,0.0
23,23,23,23,VN00023,23,TRX00023,724455324.86,0.0
24,24,24,24,VN00024,24,TRX00024,611023510.68,0.0
25,25,25,25,VN00025,25,TRX00025,722443382.57,0.0
26,26,26,26,VN00026,26,TRX00026,322958913.85,0.0
27,27,27,27,VN00027,27,TRX00027,361788655.62,0.0
28,28,28,28,VN00028,28,TRX00028,0.0,66279440.59
29,29,29,29,VN00029,29,TRX00029,0.0,265780091.88
30,30,30,30,VN00030,30,TRX00030,0.0,124728253.96
31,31,31,31,VN00031,31,TRX00031,92104939.95,0.0
32,32,32,32,VN00032,32,TRX00032,433701172.68,0.0
33,33,33,33,VN00033,33,TRX00033,430862763.33,0.0
34,34,34,34,VN00034,34,TRX00034,493685097.65,0.0
35,35,35,35,VN00035,35,TRX00035,0.0,296256190.69
36,36,36,36,VN00036,36,TRX00036,312261222.97,0.0
37,37,37,37,VN00037,37,TRX00037,426351306.96,0.0
38,38,38,38,VN00038,38,TRX00038,0.0,724324898.83
39,39,39,39,VN00039,39,TRX00039,944160018.2,0.0
40,40,40,40,VN00040,40,TRX00040,501836675.88,0.0
41,41,41,41,VN00041,41,TRX00041,0.0,284227408.0
42,42,42,42,VN00042,42,TRX00042,0.0,273274042.69
43,43,43,43,VN00043,43,TRX00043,317285481.82,0.0
44,44,44,44,VN00044,44,TRX00044,414826211.95,0.0
45,45,45,45,VN00045,45,TRX00045,0.0,976117480.11
46,46,46,46,VN00046,46,TRX00046,250455365.4,0.0
47,47,47,47,VN00047,47,TRX00047,0.0,206248322.6
48,48,48,48,VN00048,48,TRX00048,985559785.61,0.0
49,49,49,49,VN00049,49,TRX00049,0.0,635474693.19
50,50,50,50,VN00050,50,TRX00050,612894525.76,0.0
51,51,51,51,VN00051,51,TRX00051,120628665.99,0.0
52,52,52,52,VN00052,52,TRX00052,826340800.51,0.0
53,53,53,53,VN00053,53,TRX00053,603060128.41,0.0
54,54,54,54,VN00054,54,TRX00054,0.0,131555135.37
55,55,55,55,VN00055,55,TRX00055,342763833.77,0.0
56,56,56,56,VN00056,56,TRX00056,0.0,924946351.85
57,57,57,57,VN00057,57,TRX00057,417022211.02,0.0
58,58,58,58,VN00058,58,TRX00058,681300765.79,0.0
59,59,59,59,VN00059,59,TRX00059,875456841.8,0.0
60,60,60,60,VN00060,60,TRX00060,510422337.48,0.0
61,61,61,61,VN00061,61,TRX00061,669313782.96,0.0
62,62,62,62,VN00062,62,TRX00062,0.0,69486849.96
63,63,63,63,VN00063,63,TRX00063,0.0,356628205.85
64,64,64,64,VN00064,64,TRX00064,0.0,630191187.91
65,65,65,65,VN00065,65,TRX00065,842342437.62,0.0
66,66,66,66,VN00066,66,TRX00066,0.0,298872117.88
67,67,67,67,VN00067,67,TRX00067,0.0,348675366.78
68,68,68,68,VN00068,68,TRX00068,243666374.54,0.0
69,69,69,69,VN00069,69,TRX00069,194222960.58,0.0
70,70,70,70,VN00070,70,TRX00070,572456957.49,0.0
71,71,71,71,VN00071,71,TRX00071,0.0,546748070.4
72,72,72,72,VN00072,72,TRX00072,0.0,400990346.44
73,73,73,73,VN00073,73,TRX00073,627248972.05,0.0
74,74,74,74,VN00074,74,TRX00074,723416358.19,0.0
75,75,75,75,VN00075,75,TRX00075,16129206.7,0.0
76,76,76,76,VN00076,76,TRX00076,594431879.45,0.0
77,77,77,77,VN00077,77,TRX00077,556785192.39,0.0
78,78,78,78,VN00078,78,TRX00078,0.0,738986077.41
79,79,79,79,VN00079,79,TRX00079,153070515.12,0.0
80,80,80,80,VN00080,80,TRX00080,695529528.77,0.0
81,81,81,81,VN00081,81,TRX00081,318766426.38,0.0
82,82,82,82,VN00082,82,TRX00082,0.0,892686749.79
83,83,83,83,VN00083,83,TRX00083,0.0,465193573.59
84,84,84,84,VN00084,84,TRX00084,388950574.12,0.0
85,85,85,85,VN00085,85,TRX00085,925132489.61,0.0
86,86,86,86,VN00086,86,TRX00086,841669996.91,0.0
87,87,87,87,VN00087,87,TRX00087,357397566.68,0.0
88,88,88,88,VN00088,88,TRX00088,43591463.8,0.0
89,89,89,89,VN00089,89,TRX00089,0.0,975002519.65
90,90,90,90,VN00090,90,TRX00090,0.0,78829955.37
91,91,91,91,VN00091,91,TRX00091,0.0,990449689.33
92,92,92,92,VN00092,92,TRX00092,0.0,702200436.66
93,93,93,93,VN00093,93,TRX00093,355914865.72,0.0
94,94,94,94,VN00094,94,TRX00094,0.0,477522525.84
95,95,95,95,VN00095,95,TRX00095,593176916.56,0.0
96,96,96,96,VN00096,96,TRX00096,0.0,572595017.34
97,97,97,97,VN00097,97,TRX00097,151127452.35,0.0
98,98,98,98,VN00098,98,TRX00098,0.0,465015437.18
99,99,99,99,VN00099,99,TRX00099,0.0,821487317.27
100,100,100,100,VN00100,100,TRX00100,343456014.05,0.0
101,101,101,101,VN00101,101,TRX00101,0.0,604660409.58
102,102,102,102,VN00102,102,TRX00102,0.0,15936612.76
103,103,103,103,VN00103,103,TRX00103,0.0,85061802.49
104,104,104,104,VN00104,104,TRX00104,0.0,951357814.04
105,105,105,105,VN00105,105,TRX00105,321980606.47,0.0
106,106,106,106,VN00106,106,TRX00106,661564336.67,0.0
107,107,107,107,VN00107,107,TRX00107,846506225.27,0.0
108,108,108,108,VN00108,108,TRX00108,553257344.8,0.0
109,109,109,109,VN00109,109,TRX00109,0.0,659724523.77
110,110,110,110,VN00110,110,TRX00110,0.0,692654624.66
111,111,111,111,VN00111,111,TRX00111,316787897.12,0.0
112,112,112,112,VN00112,112,TRX00112,354264675.59,0.0
113,113,113,113,VN00113,113,TRX00113,171081829.21,0.0
114,114,114,114,VN00114,114,TRX00114,829112634.5,0.0
115,115,115,115,VN00115,115,TRX00115,338670845.91,0.0
116,116,116,116,VN00116,116,TRX00116,0.0,43940284.33
117,117,117,117,VN00117,117,TRX00117,578551468.11,0.0
118,118,118,118,VN00118,118,TRX00118,521533059.4,0.0
119,119,119,119,VN00119,119,TRX00119,2688064.57,0.0
120,120,120,120,VN00120,120,TRX00120,988345419.28,0.0
121,121,121,121,VN00121,121,TRX00121,0.0,346333481.5
122,122,122,122,VN00122,122,TRX00122,207635861.2,0.0
123,123,123,123,VN00123,123,TRX00123,0.0,548765011.97
124,124,124,124,VN00124,124,TRX00124,0.0,665206659.6
125,125,125,125,VN00125,125,TRX00125,0.0,439071520.66
126,126,126,126,VN00126,126,TRX00126,0.0,705380698.11
127,127,127,127,VN00127,127,TRX00127,0.0,521850078.89
128,128,128,128,VN00128,128,TRX00128,564359042.92,0.0
129,129,129,129,VN00129,129,TRX00129,806968684.14,0.0
130,130,130,130,VN00130,130,TRX00130,0.0,405100914.56
131,131,131,131,VN00131,131,TRX00131,731073035.84,0.0
132,132,132,132,VN00132,132,TRX00132,161069014.43,0.0
133,133,133,133,VN00133,133,TRX00133,600698567.83,0.0
134,134,134,134,VN00134,134,TRX00134,865864458.3,0.0
135,135,135,135,VN00135,135,TRX00135,0.0,901905171.6
136,136,136,136,VN00136,136,TRX00136,79365790.38,0.0
137,137,137,137,VN00137,137,TRX00137,0.0,877745874.33
138,138,138,138,VN00138,138,TRX00138,204542859.55,0.0
139,139,139,139,VN00139,139,TRX00139,0.0,195434620.18
140,140,140,140,VN00140,140,TRX00140,0.0,183734237.22
141,141,141,141,VN00141,141,TRX00141,93326710.37,0.0
142,142,142,142,VN00142,142,TRX00142,296860775.48,0.0
143,143,143,143,VN00143,143,TRX00143,927584240.15,0.0
144,144,144,144,VN00144,144,TRX00144,569003731.43,0.0
145,145,145,145,VN00145,145,TRX00145,457411997.52,0.0
146,146,146,146,VN00146,146,TRX00146,753525990.8,0.0
147,147,147,147,VN00147,147,TRX00147,0.0,273569507.82
148,148,148,148,VN00148,148,TRX00148,0.0,582069038.39
149,149,149,149,VN00149,149,TRX00149,708697395.44,0.0
150,150,150,150,VN00150,150,TRX00150,839243347.81,0.0
151,151,151,151,VN00151,151,TRX00151,0.0,884567719.92
152,152,152,152,VN00152,152,TRX00152,780997938.0,0.0
153,153,153,153,VN00153,153,TRX00153,286536616.73,0.0
154,154,154,154,VN00154,154,TRX00154,306469753.33,0.0
155,155,155,155,VN00155,155,TRX00155,665261465.35,0.0
156,156,156,156,VN00156,156,TRX00156,111392171.61,0.0
157,157,157,157,VN00157,157,TRX00157,0.0,414964104.81
158,158,158,158,VN00158,158,TRX00158,0.0,594602556.31
159,159,159,159,VN00159,159,TRX00159,696311268.24,0.0
160,160,160,160,VN00160,160,TRX00160,0.0,957164209.03
161,161,161,161,VN00161,161,TRX00161,0.0,899715484.19
162,162,162,162,VN00162,162,TRX00162,765096095.24,0.0
163,163,163,163,VN00163,163,TRX00163,565642001.23,0.0
164,164,164,164,VN00164,164,TRX00164,0.0,749093633.02
165,165,165,165,VN00165,165,TRX00165,582671087.86,0.0
166,166,166,166,VN00166,166,TRX00166,0.0,509320578.12
167,167,167,167,VN00167,167,TRX00167,337066383.45,0.0
168,168,168,168,VN00168,168,TRX00168,927576579.58,0.0
169,169,169,169,VN00169,169,TRX00169,750717000.34,0.0
170,170,170,170,VN00170,170,TRX00170,0.0,499216762.47
171,171,171,171,VN00171,171,TRX00171,751643988.79,0.0
172,172,172,172,VN00172,172,TRX00172,0.0,904666044.75
173,173,173,173,VN00173,173,TRX00173,0.0,761315797.68
174,174,174,174,VN00174,174,TRX00174,821504113.2,0.0
175,175,175,175,VN00175,175,TRX00175,909871659.61,0.0
176,176,176,176,VN00176,176,TRX00176,128631197.51,0.0
177,177,177,177,VN00177,177,TRX00177,81780087.09,0.0
178,178,178,178,VN00178,178,TRX00178,0.0,17533327.58
179,179,179,179,VN00179,179,TRX00179,0.0,96683413.7
180,180,180,180,VN00180,180,TRX00180,0.0,612760929.96
181,181,181,181,VN00181,181,TRX00181,0.0,514068302.07
182,182,182,182,VN00182,182,TRX00182,0.0,241927477.15
183,183,183,183,VN00183,183,TRX00183,201399501.38,0.0
184,184,184,184,VN00184,184,TRX00184,0.0,755833796.11
185,185,185,185,VN00185,185,TRX00185,0.0,714626402.68
186,186,186,186,VN00186,186,TRX00186,0.0,154068170.86
187,187,187,187,VN00187,187,TRX00187,0.0,314970566.62
188,188,188,188,VN00188,188,TRX00188,0.0,991317112.62
189,189,189,189,VN00189,189,TRX00189,0.0,564428828.44
190,190,190,190,VN00190,190,TRX00190,582175459.15,0.0
191,191,191,191,VN00191,191,TRX00191,206095727.45,0.0
192,192,192,192,VN00192,192,TRX00192,717757562.28,0.0
193,193,193,193,VN00193,193,TRX00193,0.0,674762725.79
194,194,194,194,VN00194,194,TRX00194,0.0,205939888.15
195,195,195,195,VN00195,195,TRX00195,29319722.89,0.0
196,196,196,196,VN00196,196,TRX00196,635900359.35,0.0
197,197,197,197,VN00197,197,TRX00197,32197934.94,0.0
198,198,198,198,VN00198,198,TRX00198,744780655.14,0.0
199,199,199,199,VN00199,199,TRX00199,0.0,321297523.93
200,200,200,200,VN00200,200,TRX00200,0.0,724664840.46
201,201,201,201,VN00201,201,TRX00201,542635925.79,0.0
202,202,202,202,VN00202,202,TRX00202,0.0,543939841.52
203,203,203,203,VN00203,203,TRX00203,0.0,956489212.09
204,204,204,204,VN00204,204,TRX00204,996086327.37,0.0
205,205,205,205,VN00205,205,TRX00205,769397337.07,0.0
206,206,206,206,VN00206,206,TRX00206,0.0,735034211.26
207,207,207,207,VN00207,207,TRX00207,0.0,298264974.86
208,208,208,208,VN00208,208,TRX00208,699834074.77,0.0
209,209,209,209,VN00209,209,TRX00209,0.0,469203922.83
210,210,210,210,VN00210,210,TRX00210,0.0,665882201.6
211,211,211,211,VN00211,211,TRX00211,792299301.84,0.0
212,212,212,212,VN00212,212,TRX00212,518716590.89,0.0
213,213,213,213,VN00213,213,TRX00213,425867694.2,0.0
214,214,214,214,VN00214,214,TRX00214,0.0,976151399.99
215,215,215,215,VN00215,215,TRX00215,411569223.21,0.0
216,216,216,216,VN00216,216,TRX00216,0.0,901929996.15
217,217,217,217,VN00217,217,TRX00217,181628842.67,0.0
218,218,218,218,VN00218,218,TRX00218,0.0,137506090.09
219,219,219,219,VN00219,219,TRX00219,845532996.56,0.0
220,220,220,220,VN00220,220,TRX00220,186903748.93,0.0
221,221,221,221,VN00221,221,TRX00221,0.0,218316625.91
222,222,222,222,VN00222,222,TRX00222,0.0,847001469.8
223,223,223,223,VN00223,223,TRX00223,236599811.71,0.0
224,224,224,224,VN00224,224,TRX00224,0.0,870647366.46
225,225,225,225,VN00225,225,TRX00225,918397467.81,0.0
226,226,226,226,VN00226,226,TRX00226,0.0,214460448.65
227,227,227,227,VN00227,227,TRX00227,463652724.89,0.0
228,228,228,228,VN00228,228,TRX00228,0.0,274530739.68
229,229,229,229,VN00229,229,TRX00229,313668950.05,0.0
230,230,230,230,VN00230,230,TRX00230,47339537.24,0.0
231,231,231,231,VN00231,231,TRX00231,241685637.25,0.0
232,232,232,232,VN00232,232,TRX00232,95529641.56,0.0
233,233,233,233,VN00233,233,TRX00233,238249905.71,0.0
234,234,234,234,VN00234,234,TRX00234,0.0,562872016.14
235,235,235,235,VN00235,235,TRX00235,894978287.89,0.0
236,236,236,236,VN00236,236,TRX00236,43222892.08,0.0
237,237,237,237,VN00237,237,TRX00237,301946836.26,0.0
238,238,238,238,VN00238,238,TRX00238,0.0,730093864.65
239,239,239,239,VN00239,239,TRX00239,0.0,281235043.46
240,240,240,240,VN00240,240,TRX00240,0.0,284084498.96
241,241,241,241,VN00241,241,TRX00241,5545408.41,0.0
242,242,242,242,VN00242,242,TRX00242,0.0,323557135.45
243,243,243,243,VN00243,243,TRX00243,988328534.62,0.0
244,244,244,244,VN00244,244,TRX00244,375185527.48,0.0
245,245,245,245,VN00245,245,TRX00245,97038158.64,0.0
246,246,246,246,VN00246,246,TRX00246,461908761.57,0.0
247,247,247,247,VN00247,247,TRX00247,0.0,556488745.29
248,248,248,248,VN00248,248,TRX00248,0.0,200952725.46
249,249,249,249,VN00249,249,TRX00249,0.0,575894574.05
250,250,250,250,VN00250,250,TRX00250,798846331.21,0.0
251,1,1,1,VN00001,1,TRX00251,0.0,259041175.0
252,2,2,2,VN00002,2,TRX00252,443367701.8,0.0
253,3,3,3,VN00003,3,TRX00253,715601275.15,0.0
254,4,4,4,VN00004,4,TRX00254,0.0,401775659.76
255,5,5,5,VN00005,5,TRX00255,0.0,892385131.92
256,6,6,6,VN00006,6,TRX00256,967494306.81,0.0
257,7,7,7,VN00007,7,TRX00257,650750366.48,0.0
258,8,8,8,VN00008,8,TRX00258,865459851.52,0.0
259,9,9,9,VN00009,9,TRX00259,0.0,853400373.55
260,10,10,10,VN00010,10,TRX00260,0.0,126946420.03
261,11,11,11,VN00011,11,TRX00261,0.0,43538829.53
262,12,12,12,VN00012,12,TRX00262,0.0,27347691.31
263,13,13,13,VN00013,13,TRX00263,0.0,874040904.88
264,14,14,14,VN00014,14,TRX00264,0.0,73466295.95
265,15,15,15,VN00015,15,TRX00265,0.0,574942952.1
266,16,16,16,VN00016,16,TRX00266,214011914.91,0.0
267,17,17,17,VN00017,17,TRX00267,0.0,699541043.79
268,18,18,18,VN00018,18,TRX00268,232479785.6,0.0
269,19,19,19,VN00019,19,TRX00269,0.0,276199713.39
270,20,20,20,VN00020,20,TRX00270,634442267.9,0.0
271,21,21,21,VN00021,21,TRX00271,0.0,557838081.93
272,22,22,22,VN00022,22,TRX00272,0.0,298734102.43
273,23,23,23,VN00023,23,TRX00273,5942843.72,0.0
274,24,24,24,VN00024,24,TRX00274,365719125.93,0.0
275,25,25,25,VN00025,25,TRX00275,533885981.7,0.0
276,26,26,26,VN00026,26,TRX00276,0.0,289771203.52
277,27,27,27,VN00027,27,TRX00277,0.0,646646547.96
278,28,28,28,VN00028,28,TRX00278,0.0,583097205.23
279,29,29,29,VN00029,29,TRX00279,0.0,156053072.28
280,30,30,30,VN00030,30,TRX00280,26196605.25,0.0
281,31,31,31,VN00031,31,TRX00281,0.0,5972338.55
282,32,32,32,VN00032,32,TRX00282,0.0,768993867.81
283,33,33,33,VN00033,33,TRX00283,0.0,441834068.47
284,34,34,34,VN00034,34,TRX00284,777162461.57,0.0
285,35,35,35,VN00035,35,TRX00285,0.0,391876029.33
286,36,36,36,VN00036,36,TRX00286,0.0,67617368.23
287,37,37,37,VN00037,37,TRX00287,0.0,440354744.05
288,38,38,38,VN00038,38,TRX00288,0.0,853404097.0
289,39,39,39,VN00039,39,TRX00289,710161651.32,0.0
290,40,40,40,VN00040,40,TRX00290,958509743.02,0.0
291,41,41,41,VN00041,41,TRX00291,0.0,491990687.58
292,42,42,42,VN00042,42,TRX00292,0.0,152132198.83
293,43,43,43,VN00043,43,TRX00293,355957667.97,0.0
294,44,44,44,VN00044,44,TRX00294,929763652.9,0.0
295,45,45,45,VN00045,45,TRX00295,148777656.24,0.0
296,46,46,46,VN00046,46,TRX00296,940029014.93,0.0
297,47,47,47,VN00047,47,TRX00297,832716197.28,0.0
298,48,48,48,VN00048,48,TRX00298,846054838.2,0.0
299,49,49,49,VN00049,49,TRX00299,0.0,497513471.45
300,50,50,50,VN00050,50,TRX00300,0.0,662393991.53
301,51,51,51,VN00051,51,TRX00301,16392480.88,0.0
302,52,52,52,VN00052,52,TRX00302,0.0,218518947.3
303,53,53,53,VN00053,53,TRX00303,0.0,747590156.05
304,54,54,54,VN00054,54,TRX00304,0.0,602426646.15
305,55,55,55,VN00055,55,TRX00305,225498410.45,0.0
306,56,56,56,VN00056,56,TRX00306,0.0,581624358.81
307,57,57,57,VN00057,57,TRX00307,0.0,999199170.51
308,58,58,58,VN00058,58,TRX00308,539959935.21,0.0
309,59,59,59,VN00059,59,TRX00309,568103213.82,0.0
310,60,60,60,VN00060,60,TRX00310,0.0,199564720.05
311,61,61,61,VN00061,61,TRX00311,0.0,343960161.43
312,62,62,62,VN00062,62,TRX00312,0.0,731365134.71
313,63,63,63,VN00063,63,TRX00313,298245393.32,0.0
314,64,64,64,VN00064,64,TRX00314,0.0,749155117.73
315,65,65,65,VN00065,65,TRX00315,0.0,769821988.81
316,66,66,66,VN00066,66,TRX00316,932350661.54,0.0
317,67,67,67,VN00067,67,TRX00317,0.0,82425605.86
318,68,68,68,VN00068,68,TRX00318,0.0,660180337.11
319,69,69,69,VN00069,69,TRX00319,556034753.77,0.0
320,70,70,70,VN00070,70,TRX00320,500561420.85,0.0
321,71,71,71,VN00071,71,TRX00321,0.0,810366552.65
322,72,72,72,VN00072,72,TRX00322,0.0,155444863.6
323,73,73,73,VN00073,73,TRX00323,927454998.56,0.0
324,74,74,74,VN00074,74,TRX00324,198365689.03,0.0
325,75,75,75,VN00075,75,TRX00325,52091134.39,0.0
326,76,76,76,VN00076,76,TRX00326,406778893.47,0.0
327,77,77,77,VN00077,77,TRX00327,0.0,627633461.59
328,78,78,78,VN00078,78,TRX00328,0.0,658710810.01
329,79,79,79,VN00079,79,TRX00329,26611115.56,0.0
330,80,80,80,VN00080,80,TRX00330,920149229.76,0.0
331,81,81,81,VN00081,81,TRX00331,680902998.99,0.0
332,82,82,82,VN00082,82,TRX00332,904225994.06,0.0
333,83,83,83,VN00083,83,TRX00333,0.0,562588799.34
334,84,84,84,VN00084,84,TRX00334,811953312.44,0.0
335,85,85,85,VN00085,85,TRX00335,335543873.54,0.0
336,86,86,86,VN00086,86,TRX00336,349566228.03,0.0
337,87,87,87,VN00087,87,TRX00337,0.0,805052125.74
338,88,88,88,VN00088,88,TRX00338,0.0,84903985.75
339,89,89,89,VN00089,89,TRX00339,369291174.43,0.0
340,90,90,90,VN00090,90,TRX00340,0.0,111670961.41
341,91,91,91,VN00091,91,TRX00341,937668356.79,0.0
342,92,92,92,VN00092,92,TRX00342,0.0,635330459.44
343,93,93,93,VN00093,93,TRX00343,348797316.09,0.0
344,94,94,94,VN00094,94,TRX00344,0.0,591115169.13
345,95,95,95,VN00095,95,TRX00345,273842211.65,0.0
346,96,96,96,VN00096,96,TRX00346,0.0,562615381.8
347,97,97,97,VN00097,97,TRX00347,0.0,693940989.63
348,98,98,98,VN00098,98,TRX00348,327099892.62,0.0
349,99,99,99,VN00099,99,TRX00349,882276101.2,0.0
350,100,100,100,VN00100,100,TRX00350,822303814.72,0.0
351,101,101,101,VN00101,101,TRX00351,0.0,329504110.38
352,102,102,102,VN00102,102,TRX00352,0.0,495022329.74
353,103,103,103,VN00103,103,TRX00353,422543353.11,0.0
354,104,104,104,VN00104,104,TRX00354,245033038.56,0.0
355,105,105,105,VN00105,105,TRX00355,0.0,831338643.32
356,106,106,106,VN00106,106,TRX00356,0.0,118283288.87
357,107,107,107,VN00107,107,TRX00357,145263733.97,0.0
358,108,108,108,VN00108,108,TRX00358,0.0,859009233.42
359,109,109,109,VN00109,109,TRX00359,0.0,302925219.18
360,110,110,110,VN00110,110,TRX00360,0.0,927889130.26
361,111,111,111,VN00111,111,TRX00361,564570342.6,0.0
362,112,112,112,VN00112,112,TRX00362,191335720.72,0.0
363,113,113,113,VN00113,113,TRX00363,676905859.65,0.0
364,114,114,114,VN00114,114,TRX00364,215505447.28,0.0
365,115,115,115,VN00115,115,TRX00365,0.0,239750545.59
366,116,116,116,VN00116,116,TRX00366,0.0,113781949.6
367,117,117,117,VN00117,117,TRX00367,0.0,854849342.93
368,118,118,118,VN00118,118,TRX00368,334836412.87,0.0
369,119,119,119,VN00119,119,TRX00369,0.0,194563689.93
370,120,120,120,VN00120,120,TRX00370,693984702.86,0.0
371,121,121,121,VN00121,121,TRX00371,0.0,551110063.16
372,122,122,122,VN00122,122,TRX00372,0.0,478043837.91
373,123,123,123,VN00123,123,TRX00373,232686378.89,0.0
374,124,124,124,VN00124,124,TRX00374,0.0,91458084.23
375,125,125,125,VN00125,125,TRX00375,777769017.55,0.0
376,126,126,126,VN00126,126,TRX00376,200401314.96,0.0
377,127,127,127,VN00127,127,TRX00377,0.0,933382650.46
378,128,128,128,VN00128,128,TRX00378,464934854.72,0.0
379,129,129,129,VN00129,129,TRX00379,0.0,288106241.17
380,130,130,130,VN00130,130,TRX00380,237478219.99,0.0
381,131,131,131,VN00131,131,TRX00381,332580269.72,0.0
382,132,132,132,VN00132,132,TRX00382,0.0,87339673.17
383,133,133,133,VN00133,133,TRX00383,657815073.15,0.0
384,134,134,134,VN00134,134,TRX00384,0.0,232201395.52
385,135,135,135,VN00135,135,TRX00385,0.0,717464976.11
386,136,136,136,VN00136,136,TRX00386,204304117.85,0.0
387,137,137,137,VN00137,137,TRX00387,470688748.45,0.0
388,138,138,138,VN00138,138,TRX00388,0.0,513676966.34
389,139,139,139,VN00139,139,TRX00389,0.0,697028298.79
390,140,140,140,VN00140,140,TRX00390,0.0,539449319.51
391,141,141,141,VN00141,141,TRX00391,0.0,896872553.52
392,142,142,142,VN00142,142,TRX00392,346794720.21,0.0
393,143,143,143,VN00143,143,TRX00393,944365539.62,0.0
394,144,144,144,VN00144,144,TRX00394,491190480.97,0.0
395,145,145,145,VN00145,145,TRX00395,0.0,902000484.4
396,146,146,146,VN00146,146,TRX00396,360423719.45,0.0
397,147,147,147,VN00147,147,TRX00397,0.0,782397888.62
398,148,148,148,VN00148,148,TRX00398,0.0,977210832.7
399,149,149,149,VN00149,149,TRX00399,218035439.55,0.0
400,150,150,150,VN00150,150,TRX00400,845752507.3,0.0
401,151,151,151,VN00151,151,TRX00401,456270599.04,0.0
402,152,152,152,VN00152,152,TRX00402,0.0,877604829.77
403,153,153,153,VN00153,153,TRX00403,932891648.14,0.0
404,154,154,154,VN00154,154,TRX00404,0.0,649690040.36
405,155,155,155,VN00155,155,TRX00405,0.0,148133005.76
406,156,156,156,VN00156,156,TRX00406,0.0,689756305.72
407,157,157,157,VN00157,157,TRX00407,0.0,721669566.77
408,158,158,158,VN00158,158,TRX00408,483889039.03,0.0
409,159,159,159,VN00159,159,TRX00409,444221061.33,0.0
410,160,160,160,VN00160,160,TRX00410,0.0,438368832.2
411,161,161,161,VN00161,161,TRX00411,40683190.49,0.0
412,162,162,162,VN00162,162,TRX00412,332753617.06,0.0
413,163,163,163,VN00163,163,TRX00413,947119539.91,0.0
414,164,164,164,VN00164,164,TRX00414,617659977.11,0.0
415,165,165,165,VN00165,165,TRX00415,0.0,197629493.46
416,166,166,166,VN00166,166,TRX00416,0.0,302401028.51
417,167,167,167,VN00167,167,TRX00417,206131536.29,0.0
418,168,168,168,VN00168,168,TRX00418,0.0,502343601.89
419,169,169,169,VN00169,169,TRX00419,0.0,478655754.15
420,170,170,170,VN00170,170,TRX00420,863353351.54,0.0
421,171,171,171,VN00171,171,TRX00421,509401727.35,0.0
422,172,172,172,VN00172,172,TRX00422,296901516.06,0.0
423,173,173,173,VN00173,173,TRX00423,0.0,443624504.22
424,174,174,174,VN00174,174,TRX00424,0.0,207463722.56
425,175,175,175,VN00175,175,TRX00425,322973942.8,0.0
426,176,176,176,VN00176,176,TRX00426,972098245.23,0.0
427,177,177,177,VN00177,177,TRX00427,987351097.83,0.0
428,178,178,178,VN00178,178,TRX00428,408660133.75,0.0
429,179,179,179,VN00179,179,TRX00429,0.0,737197823.3
430,180,180,180,VN00180,180,TRX00430,0.0,718220326.05
431,181,181,181,VN00181,181,TRX00431,257348105.74,0.0
432,182,182,182,VN00182,182,TRX00432,82652676.0,0.0
433,183,183,183,VN00183,183,TRX00433,263610346.12,0.0
434,184,184,184,VN00184,184,TRX00434,271479853.51,0.0
435,185,185,185,VN00185,185,TRX00435,398639079.68,0.0
436,186,186,186,VN00186,186,TRX00436,184886031.03,0.0
437,187,187,187,VN00187,187,TRX00437,953818403.31,0.0
438,188,188,188,VN00188,188,TRX00438,102879885.38,0.0
439,189,189,189,VN00189,189,TRX00439,625208533.14,0.0
440,190,190,190,VN00190,190,TRX00440,441697388.05,0.0
441,191,191,191,VN00191,191,TRX00441,423518048.98,0.0
442,192,192,192,VN00192,192,TRX00442,0.0,77416332.53
443,193,193,193,VN00193,193,TRX00443,868314710.17,0.0
444,194,194,194,VN00194,194,TRX00444,0.0,761017727.38
445,195,195,195,VN00195,195,TRX00445,0.0,699095502.51
446,196,196,196,VN00196,196,TRX00446,918097015.96,0.0
447,197,197,197,VN00197,197,TRX00447,0.0,346510838.48
448,198,198,198,VN00198,198,TRX00448,0.0,267647791.88
449,199,199,199,VN00199,199,TRX00449,523487548.33,0.0
450,200,200,200,VN00200,200,TRX00450,109088197.26,0.0
451,201,201,201,VN00201,201,TRX00451,0.0,770125816.85
452,202,202,202,VN00202,202,TRX00452,837466108.43,0.0
453,203,203,203,VN00203,203,TRX00453,0.0,939847554.51
454,204,204,204,VN00204,204,TRX00454,0.0,581198596.23
455,205,205,205,VN00205,205,TRX00455,943200558.48,0.0
456,206,206,206,VN00206,206,TRX00456,245130591.56,0.0
457,207,207,207,VN00207,207,TRX00457,0.0,440829036.52
458,208,208,208,VN00208,208,TRX00458,0.0,5697690.82
459,209,209,209,VN00209,209,TRX00459,709385692.4,0.0
460,210,210,210,VN00210,210,TRX00460,924551884.79,0.0
461,211,211,211,VN00211,211,TRX00461,0.0,63809492.04
462,212,212,212,VN00212,212,TRX00462,375109148.1,0.0
463,213,213,213,VN00213,213,TRX00463,542860424.68,0.0
464,214,214,214,VN00214,214,TRX00464,0.0,726549274.97
465,215,215,215,VN00215,215,TRX00465,652153873.79,0.0
466,216,216,216,VN00216,216,TRX00466,0.0,555596603.55
467,217,217,217,VN00217,217,TRX00467,0.0,522333366.42
468,218,218,218,VN00218,218,TRX00468,0.0,555992765.43
469,219,219,219,VN00219,219,TRX00469,165559970.73,0.0
470,220,220,220,VN00220,220,TRX00470,0.0,254001711.82
471,221,221,221,VN00221,221,TRX00471,0.0,736757662.97
472,222,222,222,VN00222,222,TRX00472,704778547.56,0.0
473,223,223,223,VN00223,223,TRX00473,349518527.39,0.0
474,224,224,224,VN00224,224,TRX00474,277423960.01,0.0
475,225,225,225,VN00225,225,TRX00475,998918405.97,0.0
476,226,226,226,VN00226,226,TRX00476,0.0,351055298.69
477,227,227,227,VN00227,227,TRX00477,645822521.68,0.0
478,228,228,228,VN00228,228,TRX00478,38699585.01,0.0
479,229,229,229,VN00229,229,TRX00479,0.0,487072498.02
480,230,230,230,VN00230,230,TRX00480,0.0,427334301.23
481,231,231,231,VN00231,231,TRX00481,89831867.07,0.0
482,232,232,232,VN00232,232,TRX00482,0.0,180675733.62
483,233,233,233,VN00233,233,TRX00483,0.0,491413647.1
484,234,234,234,VN00234,234,TRX00484,678095314.92,0.0
485,235,235,235,VN00235,235,TRX00485,51900947.13,0.0
486,236,236,236,VN00236,236,TRX00486,294306945.55,0.0
487,237,237,237,VN00237,237,TRX00487,0.0,140527333.93
488,238,238,238,VN00238,238,TRX00488,0.0,503720496.46
489,239,239,239,VN00239,239,TRX00489,810513456.27,0.0
490,240,240,240,VN00240,240,TRX00490,0.0,300853675.77
491,241,241,241,VN00241,241,TRX00491,0.0,430351025.89
492,242,242,242,VN00242,242,TRX00492,0.0,532183346.5
493,243,243,243,VN00243,243,TRX00493,902556538.6,0.0
494,244,244,244,VN00244,244,TRX00494,0.0,499929978.54
495,245,245,245,VN00245,245,TRX00495,81887.61,0.0
496,246,246,246,VN00246,246,TRX00496,0.0,786564364.2
497,247,247,247,VN00247,247,TRX00497,882712984.7,0.0
498,248,248,248,VN00248,248,TRX00498,0.0,490779706.42
499,249,249,249,VN00249,249,TRX00499,0.0,673323155.48
500,250,250,250,VN00250,250,TRX00500,744615462.16,0.0
501,1,1,1,VN00001,1,TRX00501,0.0,377703188.88
502,2,2,2,VN00002,2,TRX00502,0.0,672651940.37
503,3,3,3,VN00003,3,TRX00503,0.0,506729614.61
504,4,4,4,VN00004,4,TRX00504,127612224.22,0.0
505,5,5,5,VN00005,5,TRX00505,0.0,204333658.48
506,6,6,6,VN00006,6,TRX00506,0.0,90382160.66
507,7,7,7,VN00007,7,TRX00507,0.0,106093779.36
508,8,8,8,VN00008,8,TRX00508,305646388.09,0.0
509,9,9,9,VN00009,9,TRX00509,916848785.27,0.0
510,10,10,10,VN00010,10,TRX00510,0.0,212449246.28
511,11,11,11,VN00011,11,TRX00511,804026368.33,0.0
512,12,12,12,VN00012,12,TRX00512,857651787.28,0.0
513,13,13,13,VN00013,13,TRX00513,0.0,744864615.46
514,14,14,14,VN00014,14,TRX00514,0.0,859331664.07
515,15,15,15,VN00015,15,TRX00515,0.0,257928482.08
516,16,16,16,VN00016,16,TRX00516,0.0,13886260.97
517,17,17,17,VN00017,17,TRX00517,441324135.46,0.0
518,18,18,18,VN00018,18,TRX00518,0.0,276536584.23
519,19,19,19,VN00019,19,TRX00519,397564051.63,0.0
520,20,20,20,VN00020,20,TRX00520,477778048.38,0.0
521,21,21,21,VN00021,21,TRX00521,617186088.55,0.0
522,22,22,22,VN00022,22,TRX00522,0.0,44437360.55
523,23,23,23,VN00023,23,TRX00523,992478435.93,0.0
524,24,24,24,VN00024,24,TRX00524,0.0,90129341.08
525,25,25,25,VN00025,25,TRX00525,0.0,809256452.42
526,26,26,26,VN00026,26,TRX00526,322655131.12,0.0
527,27,27,27,VN00027,27,TRX00527,147722843.64,0.0
528,28,28,28,VN00028,28,TRX00528,0.0,307675937.51
529,29,29,29,VN00029,29,TRX00529,0.0,952698548.71
530,30,30,30,VN00030,30,TRX00530,0.0,554539283.86
531,31,31,31,VN00031,31,TRX00531,33953636.13,0.0
532,32,32,32,VN00032,32,TRX00532,982622585.19,0.0
533,33,33,33,VN00033,33,TRX00533,0.0,979131478.15
534,34,34,34,VN00034,34,TRX00534,0.0,330402088.56
535,35,35,35,VN00035,35,TRX00535,0.0,580433563.77
536,36,36,36,VN00036,36,TRX00536,0.0,603474509.77
537,37,37,37,VN00037,37,TRX00537,0.0,191107433.3
538,38,38,38,VN00038,38,TRX00538,563664592.9,0.0
539,39,39,39,VN00039,39,TRX00539,0.0,390943219.01
540,40,40,40,VN00040,40,TRX00540,671126604.47,0.0
541,41,41,41,VN00041,41,TRX00541,247513153.5,0.0
542,42,42,42,VN00042,42,TRX00542,524866221.45,0.0
543,43,43,43,VN00043,43,TRX00543,537663444.07,0.0
544,44,44,44,VN00044,44,TRX00544,716803364.13,0.0
545,45,45,45,VN00045,45,TRX00545,0.0,5447490.78
546,46,46,46,VN00046,46,TRX00546,797732595.19,0.0
547,47,47,47,VN00047,47,TRX00547,0.0,144422289.75
548,48,48,48,VN00048,48,TRX00548,38331607.02,0.0
549,49,49,49,VN00049,49,TRX00549,546479021.67,0.0
550,50,50,50,VN00050,50,TRX00550,0.0,207891922.1
551,51,51,51,VN00051,51,TRX00551,567574162.56,0.0
552,52,52,52,VN00052,52,TRX00552,175828265.46,0.0
553,53,53,53,VN00053,53,TRX00553,510376370.35,0.0
554,54,54,54,VN00054,54,TRX00554,756945836.53,0.0
555,55,55,55,VN00055,55,TRX00555,110105196.45,0.0
556,56,56,56,VN00056,56,TRX00556,817099078.74,0.0
557,57,57,57,VN00057,57,TRX00557,167481641.16,0.0
558,58,58,58,VN00058,58,TRX00558,0.0,119601338.32
559,59,59,59,VN00059,59,TRX00559,385743482.44,0.0
560,60,60,60,VN00060,60,TRX00560,0.0,586790842.51
561,61,61,61,VN00061,61,TRX00561,647432513.01,0.0
562,62,62,62,VN00062,62,TRX00562,37392108.77,0.0
563,63,63,63,VN00063,63,TRX00563,760045806.74,0.0
564,64,64,64,VN00064,64,TRX00564,526940638.73,0.0
565,65,65,65,VN00065,65,TRX00565,875771210.54,0.0
566,66,66,66,VN00066,66,TRX00566,0.0,994550765.77
567,67,67,67,VN00067,67,TRX00567,35033168.53,0.0
568,68,68,68,VN00068,68,TRX00568,0.0,191011311.41
569,69,69,69,VN00069,69,TRX00569,0.0,2390233.85
570,70,70,70,VN00070,70,TRX00570,0.0,556932305.72
571,71,71,71,VN00071,71,TRX00571,441879271.47,0.0
572,72,72,72,VN00072,72,TRX00572,0.0,972286381.9
573,73,73,73,VN00073,73,TRX00573,284549198.27,0.0
574,74,74,74,VN00074,74,TRX00574,0.0,518560309.23
575,75,75,75,VN00075,75,TRX00575,432969330.78,0.0
576,76,76,76,VN00076,76,TRX00576,884003032.68,0.0
577,77,77,77,VN00077,77,TRX00577,648163123.21,0.0
578,78,78,78,VN00078,78,TRX00578,858427646.27,0.0
579,79,79,79,VN00079,79,TRX00579,0.0,697294535.39
580,80,80,80,VN00080,80,TRX00580,956312027.79,0.0
581,81,81,81,VN00081,81,TRX00581,0.0,761789159.75
582,82,82,82,VN00082,82,TRX00582,805396935.39,0.0
583,83,83,83,VN00083,83,TRX00583,733127895.4,0.0
584,84,84,84,VN00084,84,TRX00584,605226835.95,0.0
585,85,85,85,VN00085,85,TRX00585,0.0,425303177.5
586,86,86,86,VN00086,86,TRX00586,0.0,594792107.79
587,87,87,87,VN00087,87,TRX00587,0.0,914519664.36
588,88,88,88,VN00088,88,TRX00588,0.0,929139008.3
589,89,89,89,VN00089,89,TRX00589,0.0,332003078.91
590,90,90,90,VN00090,90,TRX00590,242962186.51,0.0
591,91,91,91,VN00091,91,TRX00591,0.0,960283689.01
592,92,92,92,VN00092,92,TRX00592,0.0,946457422.84
593,93,93,93,VN00093,93,TRX00593,0.0,555051029.48
594,94,94,94,VN00094,94,TRX00594,0.0,721349268.24
595,95,95,95,VN00095,95,TRX00595,0.0,259799126.65
596,96,96,96,VN00096,96,TRX00596,446248365.27,0.0
597,97,97,97,VN00097,97,TRX00597,0.0,214226739.18
598,98,98,98,VN00098,98,TRX00598,0.0,246918575.97
599,99,99,99,VN00099,99,TRX00599,27542929.65,0.0
600,100,100,100,VN00100,100,TRX00600,0.0,281850498.94
601,101,101,101,VN00101,101,TRX00601,0.0,425594796.34
602,102,102,102,VN00102,102,TRX00602,707581118.56,0.0
603,103,103,103,VN00103,103,TRX00603,0.0,411508706.74
604,104,104,104,VN00104,104,TRX00604,0.0,114926718.29
605,105,105,105,VN00105,105,TRX00605,468059667.39,0.0
606,106,106,106,VN00106,106,TRX00606,625906511.69,0.0
607,107,107,107,VN00107,107,TRX00607,457181727.7,0.0
608,108,108,108,VN00108,108,TRX00608,222946236.67,0.0
609,109,109,109,VN00109,109,TRX00609,0.0,139989522.51
610,110,110,110,VN00110,110,TRX00610,103884232.46,0.0
611,111,111,111,VN00111,111,TRX00611,666527118.99,0.0
612,112,112,112,VN00112,112,TRX00612,192030143.71,0.0
613,113,113,113,VN00113,113,TRX00613,475467787.49,0.0
614,114,114,114,VN00114,114,TRX00614,967436603.02,0.0
615,115,115,115,VN00115,115,TRX00615,31668930.65,0.0
616,116,116,116,VN00116,116,TRX00616,0.0,342349737.89
617,117,117,117,VN00117,117,TRX00617,298579184.37,0.0
618,118,118,118,VN00118,118,TRX00618,941806964.42,0.0
619,119,119,119,VN00119,119,TRX00619,0.0,563746043.26
620,120,120,120,VN00120,120,TRX00620,0.0,455343829.73
621,121,121,121,VN00121,121,TRX00621,0.0,826912014.44
622,122,122,122,VN00122,122,TRX00622,0.0,486444815.81
623,123,123,123,VN00123,123,TRX00623,0.0,413618667.62
624,124,124,124,VN00124,124,TRX00624,0.0,505403052.82
625,125,125,125,VN00125,125,TRX00625,0.0,664088988.32
626,126,126,126,VN00126,126,TRX00626,0.0,531800338.83
627,127,127,127,VN00127,127,TRX00627,0.0,31206842.19
628,128,128,128,VN00128,128,TRX00628,0.0,491499517.41
629,129,129,129,VN00129,129,TRX00629,0.0,3949717.31
630,130,130,130,VN00130,130,TRX00630,179390174.65,0.0
631,131,131,131,VN00131,131,TRX00631,0.0,277986572.58
632,132,132,132,VN00132,132,TRX00632,263281036.31,0.0
633,133,133,133,VN00133,133,TRX00633,355065126.37,0.0
634,134,134,134,VN00134,134,TRX00634,954143968.9,0.0
635,135,135,135,VN00135,135,TRX00635,0.0,33847592.83
636,136,136,136,VN00136,136,TRX00636,0.0,254875432.36
637,137,137,137,VN00137,137,TRX00637,336229894.77,0.0
638,138,138,138,VN00138,138,TRX00638,995861078.45,0.0
639,139,139,139,VN00139,139,TRX00639,0.0,388104775.89
640,140,140,140,VN00140,140,TRX00640,0.0,642149274.87
641,141,141,141,VN00141,141,TRX00641,0.0,479750507.19
642,142,142,142,VN00142,142,TRX00642,0.0,611805356.94
643,143,143,143,VN00143,143,TRX00643,0.0,551679973.35
644,144,144,144,VN00144,144,TRX00644,621328375.43,0.0
645,145,145,145,VN00145,145,TRX00645,0.0,658594602.17
646,146,146,146,VN00146,146,TRX00646,225534884.28,0.0
647,147,147,147,VN00147,147,TRX00647,801276784.12,0.0
648,148,148,148,VN00148,148,TRX00648,875459829.31,0.0
649,149,149,149,VN00149,149,TRX00649,453989814.41,0.0
650,150,150,150,VN00150,150,TRX00650,0.0,98137308.95
651,151,151,151,VN00151,151,TRX00651,274225011.46,0.0
652,152,152,152,VN00152,152,TRX00652,116970513.77,0.0
653,153,153,153,VN00153,153,TRX00653,115744535.95,0.0
654,154,154,154,VN00154,154,TRX00654,952602698.41,0.0
655,155,155,155,VN00155,155,TRX00655,808626114.73,0.0
656,156,156,156,VN00156,156,TRX00656,164779360.59,0.0
657,157,157,157,VN00157,157,TRX00657,0.0,853520849.84
658,158,158,158,VN00158,158,TRX00658,655551550.66,0.0
659,159,159,159,VN00159,159,TRX00659,764664215.18,0.0
660,160,160,160,VN00160,160,TRX00660,0.0,10884771.29
661,161,161,161,VN00161,161,TRX00661,0.0,985508628.2
662,162,162,162,VN00162,162,TRX00662,0.0,735016967.99
663,163,163,163,VN00163,163,TRX00663,0.0,302129620.77
664,164,164,164,VN00164,164,TRX00664,589415433.13,0.0
665,165,165,165,VN00165,165,TRX00665,0.0,650561243.63
666,166,166,166,VN00166,166,TRX00666,0.0,152155535.74
667,167,167,167,VN00167,167,TRX00667,0.0,29875476.53
668,168,168,168,VN00168,168,TRX00668,0.0,934301164.66
669,169,169,169,VN00169,169,TRX00669,518772578.66,0.0
670,170,170,170,VN00170,170,TRX00670,764657538.1,0.0
671,171,171,171,VN00171,171,TRX00671,106055260.59,0.0
672,172,172,172,VN00172,172,TRX00672,0.0,760425359.61
673,173,173,173,VN00173,173,TRX00673,0.0,83716611.95
674,174,174,174,VN00174,174,TRX00674,498657679.5,0.0
675,175,175,175,VN00175,175,TRX00675,328335378.84,0.0
676,176,176,176,VN00176,176,TRX00676,368053260.08,0.0
677,177,177,177,VN00177,177,TRX00677,0.0,763242419.46
678,178,178,178,VN00178,178,TRX00678,0.0,732249056.33
679,179,179,179,VN00179,179,TRX00679,770169173.99,0.0
680,180,180,180,VN00180,180,TRX00680,440462002.09,0.0
681,181,181,181,VN00181,181,TRX00681,0.0,520517285.04
682,182,182,182,VN00182,182,TRX00682,0.0,682848662.47
683,183,183,183,VN00183,183,TRX00683,0.0,229940804.88
684,184,184,184,VN00184,184,TRX00684,0.0,261188084.78
685,185,185,185,VN00185,185,TRX00685,264327979.31,0.0
686,186,186,186,VN00186,186,TRX00686,0.0,595962508.9
687,187,187,187,VN00187,187,TRX00687,0.0,434934688.73
688,188,188,188,VN00188,188,TRX00688,0.0,372979021.97
689,189,189,189,VN00189,189,TRX00689,97159605.72,0.0
690,190,190,190,VN00190,190,TRX00690,0.0,604379685.13
691,191,191,191,VN00191,191,TRX00691,0.0,403482466.89
692,192,192,192,VN00192,192,TRX00692,484219773.52,0.0
693,193,193,193,VN00193,193,TRX00693,0.0,765216139.25
694,194,194,194,VN00194,194,TRX00694,774136069.8,0.0
695,195,195,195,VN00195,195,TRX00695,0.0,902820881.64
696,196,196,196,VN00196,196,TRX00696,0.0,841888542.07
697,197,197,197,VN00197,197,TRX00697,0.0,346707581.27
698,198,198,198,VN00198,198,TRX00698,219835950.0,0.0
699,199,199,199,VN00199,199,TRX00699,0.0,63693608.68
700,200,200,200,VN00200,200,TRX00700,0.0,323591420.95
701,201,201,201,VN00201,201,TRX00701,945236634.95,0.0
702,202,202,202,VN00202,202,TRX00702,0.0,512454898.65
703,203,203,203,VN00203,203,TRX00703,0.0,84108686.32
704,204,204,204,VN00204,204,TRX00704,0.0,302363112.66
705,205,205,205,VN00205,205,TRX00705,0.0,873819897.9
706,206,206,206,VN00206,206,TRX00706,63938549.11,0.0
707,207,207,207,VN00207,207,TRX00707,733395398.67,0.0
708,208,208,208,VN00208,208,TRX00708,994610386.87,0.0
709,209,209,209,VN00209,209,TRX00709,501189780.79,0.0
710,210,210,210,VN00210,210,TRX00710,209333990.73,0.0
711,211,211,211,VN00211,211,TRX00711,594643582.89,0.0
712,212,212,212,VN00212,212,TRX00712,0.0,160980085.55
713,213,213,213,VN00213,213,TRX00713,668072737.33,0.0
714,214,214,214,VN00214,214,TRX00714,172611742.17,0.0
715,215,215,215,VN00215,215,TRX00715,0.0,101020706.79
716,216,216,216,VN00216,216,TRX00716,0.0,240697300.54
717,217,217,217,VN00217,217,TRX00717,0.0,492984788.96
718,218,218,218,VN00218,218,TRX00718,0.0,1641568.91
719,219,219,219,VN00219,219,TRX00719,0.0,351381555.58
720,220,220,220,VN00220,220,TRX00720,27340781.32,0.0
721,221,221,221,VN00221,221,TRX00721,0.0,392062493.27
722,222,222,222,VN00222,222,TRX00722,813313638.58,0.0
723,223,223,223,VN00223,223,TRX00723,0.0,961221094.49
724,224,224,224,VN00224,224,TRX00724,103520925.15,0.0
725,225,225,225,VN00225,225,TRX00725,0.0,573991558.04
726,226,226,226,VN00226,226,TRX00726,710075224.46,0.0
727,227,227,227,VN00227,227,TRX00727,0.0,771125982.3
728,228,228,228,VN00228,228,TRX00728,0.0,976266746.64
729,229,229,229,VN00229,229,TRX00729,0.0,584844067.87
730,230,230,230,VN00230,230,TRX00730,69982189.38,0.0
731,231,231,231,VN00231,231,TRX00731,0.0,358401783.54
732,232,232,232,VN00232,232,TRX00732,0.0,620714188.68
733,233,233,233,VN00233,233,TRX00733,0.0,601562683.45
734,234,234,234,VN00234,234,TRX00734,338582202.23,0.0
735,235,235,235,VN00235,235,TRX00735,0.0,526768352.21
736,236,236,236,VN00236,236,TRX00736,886678165.79,0.0
737,237,237,237,VN00237,237,TRX00737,747325905.94,0.0
738,238,238,238,VN00238,238,TRX00738,209591959.11,0.0
739,239,239,239,VN00239,239,TRX00739,251777070.72,0.0
740,240,240,240,VN00240,240,TRX00740,0.0,399994289.1
741,241,241,241,VN00241,241,TRX00741,768958694.96,0.0
742,242,242,242,VN00242,242,TRX00742,0.0,914687083.22
743,243,243,243,VN00243,243,TRX00743,0.0,329576531.14
744,244,244,244,VN00244,244,TRX00744,0.0,914754128.9
745,245,245,245,VN00245,245,TRX00745,756060029.13,0.0
746,246,246,246,VN00246,246,TRX00746,0.0,799948683.99
747,247,247,247,VN00247,247,TRX00747,897752744.2,0.0
748,248,248,248,VN00248,248,TRX00748,0.0,294089933.21
749,249,249,249,VN00249,249,TRX00749,0.0,436779926.38
750,250,250,250,VN00250,250,TRX00750,0.0,240408171.13
751,1,1,1,VN00001,1,TRX00751,0.0,847940493.37
752,2,2,2,VN00002,2,TRX00752,0.0,871686895.07
753,3,3,3,VN00003,3,TRX00753,0.0,509055771.35
754,4,4,4,VN00004,4,TRX00754,0.0,626242411.44
755,5,5,5,VN00005,5,TRX00755,0.0,729376983.57
756,6,6,6,VN00006,6,TRX00756,754391604.9,0.0
757,7,7,7,VN00007,7,TRX00757,113509078.41,0.0
758,8,8,8,VN00008,8,TRX00758,0.0,236183207.58
759,9,9,9,VN00009,9,TRX00759,585901974.65,0.0
760,10,10,10,VN00010,10,TRX00760,0.0,242535755.2
761,11,11,11,VN00011,11,TRX00761,0.0,857411125.54
762,12,12,12,VN00012,12,TRX00762,624964453.21,0.0
763,13,13,13,VN00013,13,TRX00763,554412131.57,0.0
764,14,14,14,VN00014,14,TRX00764,975671266.35,0.0
765,15,15,15,VN00015,15,TRX00765,755474391.42,0.0
766,16,16,16,VN00016,16,TRX00766,544813249.41,0.0
767,17,17,17,VN00017,17,TRX00767,0.0,258137605.31
768,18,18,18,VN00018,18,TRX00768,0.0,57946922.52
769,19,19,19,VN00019,19,TRX00769,0.0,198291312.18
770,20,20,20,VN00020,20,TRX00770,650043256.79,0.0
771,21,21,21,VN00021,21,TRX00771,0.0,201392421.24
772,22,22,22,VN00022,22,TRX00772,223579630.21,0.0
773,23,23,23,VN00023,23,TRX00773,0.0,33534906.13
774,24,24,24,VN00024,24,TRX00774,0.0,885320942.09
775,25,25,25,VN00025,25,TRX00775,0.0,181564742.67
776,26,26,26,VN00026,26,TRX00776,351703352.98,0.0
777,27,27,27,VN00027,27,TRX00777,265096288.68,0.0
778,28,28,28,VN00028,28,TRX00778,127388472.26,0.0
779,29,29,29,VN00029,29,TRX00779,0.0,675391184.89
780,30,30,30,VN00030,30,TRX00780,0.0,580303164.65
781,31,31,31,VN00031,31,TRX00781,0.0,293380175.59
782,32,32,32,VN00032,32,TRX00782,0.0,99829596.36
783,33,33,33,VN00033,33,TRX00783,0.0,737047304.12
784,34,34,34,VN00034,34,TRX00784,52580338.45,0.0
785,35,35,35,VN00035,35,TRX00785,0.0,272521673.84
786,36,36,36,VN00036,36,TRX00786,0.0,626827347.39
787,37,37,37,VN00037,37,TRX00787,947581835.14,0.0
788,38,38,38,VN00038,38,TRX00788,841163865.77,0.0
789,39,39,39,VN00039,39,TRX00789,158679143.47,0.0
790,40,40,40,VN00040,40,TRX00790,0.0,753415905.64
791,41,41,41,VN00041,41,TRX00791,0.0,743493514.94
792,42,42,42,VN00042,42,TRX00792,205349774.73,0.0
793,43,43,43,VN00043,43,TRX00793,684825850.11,0.0
794,44,44,44,VN00044,44,TRX00794,0.0,598666475.74
795,45,45,45,VN00045,45,TRX00795,0.0,858959086.54
796,46,46,46,VN00046,46,TRX00796,0.0,826449800.8
797,47,47,47,VN00047,47,TRX00797,0.0,986216497.98
798,48,48,48,VN00048,48,TRX00798,0.0,49009410.5
799,49,49,49,VN00049,49,TRX00799,391095806.15,0.0
800,50,50,50,VN00050,50,TRX00800,310508741.79,0.0
801,51,51,51,VN00051,51,TRX00801,387195204.92,0.0
802,52,52,52,VN00052,52,TRX00802,0.0,652504768.69
803,53,53,53,VN00053,53,TRX00803,0.0,770165776.89
804,54,54,54,VN00054,54,TRX00804,847646995.22,0.0
805,55,55,55,VN00055,55,TRX00805,921919861.63,0.0
806,56,56,56,VN00056,56,TRX00806,0.0,176677143.22
807,57,57,57,VN00057,57,TRX00807,268021116.78,0.0
808,58,58,58,VN00058,58,TRX00808,990239000.21,0.0
809,59,59,59,VN00059,59,TRX00809,0.0,495542629.88
810,60,60,60,VN00060,60,TRX00810,0.0,509497790.93
811,61,61,61,VN00061,61,TRX00811,0.0,670082986.31
812,62,62,62,VN00062,62,TRX00812,434309064.66,0.0
813,63,63,63,VN00063,63,TRX00813,199158157.33,0.0
814,64,64,64,VN00064,64,TRX00814,0.0,87652381.95
815,65,65,65,VN00065,65,TRX00815,63690859.32,0.0
816,66,66,66,VN00066,66,TRX00816,485149387.82,0.0
817,67,67,67,VN00067,67,TRX00817,220730709.79,0.0
818,68,68,68,VN00068,68,TRX00818,293974132.23,0.0
819,69,69,69,VN00069,69,TRX00819,828527322.19,0.0
820,70,70,70,VN00070,70,TRX00820,367265562.98,0.0
821,71,71,71,VN00071,71,TRX00821,83348269.71,0.0
822,72,72,72,VN00072,72,TRX00822,196309005.12,0.0
823,73,73,73,VN00073,73,TRX00823,0.0,924643764.96
824,74,74,74,VN00074,74,TRX00824,0.0,725889993.55
825,75,75,75,VN00075,75,TRX00825,0.0,987107316.63
826,76,76,76,VN00076,76,TRX00826,0.0,977843918.32
827,77,77,77,VN00077,77,TRX00827,81198997.5,0.0
828,78,78,78,VN00078,78,TRX00828,0.0,472015915.81
829,79,79,79,VN00079,79,TRX00829,0.0,256439957.84
830,80,80,80,VN00080,80,TRX00830,918159918.29,0.0
831,81,81,81,VN00081,81,TRX00831,0.0,927414429.06
832,82,82,82,VN00082,82,TRX00832,941466997.41,0.0
833,83,83,83,VN00083,83,TRX00833,503247427.08,0.0
834,84,84,84,VN00084,84,TRX00834,348892924.03,0.0
835,85,85,85,VN00085,85,TRX00835,647019595.14,0.0
836,86,86,86,VN00086,86,TRX00836,0.0,736033681.44
837,87,87,87,VN00087,87,TRX00837,0.0,628349404.56
838,88,88,88,VN00088,88,TRX00838,0.0,79507063.75
839,89,89,89,VN00089,89,TRX00839,959899563.83,0.0
840,90,90,90,VN00090,90,TRX00840,0.0,778629153.27
841,91,91,91,VN00091,91,TRX00841,0.0,404620352.78
842,92,92,92,VN00092,92,TRX00842,0.0,268428429.59
843,93,93,93,VN00093,93,TRX00843,0.0,308967126.1
844,94,94,94,VN00094,94,TRX00844,584138981.14,0.0
845,95,95,95,VN00095,95,TRX00845,979886307.92,0.0
846,96,96,96,VN00096,96,TRX00846,668433124.18,0.0
847,97,97,97,VN00097,97,TRX00847,0.0,771460200.36
848,98,98,98,VN00098,98,TRX00848,0.0,155696784.91
849,99,99,99,VN00099,99,TRX00849,0.0,444340059.27
850,100,100,100,VN00100,100,TRX00850,0.0,883362541.11
851,101,101,101,VN00101,101,TRX00851,393420336.73,0.0
852,102,102,102,VN00102,102,TRX00852,812326239.32,0.0
853,103,103,103,VN00103,103,TRX00853,785556755.0,0.0
854,104,104,104,VN00104,104,TRX00854,0.0,624419839.87
855,105,105,105,VN00105,105,TRX00855,0.0,421629140.75
856,106,106,106,VN00106,106,TRX00856,0.0,440363878.2
857,107,107,107,VN00107,107,TRX00857,596403962.86,0.0
858,108,108,108,VN00108,108,TRX00858,405056771.31,0.0
859,109,109,109,VN00109,109,TRX00859,0.0,727836870.39
860,110,110,110,VN00110,110,TRX00860,871326303.5,0.0
861,111,111,111,VN00111,111,TRX00861,673935966.82,0.0
862,112,112,112,VN00112,112,TRX00862,970098543.82,0.0
863,113,113,113,VN00113,113,TRX00863,701122249.66,0.0
864,114,114,114,VN00114,114,TRX00864,0.0,791388878.09
865,115,115,115,VN00115,115,TRX00865,0.0,235624364.7
866,116,116,116,VN00116,116,TRX00866,672698514.0,0.0
867,117,117,117,VN00117,117,TRX00867,0.0,539515318.38
868,118,118,118,VN00118,118,TRX00868,0.0,882874681.45
869,119,119,119,VN00119,119,TRX00869,0.0,202761406.29
870,120,120,120,VN00120,120,TRX00870,614172403.9,0.0
871,121,121,121,VN00121,121,TRX00871,98328090.38,0.0
872,122,122,122,VN00122,122,TRX00872,0.0,21689555.04
873,123,123,123,VN00123,123,TRX00873,0.0,759079256.39
874,124,124,124,VN00124,124,TRX00874,233293569.89,0.0
875,125,125,125,VN00125,125,TRX00875,0.0,601655230.71
876,126,126,126,VN00126,126,TRX00876,0.0,364411723.84
877,127,127,127,VN00127,127,TRX00877,619851077.47,0.0
878,128,128,128,VN00128,128,TRX00878,329279133.49,0.0
879,129,129,129,VN00129,129,TRX00879,0.0,289964050.98
880,130,130,130,VN00130,130,TRX00880,751121242.12,0.0
881,131,131,131,VN00131,131,TRX00881,758624647.56,0.0
882,132,132,132,VN00132,132,TRX00882,718765835.48,0.0
883,133,133,133,VN00133,133,TRX00883,0.0,644170701.06
884,134,134,134,VN00134,134,TRX00884,0.0,680798571.77
885,135,135,135,VN00135,135,TRX00885,0.0,160163186.23
886,136,136,136,VN00136,136,TRX00886,744804526.94,0.0
887,137,137,137,VN00137,137,TRX00887,0.0,627999255.96
888,138,138,138,VN00138,138,TRX00888,0.0,56666287.75
889,139,139,139,VN00139,139,TRX00889,0.0,795051578.78
890,140,140,140,VN00140,140,TRX00890,732767492.4,0.0
891,141,141,141,VN00141,141,TRX00891,662636418.67,0.0
892,142,142,142,VN00142,142,TRX00892,557869900.92,0.0
893,143,143,143,VN00143,143,TRX00893,0.0,616610245.83
894,144,144,144,VN00144,144,TRX00894,0.0,616066075.73
895,145,145,145,VN00145,145,TRX00895,183807372.01,0.0
896,146,146,146,VN00146,146,TRX00896,81583290.45,0.0
897,147,147,147,VN00147,147,TRX00897,0.0,6017871.97
898,148,148,148,VN00148,148,TRX00898,0.0,266541968.66
899,149,149,149,VN00149,149,TRX00899,383672749.17,0.0
900,150,150,150,VN00150,150,TRX00900,0.0,109100650.35
901,151,151,151,VN00151,151,TRX00901,896425671.54,0.0
902,152,152,152,VN00152,152,TRX00902,223270474.35,0.0
903,153,153,153,VN00153,153,TRX00903,0.0,228287694.01
904,154,154,154,VN00154,154,TRX00904,194497839.54,0.0
905,155,155,155,VN00155,155,TRX00905,967501059.88,0.0
906,156,156,156,VN00156,156,TRX00906,112540086.17,0.0
907,157,157,157,VN00157,157,TRX00907,722163242.16,0.0
908,158,158,158,VN00158,158,TRX00908,932088743.04,0.0
909,159,159,159,VN00159,159,TRX00909,668001295.32,0.0
910,160,160,160,VN00160,160,TRX00910,858726609.45,0.0
911,161,161,161,VN00161,161,TRX00911,242447101.91,0.0
912,162,162,162,VN00162,162,TRX00912,673927978.59,0.0
913,163,163,163,VN00163,163,TRX00913,700871339.97,0.0
914,164,164,164,VN00164,164,TRX00914,0.0,773328639.86
915,165,165,165,VN00165,165,TRX00915,0.0,241922255.88
916,166,166,166,VN00166,166,TRX00916,0.0,457421262.73
917,167,167,167,VN00167,167,TRX00917,0.0,488246249.05
918,168,168,168,VN00168,168,TRX00918,753204353.27,0.0
919,169,169,169,VN00169,169,TRX00919,520290421.31,0.0
920,170,170,170,VN00170,170,TRX00920,498688216.0,0.0
921,171,171,171,VN00171,171,TRX00921,0.0,424375127.4
922,172,172,172,VN00172,172,TRX00922,21646862.85,0.0
923,173,173,173,VN00173,173,TRX00923,0.0,930762287.58
924,174,174,174,VN00174,174,TRX00924,422973233.71,0.0
925,175,175,175,VN00175,175,TRX00925,157533596.1,0.0
926,176,176,176,VN00176,176,TRX00926,119069698.39,0.0
927,177,177,177,VN00177,177,TRX00927,0.0,46887924.89
928,178,178,178,VN00178,178,TRX00928,39913053.55,0.0
929,179,179,179,VN00179,179,TRX00929,986579889.1,0.0
930,180,180,180,VN00180,180,TRX00930,0.0,983893621.55
931,181,181,181,VN00181,181,TRX00931,0.0,709877159.18
932,182,182,182,VN00182,182,TRX00932,0.0,256220407.37
933,183,183,183,VN00183,183,TRX00933,426672333.95,0.0
934,184,184,184,VN00184,184,TRX00934,0.0,14049611.76
935,185,185,185,VN00185,185,TRX00935,30093633.33,0.0
936,186,186,186,VN00186,186,TRX00936,339099233.16,0.0
937,187,187,187,VN00187,187,TRX00937,0.0,828009043.37
938,188,188,188,VN00188,188,TRX00938,0.0,398024911.77
939,189,189,189,VN00189,189,TRX00939,0.0,33658742.26
940,190,190,190,VN00190,190,TRX00940,163220031.69,0.0
941,191,191,191,VN00191,191,TRX00941,0.0,649850751.59
942,192,192,192,VN00192,192,TRX00942,738293737.14,0.0
943,193,193,193,VN00193,193,TRX00943,0.0,641790843.01
944,194,194,194,VN00194,194,TRX00944,0.0,451240801.9
945,195,195,195,VN00195,195,TRX00945,352276947.04,0.0
946,196,196,196,VN00196,196,TRX00946,802075667.04,0.0
947,197,197,197,VN00197,197,TRX00947,0.0,686593011.25
948,198,198,198,VN00198,198,TRX00948,727191005.06,0.0
949,199,199,199,VN00199,199,TRX00949,581123008.88,0.0
950,200,200,200,VN00200,200,TRX00950,364341679.57,0.0
951,201,201,201,VN00201,201,TRX00951,0.0,941129.51
952,202,202,202,VN00202,202,TRX00952,0.0,718597260.3
953,203,203,203,VN00203,203,TRX00953,889558723.31,0.0
954,204,204,204,VN00204,204,TRX00954,0.0,744167917.25
955,205,205,205,VN00205,205,TRX00955,994004538.93,0.0
956,206,206,206,VN00206,206,TRX00956,0.0,615409008.05
957,207,207,207,VN00207,207,TRX00957,0.0,626399819.39
958,208,208,208,VN00208,208,TRX00958,0.0,731592177.08
959,209,209,209,VN00209,209,TRX00959,0.0,96841349.43
960,210,210,210,VN00210,210,TRX00960,637356731.63,0.0
961,211,211,211,VN00211,211,TRX00961,12737563.68,0.0
962,212,212,212,VN00212,212,TRX00962,0.0,358905695.44
963,213,213,213,VN00213,213,TRX00963,416414625.2,0.0
964,214,214,214,VN00214,214,TRX00964,0.0,95431310.48
965,215,215,215,VN00215,215,TRX00965,481115015.13,0.0
966,216,216,216,VN00216,216,TRX00966,449212448.8,0.0
967,217,217,217,VN00217,217,TRX00967,497470899.06,0.0
968,218,218,218,VN00218,218,TRX00968,345904310.36,0.0
969,219,219,219,VN00219,219,TRX00969,0.0,343782731.8
970,220,220,220,VN00220,220,TRX00970,0.0,292259103.4
971,221,221,221,VN00221,221,TRX00971,518242717.98,0.0
972,222,222,222,VN00222,222,TRX00972,623269084.86,0.0
973,223,223,223,VN00223,223,TRX00973,0.0,451793733.4
974,224,224,224,VN00224,224,TRX00974,0.0,364762626.92
975,225,225,225,VN00225,225,TRX00975,0.0,491696219.58
976,226,226,226,VN00226,226,TRX00976,16948314.59,0.0
977,227,227,227,VN00227,227,TRX00977,520493738.66,0.0
978,228,228,228,VN00228,228,TRX00978,239293246.03,0.0
979,229,229,229,VN00229,229,TRX00979,404538547.94,0.0
980,230,230,230,VN00230,230,TRX00980,0.0,158019891.07
981,231,231,231,VN00231,231,TRX00981,326235596.76,0.0
982,232,232,232,VN00232,232,TRX00982,483216923.75,0.0
983,233,233,233,VN00233,233,TRX00983,24741153.66,0.0
984,234,234,234,VN00234,234,TRX00984,308750878.17,0.0
985,235,235,235,VN00235,235,TRX00985,0.0,165512482.25
986,236,236,236,VN00236,236,TRX00986,315161774.56,0.0
987,237,237,237,VN00237,237,TRX00987,205797506.18,0.0
988,238,238,238,VN00238,238,TRX00988,290655679.89,0.0
989,239,239,239,VN00239,239,TRX00989,0.0,371991119.44
990,240,240,240,VN00240,240,TRX00990,86801822.25,0.0
991,241,241,241,VN00241,241,TRX00991,0.0,919132906.94
992,242,242,242,VN00242,242,TRX00992,58386903.66,0.0
993,243,243,243,VN00243,243,TRX00993,538658241.29,0.0
994,244,244,244,VN00244,244,TRX00994,146035736.98,0.0
995,245,245,245,VN00245,245,TRX00995,634084805.25,0.0
996,246,246,246,VN00246,246,TRX00996,0.0,418575759.09
997,247,247,247,VN00247,247,TRX00997,690915388.92,0.0
998,248,248,248,VN00248,248,TRX00998,0.0,124554266.91
999,249,249,249,VN00249,249,TRX00999,4168488.61,0.0
1000,250,250,250,VN00250,250,TRX01000,294894709.02,0.0
1001,1,1,1,VN00001,1,TRX01001,0.0,781494504.07
1002,2,2,2,VN00002,2,TRX01002,0.0,157586044.34
1003,3,3,3,VN00003,3,TRX01003,288890068.65,0.0
1004,4,4,4,VN00004,4,TRX01004,639991868.76,0.0
1005,5,5,5,VN00005,5,TRX01005,499935947.43,0.0
1006,6,6,6,VN00006,6,TRX01006,0.0,443703473.81
1007,7,7,7,VN00007,7,TRX01007,0.0,117716422.21
1008,8,8,8,VN00008,8,TRX01008,0.0,961870284.45
1009,9,9,9,VN00009,9,TRX01009,0.0,455104580.62
1010,10,10,10,VN00010,10,TRX01010,104871293.93,0.0
1011,11,11,11,VN00011,11,TRX01011,0.0,365035066.93
1012,12,12,12,VN00012,12,TRX01012,0.0,194213687.0
1013,13,13,13,VN00013,13,TRX01013,0.0,328483278.47
1014,14,14,14,VN00014,14,TRX01014,0.0,866356730.9
1015,15,15,15,VN00015,15,TRX01015,0.0,27487441.98
1016,16,16,16,VN00016,16,TRX01016,0.0,637915152.67
1017,17,17,17,VN00017,17,TRX01017,706266160.13,0.0
1018,18,18,18,VN00018,18,TRX01018,475591020.29,0.0
1019,19,19,19,VN00019,19,TRX01019,11160884.88,0.0
1020,20,20,20,VN00020,20,TRX01020,390125311.05,0.0
1021,21,21,21,VN00021,21,TRX01021,0.0,749427105.7
1022,22,22,22,VN00022,22,TRX01022,858913098.04,0.0
1023,23,23,23,VN00023,23,TRX01023,0.0,662876973.32
1024,24,24,24,VN00024,24,TRX01024,0.0,270613921.27
1025,25,25,25,VN00025,25,TRX01025,0.0,966490890.98
1026,26,26,26,VN00026,26,TRX01026,873295326.85,0.0
1027,27,27,27,VN00027,27,TRX01027,351357309.51,0.0
1028,28,28,28,VN00028,28,TRX01028,65157598.62,0.0
1029,29,29,29,VN00029,29,TRX01029,442672556.85,0.0
1030,30,30,30,VN00030,30,TRX01030,998459126.01,0.0
1031,31,31,31,VN00031,31,TRX01031,379772862.67,0.0
1032,32,32,32,VN00032,32,TRX01032,193054716.69,0.0
1033,33,33,33,VN00033,33,TRX01033,45130136.6,0.0
1034,34,34,34,VN00034,34,TRX01034,0.0,855079542.28
1035,35,35,35,VN00035,35,TRX01035,324064404.37,0.0
1036,36,36,36,VN00036,36,TRX01036,574278335.46,0.0
1037,37,37,37,VN00037,37,TRX01037,0.0,408838954.63
1038,38,38,38,VN00038,38,TRX01038,42818924.2,0.0
1039,39,39,39,VN00039,39,TRX01039,936180103.19,0.0
1040,40,40,40,VN00040,40,TRX01040,235638344.86,0.0
1041,41,41,41,VN00041,41,TRX01041,149062007.67,0.0
1042,42,42,42,VN00042,42,TRX01042,0.0,166566417.2
1043,43,43,43,VN00043,43,TRX01043,677585819.0,0.0
1044,44,44,44,VN00044,44,TRX01044,0.0,209654120.51
1045,45,45,45,VN00045,45,TRX01045,0.0,422696802.97
1046,46,46,46,VN00046,46,TRX01046,0.0,63559521.96
1047,47,47,47,VN00047,47,TRX01047,0.0,67840385.35
1048,48,48,48,VN00048,48,TRX01048,0.0,652931277.54
1049,49,49,49,VN00049,49,TRX01049,71194376.74,0.0
1050,50,50,50,VN00050,50,TRX01050,150402520.2,0.0
1051,51,51,51,VN00051,51,TRX01051,698058686.15,0.0
1052,52,52,52,VN00052,52,TRX01052,120101.49,0.0
1053,53,53,53,VN00053,53,TRX01053,0.0,50958594.02
1054,54,54,54,VN00054,54,TRX01054,356239812.47,0.0
1055,55,55,55,VN00055,55,TRX01055,744619894.75,0.0
1056,56,56,56,VN00056,56,TRX01056,44237206.85,0.0
1057,57,57,57,VN00057,57,TRX01057,0.0,353174786.67
1058,58,58,58,VN00058,58,TRX01058,70805179.6,0.0
1059,59,59,59,VN00059,59,TRX01059,0.0,833771451.62
1060,60,60,60,VN00060,60,TRX01060,384421232.27,0.0
1061,61,61,61,VN00061,61,TRX01061,0.0,743625824.49
1062,62,62,62,VN00062,62,TRX01062,0.0,8953796.25
1063,63,63,63,VN00063,63,TRX01063,0.0,586456475.64
1064,64,64,64,VN00064,64,TRX01064,706479813.98,0.0
1065,65,65,65,VN00065,65,TRX01065,82110676.67,0.0
1066,66,66,66,VN00066,66,TRX01066,286787088.13,0.0
1067,67,67,67,VN00067,67,TRX01067,0.0,48009567.71
1068,68,68,68,VN00068,68,TRX01068,0.0,71812740.3
1069,69,69,69,VN00069,69,TRX01069,787817433.4,0.0
1070,70,70,70,VN00070,70,TRX01070,32482466.01,0.0
1071,71,71,71,VN00071,71,TRX01071,84076214.13,0.0
1072,72,72,72,VN00072,72,TRX01072,109233198.1,0.0
1073,73,73,73,VN00073,73,TRX01073,0.0,91501880.15
1074,74,74,74,VN00074,74,TRX01074,921978968.66,0.0
1075,75,75,75,VN00075,75,TRX01075,253635286.17,0.0
1076,76,76,76,VN00076,76,TRX01076,0.0,749242196.08
1077,77,77,77,VN00077,77,TRX01077,738129850.54,0.0
1078,78,78,78,VN00078,78,TRX01078,0.0,125869400.19
1079,79,79,79,VN00079,79,TRX01079,0.0,945241004.72
1080,80,80,80,VN00080,80,TRX01080,0.0,645988887.77
1081,81,81,81,VN00081,81,TRX01081,0.0,478024319.66
1082,82,82,82,VN00082,82,TRX01082,185321911.26,0.0
1083,83,83,83,VN00083,83,TRX01083,680186141.47,0.0
1084,84,84,84,VN00084,84,TRX01084,78280245.59,0.0
1085,85,85,85,VN00085,85,TRX01085,584524862.39,0.0
1086,86,86,86,VN00086,86,TRX01086,66602924.65,0.0
1087,87,87,87,VN00087,87,TRX01087,0.0,109523952.31
1088,88,88,88,VN00088,88,TRX01088,0.0,645278960.11
1089,89,89,89,VN00089,89,TRX01089,498571637.35,0.0
1090,90,90,90,VN00090,90,TRX01090,573712969.51,0.0
1091,91,91,91,VN00091,91,TRX01091,269683277.86,0.0
1092,92,92,92,VN00092,92,TRX01092,0.0,772004091.66
1093,93,93,93,VN00093,93,TRX01093,0.0,634737393.81
1094,94,94,94,VN00094,94,TRX01094,516616310.3,0.0
1095,95,95,95,VN00095,95,TRX01095,53955792.8,0.0
1096,96,96,96,VN00096,96,TRX01096,48249368.56,0.0
1097,97,97,97,VN00097,97,TRX01097,679647739.61,0.0
1098,98,98,98,VN00098,98,TRX01098,0.0,616264785.95
1099,99,99,99,VN00099,99,TRX01099,521283845.62,0.0
1100,100,100,100,VN00100,100,TRX01100,0.0,10247655.11
1101,101,101,101,VN00101,101,TRX01101,187693943.01,0.0
1102,102,102,102,VN00102,102,TRX01102,0.0,623526006.76
1103,103,103,103,VN00103,103,TRX01103,0.0,537895396.75
1104,104,104,104,VN00104,104,TRX01104,456382374.73,0.0
1105,105,105,105,VN00105,105,TRX01105,0.0,939261418.89
1106,106,106,106,VN00106,106,TRX01106,0.0,691183331.51
1107,107,107,107,VN00107,107,TRX01107,106528934.85,0.0
1108,108,108,108,VN00108,108,TRX01108,0.0,352064122.97
1109,109,109,109,VN00109,109,TRX01109,0.0,54820919.62
1110,110,110,110,VN00110,110,TRX01110,0.0,851747823.41
1111,111,111,111,VN00111,111,TRX01111,792366872.2,0.0
1112,112,112,112,VN00112,112,TRX01112,957844808.14,0.0
1113,113,113,113,VN00113,113,TRX01113,168392360.19,0.0
1114,114,114,114,VN00114,114,TRX01114,135618953.89,0.0
1115,115,115,115,VN00115,115,TRX01115,469954779.31,0.0
1116,116,116,116,VN00116,116,TRX01116,0.0,567581963.81
1117,117,117,117,VN00117,117,TRX01117,767069273.93,0.0
1118,118,118,118,VN00118,118,TRX01118,0.0,647777024.31
1119,119,119,119,VN00119,119,TRX01119,0.0,357834224.48
1120,120,120,120,VN00120,120,TRX01120,0.0,342529985.38
1121,121,121,121,VN00121,121,TRX01121,719345776.65,0.0
1122,122,122,122,VN00122,122,TRX01122,373412684.94,0.0
1123,123,123,123,VN00123,123,TRX01123,0.0,180711714.62
1124,124,124,124,VN00124,124,TRX01124,583883961.07,0.0
1125,125,125,125,VN00125,125,TRX01125,0.0,230722661.06
1126,126,126,126,VN00126,126,TRX01126,0.0,419876504.3
1127,127,127,127,VN00127,127,TRX01127,164865838.53,0.0
1128,128,128,128,VN00128,128,TRX01128,0.0,255498608.98
1129,129,129,129,VN00129,129,TRX01129,409172292.3,0.0
1130,130,130,130,VN00130,130,TRX01130,0.0,359210841.2
1131,131,131,131,VN00131,131,TRX01131,0.0,412219575.29
1132,132,132,132,VN00132,132,TRX01132,0.0,124525524.06
1133,133,133,133,VN00133,133,TRX01133,0.0,253674222.76
1134,134,134,134,VN00134,134,TRX01134,710560672.12,0.0
1135,135,135,135,VN00135,135,TRX01135,569447688.84,0.0
1136,136,136,136,VN00136,136,TRX01136,404930560.4,0.0
1137,137,137,137,VN00137,137,TRX01137,927597362.75,0.0
1138,138,138,138,VN00138,138,TRX01138,598083566.63,0.0
1139,139,139,139,VN00139,139,TRX01139,0.0,852221966.73
1140,140,140,140,VN00140,140,TRX01140,0.0,44057835.24
1141,141,141,141,VN00141,141,TRX01141,673626101.63,0.0
1142,142,142,142,VN00142,142,TRX01142,0.0,582097513.75
1143,143,143,143,VN00143,143,TRX01143,0.0,705738097.08
1144,144,144,144,VN00144,144,TRX01144,0.0,45311485.29
1145,145,145,145,VN00145,145,TRX01145,691056519.9,0.0
1146,146,146,146,VN00146,146,TRX01146,918779277.86,0.0
1147,147,147,147,VN00147,147,TRX01147,0.0,684188448.22
1148,148,148,148,VN00148,148,TRX01148,0.0,115749797.78
1149,149,149,149,VN00149,149,TRX01149,0.0,985908416.68
1150,150,150,150,VN00150,150,TRX01150,916554297.45,0.0
1151,151,151,151,VN00151,151,TRX01151,612013373.4,0.0
1152,152,152,152,VN00152,152,TRX01152,162069438.57,0.0
1153,153,153,153,VN00153,153,TRX01153,39410167.57,0.0
1154,154,154,154,VN00154,154,TRX01154,0.0,441301068.99
1155,155,155,155,VN00155,155,TRX01155,139491940.94,0.0
1156,156,156,156,VN00156,156,TRX01156,939541373.85,0.0
1157,157,157,157,VN00157,157,TRX01157,0.0,510225990.02
1158,158,158,158,VN00158,158,TRX01158,837978483.79,0.0
1159,159,159,159,VN00159,159,TRX01159,0.0,868402212.58
1160,160,160,160,VN00160,160,TRX01160,0.0,191689923.58
1161,161,161,161,VN00161,161,TRX01161,0.0,189023712.38
1162,162,162,162,VN00162,162,TRX01162,0.0,956640316.14
1163,163,163,163,VN00163,163,TRX01163,470242092.41,0.0
1164,164,164,164,VN00164,164,TRX01164,713768316.73,0.0
1165,165,165,165,VN00165,165,TRX01165,0.0,677099583.99
1166,166,166,166,VN00166,166,TRX01166,0.0,972468724.09
1167,167,167,167,VN00167,167,TRX01167,232400110.85,0.0
1168,168,168,168,VN00168,168,TRX01168,0.0,177950598.49
1169,169,169,169,VN00169,169,TRX01169,363028155.99,0.0
1170,170,170,170,VN00170,170,TRX01170,0.0,558213865.16
1171,171,171,171,VN00171,171,TRX01171,19407087.63,0.0
1172,172,172,172,VN00172,172,TRX01172,0.0,993435513.49
1173,173,173,173,VN00173,173,TRX01173,686463568.43,0.0
1174,174,174,174,VN00174,174,TRX01174,100435841.87,0.0
1175,175,175,175,VN00175,175,TRX01175,0.0,981650707.19
1176,176,176,176,VN00176,176,TRX01176,495598175.31,0.0
1177,177,177,177,VN00177,177,TRX01177,0.0,71219294.44
1178,178,178,178,VN00178,178,TRX01178,0.0,178709570.08
1179,179,179,179,VN00179,179,TRX01179,295397300.16,0.0
1180,180,180,180,VN00180,180,TRX01180,117517973.98,0.0
1181,181,181,181,VN00181,181,TRX01181,68536584.04,0.0
1182,182,182,182,VN00182,182,TRX01182,0.0,229700140.86
1183,183,183,183,VN00183,183,TRX01183,0.0,21257999.9
1184,184,184,184,VN00184,184,TRX01184,3384361.4,0.0
1185,185,185,185,VN00185,185,TRX01185,285073692.16,0.0
1186,186,186,186,VN00186,186,TRX01186,164206883.67,0.0
1187,187,187,187,VN00187,187,TRX01187,0.0,936316991.65
1188,188,188,188,VN00188,188,TRX01188,0.0,673801996.27
1189,189,189,189,VN00189,189,TRX01189,825915786.99,0.0
1190,190,190,190,VN00190,190,TRX01190,0.0,168114615.06
1191,191,191,191,VN00191,191,TRX01191,0.0,712548083.02
1192,192,192,192,VN00192,192,TRX01192,728734947.65,0.0
1193,193,193,193,VN00193,193,TRX01193,0.0,235459452.85
1194,194,194,194,VN00194,194,TRX01194,0.0,371981463.61
1195,195,195,195,VN00195,195,TRX01195,0.0,822903749.18
1196,196,196,196,VN00196,196,TRX01196,0.0,576466735.28
1197,197,197,197,VN00197,197,TRX01197,379443134.95,0.0
1198,198,198,198,VN00198,198,TRX01198,0.0,311143424.56
1199,199,199,199,VN00199,199,TRX01199,0.0,71365095.43
1200,200,200,200,VN00200,200,TRX01200,193322967.36,0.0
1201,201,201,201,VN00201,201,TRX01201,819455618.05,0.0
1202,202,202,202,VN00202,202,TRX01202,0.0,656956237.23
1203,203,203,203,VN00203,203,TRX01203,0.0,673653162.75
1204,204,204,204,VN00204,204,TRX01204,658088997.43,0.0
1205,205,205,205,VN00205,205,TRX01205,0.0,864256135.13
1206,206,206,206,VN00206,206,TRX01206,0.0,812280600.3
1207,207,207,207,VN00207,207,TRX01207,0.0,326578645.49
1208,208,208,208,VN00208,208,TRX01208,0.0,128173327.95
1209,209,209,209,VN00209,209,TRX01209,0.0,412467338.2
1210,210,210,210,VN00210,210,TRX01210,0.0,718879324.28
1211,211,211,211,VN00211,211,TRX01211,7792981.48,0.0
1212,212,212,212,VN00212,212,TRX01212,0.0,520155062.93
1213,213,213,213,VN00213,213,TRX01213,358460293.16,0.0
1214,214,214,214,VN00214,214,TRX01214,488315679.51,0.0
1215,215,215,215,VN00215,215,TRX01215,924085513.7,0.0
1216,216,216,216,VN00216,216,TRX01216,0.0,866604190.06
1217,217,217,217,VN00217,217,TRX01217,0.0,519153770.93
1218,218,218,218,VN00218,218,TRX01218,0.0,240237943.93
1219,219,219,219,VN00219,219,TRX01219,0.0,789819553.44
1220,220,220,220,VN00220,220,TRX01220,747060132.47,0.0
1221,221,221,221,VN00221,221,TRX01221,0.0,640862523.46
1222,222,222,222,VN00222,222,TRX01222,384041328.39,0.0
1223,223,223,223,VN00223,223,TRX01223,492113710.63,0.0
1224,224,224,224,VN00224,224,TRX01224,0.0,68759380.6
1225,225,225,225,VN00225,225,TRX01225,0.0,741080128.99
1226,226,226,226,VN00226,226,TRX01226,0.0,555471582.81
1227,227,227,227,VN00227,227,TRX01227,0.0,618708741.68
1228,228,228,228,VN00228,228,TRX01228,0.0,832546315.86
1229,229,229,229,VN00229,229,TRX01229,0.0,602321584.18
1230,230,230,230,VN00230,230,TRX01230,0.0,721114073.28
1231,231,231,231,VN00231,231,TRX01231,0.0,836367356.91
1232,232,232,232,VN00232,232,TRX01232,332777817.87,0.0
1233,233,233,233,VN00233,233,TRX01233,710046337.82,0.0
1234,234,234,234,VN00234,234,TRX01234,972624492.11,0.0
1235,235,235,235,VN00235,235,TRX01235,916239914.87,0.0
1236,236,236,236,VN00236,236,TRX01236,971487726.39,0.0
1237,237,237,237,VN00237,237,TRX01237,36207519.94,0.0
1238,238,238,238,VN00238,238,TRX01238,0.0,115667390.94
1239,239,239,239,VN00239,239,TRX01239,0.0,703389538.11
1240,240,240,240,VN00240,240,TRX01240,246559734.4,0.0
1241,241,241,241,VN00241,241,TRX01241,844060908.14,0.0
1242,242,242,242,VN00242,242,TRX01242,750191679.79,0.0
1243,243,243,243,VN00243,243,TRX01243,328802418.94,0.0
1244,244,244,244,VN00244,244,TRX01244,0.0,370834289.72
1245,245,245,245,VN00245,245,TRX01245,188329877.06,0.0
1246,246,246,246,VN00246,246,TRX01246,3827203.8,0.0
1247,247,247,247,VN00247,247,TRX01247,0.0,408362562.4
1248,248,248,248,VN00248,248,TRX01248,709642319.39,0.0
1249,249,249,249,VN00249,249,TRX01249,528818447.0,0.0
1250,250,250,250,VN00250,250,TRX01250,0.0,909665609.77
1251,1,1,1,VN00001,1,TRX01251,0.0,26757591.64
1252,2,2,2,VN00002,2,TRX01252,380041901.02,0.0
1253,3,3,3,VN00003,3,TRX01253,0.0,28523732.63
1254,4,4,4,VN00004,4,TRX01254,0.0,564225870.65
1255,5,5,5,VN00005,5,TRX01255,0.0,68763090.2
1256,6,6,6,VN00006,6,TRX01256,0.0,901018131.5
1257,7,7,7,VN00007,7,TRX01257,124703951.84,0.0
1258,8,8,8,VN00008,8,TRX01258,0.0,967903998.64
1259,9,9,9,VN00009,9,TRX01259,946272181.0,0.0
1260,10,10,10,VN00010,10,TRX01260,0.0,284412720.52
1261,11,11,11,VN00011,11,TRX01261,0.0,749435175.93
1262,12,12,12,VN00012,12,TRX01262,598040009.55,0.0
1263,13,13,13,VN00013,13,TRX01263,413156809.45,0.0
1264,14,14,14,VN00014,14,TRX01264,595285893.5,0.0
1265,15,15,15,VN00015,15,TRX01265,0.0,451862506.83
1266,16,16,16,VN00016,16,TRX01266,484187887.93,0.0
1267,17,17,17,VN00017,17,TRX01267,972133503.91,0.0
1268,18,18,18,VN00018,18,TRX01268,427720815.11,0.0
1269,19,19,19,VN00019,19,TRX01269,0.0,23819691.43
1270,20,20,20,VN00020,20,TRX01270,927506880.62,0.0
1271,21,21,21,VN00021,21,TRX01271,610774319.97,0.0
1272,22,22,22,VN00022,22,TRX01272,0.0,626701308.58
1273,23,23,23,VN00023,23,TRX01273,543404624.57,0.0
1274,24,24,24,VN00024,24,TRX01274,0.0,145895709.85
1275,25,25,25,VN00025,25,TRX01275,0.0,819167843.71
1276,26,26,26,VN00026,26,TRX01276,978697175.92,0.0
1277,27,27,27,VN00027,27,TRX01277,0.0,66675343.64
1278,28,28,28,VN00028,28,TRX01278,808757370.54,0.0
1279,29,29,29,VN00029,29,TRX01279,0.0,754662.41
1280,30,30,30,VN00030,30,TRX01280,999201262.58,0.0
1281,31,31,31,VN00031,31,TRX01281,288613498.97,0.0
1282,32,32,32,VN00032,32,TRX01282,0.0,749753182.01
1283,33,33,33,VN00033,33,TRX01283,542826090.0,0.0
1284,34,34,34,VN00034,34,TRX01284,0.0,717960560.25
1285,35,35,35,VN00035,35,TRX01285,480976000.58,0.0
1286,36,36,36,VN00036,36,TRX01286,0.0,979494050.53
1287,37,37,37,VN00037,37,TRX01287,0.0,650460227.83
1288,38,38,38,VN00038,38,TRX01288,0.0,323553214.1
1289,39,39,39,VN00039,39,TRX01289,81684662.11,0.0
1290,40,40,40,VN00040,40,TRX01290,10085418.92,0.0
1291,41,41,41,VN00041,41,TRX01291,860543487.54,0.0
1292,42,42,42,VN00042,42,TRX01292,0.0,136190381.89
1293,43,43,43,VN00043,43,TRX01293,934088705.57,0.0
1294,44,44,44,VN00044,44,TRX01294,0.0,916632658.99
1295,45,45,45,VN00045,45,TRX01295,0.0,287461015.86
1296,46,46,46,VN00046,46,TRX01296,428193943.54,0.0
1297,47,47,47,VN00047,47,TRX01297,860883784.08,0.0
1298,48,48,48,VN00048,48,TRX01298,0.0,115257521.71
1299,49,49,49,VN00049,49,TRX01299,302204398.0,0.0
1300,50,50,50,VN00050,50,TRX01300,0.0,21005175.93
1301,51,51,51,VN00051,51,TRX01301,180052490.63,0.0
1302,52,52,52,VN00052,52,TRX01302,635374836.18,0.0
1303,53,53,53,VN00053,53,TRX01303,0.0,79314978.24
1304,54,54,54,VN00054,54,TRX01304,0.0,955587498.28
1305,55,55,55,VN00055,55,TRX01305,221944767.71,0.0
1306,56,56,56,VN00056,56,TRX01306,699809247.95,0.0
1307,57,57,57,VN00057,57,TRX01307,794504317.56,0.0
1308,58,58,58,VN00058,58,TRX01308,953354826.92,0.0
1309,59,59,59,VN00059,59,TRX01309,308649897.36,0.0
1310,60,60,60,VN00060,60,TRX01310,548633584.11,0.0
1311,61,61,61,VN00061,61,TRX01311,146812755.56,0.0
1312,62,62,62,VN00062,62,TRX01312,436895159.33,0.0
1313,63,63,63,VN00063,63,TRX01313,0.0,272223761.28
1314,64,64,64,VN00064,64,TRX01314,0.0,252570653.78
1315,65,65,65,VN00065,65,TRX01315,803365598.76,0.0
1316,66,66,66,VN00066,66,TRX01316,803229724.2,0.0
1317,67,67,67,VN00067,67,TRX01317,704505679.26,0.0
1318,68,68,68,VN00068,68,TRX01318,0.0,952949692.88
1319,69,69,69,VN00069,69,TRX01319,0.0,102838625.81
1320,70,70,70,VN00070,70,TRX01320,0.0,257586778.95
1321,71,71,71,VN00071,71,TRX01321,0.0,239435056.07
1322,72,72,72,VN00072,72,TRX01322,621844751.46,0.0
1323,73,73,73,VN00073,73,TRX01323,0.0,501344428.72
1324,74,74,74,VN00074,74,TRX01324,0.0,891910098.59
1325,75,75,75,VN00075,75,TRX01325,689142870.17,0.0
1326,76,76,76,VN00076,76,TRX01326,58881782.83,0.0
1327,77,77,77,VN00077,77,TRX01327,0.0,156958623.45
1328,78,78,78,VN00078,78,TRX01328,0.0,343544510.97
1329,79,79,79,VN00079,79,TRX01329,0.0,602521864.31
1330,80,80,80,VN00080,80,TRX01330,248798003.75,0.0
1331,81,81,81,VN00081,81,TRX01331,21602672.64,0.0
1332,82,82,82,VN00082,82,TRX01332,809278472.43,0.0
1333,83,83,83,VN00083,83,TRX01333,0.0,280306051.51
1334,84,84,84,VN00084,84,TRX01334,0.0,128077424.16
1335,85,85,85,VN00085,85,TRX01335,893047218.89,0.0
1336,86,86,86,VN00086,86,TRX01336,0.0,984423002.37
1337,87,87,87,VN00087,87,TRX01337,0.0,915492978.34
1338,88,88,88,VN00088,88,TRX01338,20449734.9,0.0
1339,89,89,89,VN00089,89,TRX01339,0.0,989290703.95
1340,90,90,90,VN00090,90,TRX01340,0.0,803594207.97
1341,91,91,91,VN00091,91,TRX01341,0.0,537165944.35
1342,92,92,92,VN00092,92,TRX01342,0.0,681180055.99
1343,93,93,93,VN00093,93,TRX01343,693223543.89,0.0
1344,94,94,94,VN00094,94,TRX01344,0.0,359943.06
1345,95,95,95,VN00095,95,TRX01345,166744210.18,0.0
1346,96,96,96,VN00096,96,TRX01346,0.0,831876232.24
1347,97,97,97,VN00097,97,TRX01347,912390362.18,0.0
1348,98,98,98,VN00098,98,TRX01348,391699085.75,0.0
1349,99,99,99,VN00099,99,TRX01349,0.0,826716853.43
1350,100,100,100,VN00100,100,TRX01350,574673751.84,0.0
1351,101,101,101,VN00101,101,TRX01351,0.0,731432365.22
1352,102,102,102,VN00102,102,TRX01352,724963119.08,0.0
1353,103,103,103,VN00103,103,TRX01353,790062552.45,0.0
1354,104,104,104,VN00104,104,TRX01354,0.0,714653224.16
1355,105,105,105,VN00105,105,TRX01355,956993957.27,0.0
1356,106,106,106,VN00106,106,TRX01356,816192199.65,0.0
1357,107,107,107,VN00107,107,TRX01357,0.0,628775975.87
1358,108,108,108,VN00108,108,TRX01358,231301052.0,0.0
1359,109,109,109,VN00109,109,TRX01359,242090644.78,0.0
1360,110,110,110,VN00110,110,TRX01360,0.0,583813760.03
1361,111,111,111,VN00111,111,TRX01361,208263408.15,0.0
1362,112,112,112,VN00112,112,TRX01362,934502377.7,0.0
1363,113,113,113,VN00113,113,TRX01363,951662443.52,0.0
1364,114,114,114,VN00114,114,TRX01364,0.0,904057968.22
1365,115,115,115,VN00115,115,TRX01365,0.0,67464397.97
1366,116,116,116,VN00116,116,TRX01366,857030320.5,0.0
1367,117,117,117,VN00117,117,TRX01367,0.0,500591141.61
1368,118,118,118,VN00118,118,TRX01368,0.0,568801917.36
1369,119,119,119,VN00119,119,TRX01369,461816685.87,0.0
1370,120,120,120,VN00120,120,TRX01370,0.0,783054171.69
1371,121,121,121,VN00121,121,TRX01371,982216683.47,0.0
1372,122,122,122,VN00122,122,TRX01372,139951431.99,0.0
1373,123,123,123,VN00123,123,TRX01373,0.0,902367879.57
1374,124,124,124,VN00124,124,TRX01374,0.0,94856185.33
1375,125,125,125,VN00125,125,TRX01375,711011112.69,0.0
1376,126,126,126,VN00126,126,TRX01376,0.0,573691564.08
1377,127,127,127,VN00127,127,TRX01377,0.0,306779065.32
1378,128,128,128,VN00128,128,TRX01378,0.0,868291131.76
1379,129,129,129,VN00129,129,TRX01379,0.0,943527011.15
1380,130,130,130,VN00130,130,TRX01380,0.0,840740749.82
1381,131,131,131,VN00131,131,TRX01381,0.0,763687138.28
1382,132,132,132,VN00132,132,TRX01382,0.0,334792291.66
1383,133,133,133,VN00133,133,TRX01383,0.0,312231729.55
1384,134,134,134,VN00134,134,TRX01384,543563123.97,0.0
1385,135,135,135,VN00135,135,TRX01385,108338030.09,0.0
1386,136,136,136,VN00136,136,TRX01386,0.0,778618850.97
1387,137,137,137,VN00137,137,TRX01387,0.0,938892485.89
1388,138,138,138,VN00138,138,TRX01388,348042058.89,0.0
1389,139,139,139,VN00139,139,TRX01389,0.0,713346050.0
1390,140,140,140,VN00140,140,TRX01390,796228917.6,0.0
1391,141,141,141,VN00141,141,TRX01391,0.0,455646411.22
1392,142,142,142,VN00142,142,TRX01392,0.0,170018983.98
1393,143,143,143,VN00143,143,TRX01393,0.0,880192477.74
1394,144,144,144,VN00144,144,TRX01394,78086116.79,0.0
1395,145,145,145,VN00145,145,TRX01395,852416826.4,0.0
1396,146,146,146,VN00146,146,TRX01396,673778934.48,0.0
1397,147,147,147,VN00147,147,TRX01397,55319496.99,0.0
1398,148,148,148,VN00148,148,TRX01398,0.0,686812561.66
1399,149,149,149,VN00149,149,TRX01399,0.0,569150183.28
1400,150,150,150,VN00150,150,TRX01400,0.0,609227720.62
1401,151,151,151,VN00151,151,TRX01401,0.0,112497266.55
1402,152,152,152,VN00152,152,TRX01402,0.0,873889608.69
1403,153,153,153,VN00153,153,TRX01403,0.0,643418032.34
1404,154,154,154,VN00154,154,TRX01404,937362609.55,0.0
1405,155,155,155,VN00155,155,TRX01405,47930129.38,0.0
1406,156,156,156,VN00156,156,TRX01406,881432305.44,0.0
1407,157,157,157,VN00157,157,TRX01407,0.0,996018574.51
1408,158,158,158,VN00158,158,TRX01408,0.0,258136839.17
1409,159,159,159,VN00159,159,TRX01409,0.0,192108307.72
1410,160,160,160,VN00160,160,TRX01410,0.0,801384196.02
1411,161,161,161,VN00161,161,TRX01411,804699905.85,0.0
1412,162,162,162,VN00162,162,TRX01412,80937371.58,0.0
1413,163,163,163,VN00163,163,TRX01413,0.0,983155703.68
1414,164,164,164,VN00164,164,TRX01414,817250597.47,0.0
1415,165,165,165,VN00165,165,TRX01415,595462029.82,0.0
1416,166,166,166,VN00166,166,TRX01416,707929399.95,0.0
1417,167,167,167,VN00167,167,TRX01417,345820283.25,0.0
1418,168,168,168,VN00168,168,TRX01418,470560362.67,0.0
1419,169,169,169,VN00169,169,TRX01419,147362833.97,0.0
1420,170,170,170,VN00170,170,TRX01420,499907285.89,0.0
1421,171,171,171,VN00171,171,TRX01421,782821346.14,0.0
1422,172,172,172,VN00172,172,TRX01422,0.0,10079326.01
1423,173,173,173,VN00173,173,TRX01423,133484395.99,0.0
1424,174,174,174,VN00174,174,TRX01424,0.0,353745130.67
1425,175,175,175,VN00175,175,TRX01425,0.0,895130965.86
1426,176,176,176,VN00176,176,TRX01426,0.0,267129020.26
1427,177,177,177,VN00177,177,TRX01427,804881681.11,0.0
1428,178,178,178,VN00178,178,TRX01428,0.0,782159175.95
1429,179,179,179,VN00179,179,TRX01429,512379563.44,0.0
1430,180,180,180,VN00180,180,TRX01430,0.0,159318861.43
1431,181,181,181,VN00181,181,TRX01431,83479091.81,0.0
1432,182,182,182,VN00182,182,TRX01432,828275978.31,0.0
1433,183,183,183,VN00183,183,TRX01433,0.0,209014517.81
1434,184,184,184,VN00184,184,TRX01434,0.0,986311468.21
1435,185,185,185,VN00185,185,TRX01435,0.0,934460184.63
1436,186,186,186,VN00186,186,TRX01436,0.0,14379773.61
1437,187,187,187,VN00187,187,TRX01437,449291067.87,0.0
1438,188,188,188,VN00188,188,TRX01438,0.0,840308077.98
1439,189,189,189,VN00189,189,TRX01439,0.0,137790584.59
1440,190,190,190,VN00190,190,TRX01440,846078817.48,0.0
1441,191,191,191,VN00191,191,TRX01441,612378354.59,0.0
1442,192,192,192,VN00192,192,TRX01442,537919081.98,0.0
1443,193,193,193,VN00193,193,TRX01443,0.0,595658448.56
1444,194,194,194,VN00194,194,TRX01444,490369277.14,0.0
1445,195,195,195,VN00195,195,TRX01445,273454481.38,0.0
1446,196,196,196,VN00196,196,TRX01446,0.0,468570314.46
1447,197,197,197,VN00197,197,TRX01447,0.0,213563705.0
1448,198,198,198,VN00198,198,TRX01448,0.0,434763212.88
1449,199,199,199,VN00199,199,TRX01449,680534446.49,0.0
1450,200,200,200,VN00200,200,TRX01450,0.0,132091124.18
1451,201,201,201,VN00201,201,TRX01451,0.0,848388695.2
1452,202,202,202,VN00202,202,TRX01452,0.0,57980584.99
1453,203,203,203,VN00203,203,TRX01453,0.0,197079308.18
1454,204,204,204,VN00204,204,TRX01454,0.0,903003023.21
1455,205,205,205,VN00205,205,TRX01455,650213246.23,0.0
1456,206,206,206,VN00206,206,TRX01456,897765112.08,0.0
1457,207,207,207,VN00207,207,TRX01457,0.0,462774289.29
1458,208,208,208,VN00208,208,TRX01458,933117273.91,0.0
1459,209,209,209,VN00209,209,TRX01459,0.0,322908697.27
1460,210,210,210,VN00210,210,TRX01460,0.0,592078801.36
1461,211,211,211,VN00211,211,TRX01461,702627010.94,0.0
1462,212,212,212,VN00212,212,TRX01462,7552738.24,0.0
1463,213,213,213,VN00213,213,TRX01463,42975399.46,0.0
1464,214,214,214,VN00214,214,TRX01464,33769586.08,0.0
1465,215,215,215,VN00215,215,TRX01465,527617397.99,0.0
1466,216,216,216,VN00216,216,TRX01466,776509799.11,0.0
1467,217,217,217,VN00217,217,TRX01467,0.0,472696524.07
1468,218,218,218,VN00218,218,TRX01468,0.0,410316757.64
1469,219,219,219,VN00219,219,TRX01469,174894689.35,0.0
1470,220,220,220,VN00220,220,TRX01470,0.0,68779211.14
1471,221,221,221,VN00221,221,TRX01471,244662445.99,0.0
1472,222,222,222,VN00222,222,TRX01472,853385607.14,0.0
1473,223,223,223,VN00223,223,TRX01473,370387602.47,0.0
1474,224,224,224,VN00224,224,TRX01474,521296828.46,0.0
1475,225,225,225,VN00225,225,TRX01475,0.0,876386339.08
1476,226,226,226,VN00226,226,TRX01476,0.0,984698022.65
1477,227,227,227,VN00227,227,TRX01477,0.0,687605074.0
1478,228,228,228,VN00228,228,TRX01478,0.0,574417195.22
1479,229,229,229,VN00229,229,TRX01479,564126507.63,0.0
1480,230,230,230,VN00230,230,TRX01480,0.0,526239031.49
1481,231,231,231,VN00231,231,TRX01481,549143490.97,0.0
1482,232,232,232,VN00232,232,TRX01482,0.0,427983786.09
1483,233,233,233,VN00233,233,TRX01483,566366214.87,0.0
1484,234,234,234,VN00234,234,TRX01484,0.0,443811777.07
1485,235,235,235,VN00235,235,TRX01485,105683934.5,0.0
1486,236,236,236,VN00236,236,TRX01486,278449662.25,0.0
1487,237,237,237,VN00237,237,TRX01487,0.0,871295860.25
1488,238,238,238,VN00238,238,TRX01488,744879231.66,0.0
1489,239,239,239,VN00239,239,TRX01489,935666577.73,0.0
1490,240,240,240,VN00240,240,TRX01490,424687196.83,0.0
1491,241,241,241,VN00241,241,TRX01491,0.0,91564897.11
1492,242,242,242,VN00242,242,TRX01492,0.0,570581953.93
1493,243,243,243,VN00243,243,TRX01493,131487610.04,0.0
1494,244,244,244,VN00244,244,TRX01494,384450563.69,0.0
1495,245,245,245,VN00245,245,TRX01495,664392064.54,0.0
1496,246,246,246,VN00246,246,TRX01496,0.0,476255229.1
1497,247,247,247,VN00247,247,TRX01497,192156492.5,0.0
1498,248,248,248,VN00248,248,TRX01498,0.0,846227435.54
1499,249,249,249,VN00249,249,TRX01499,0.0,542312081.64
1500,250,250,250,VN00250,250,TRX01500,355359719.94,0.0
1501,1,1,1,VN00001,1,TRX01501,460432018.08,0.0
1502,2,2,2,VN00002,2,TRX01502,95359718.9,0.0
1503,3,3,3,VN00003,3,TRX01503,0.0,918713454.51
1504,4,4,4,VN00004,4,TRX01504,0.0,575914205.18
1505,5,5,5,VN00005,5,TRX01505,509970961.49,0.0
1506,6,6,6,VN00006,6,TRX01506,431265739.32,0.0
1507,7,7,7,VN00007,7,TRX01507,0.0,399081668.76
1508,8,8,8,VN00008,8,TRX01508,214294208.09,0.0
1509,9,9,9,VN00009,9,TRX01509,856079197.42,0.0
1510,10,10,10,VN00010,10,TRX01510,622204412.79,0.0
1511,11,11,11,VN00011,11,TRX01511,0.0,230298881.99
1512,12,12,12,VN00012,12,TRX01512,0.0,840945508.35
1513,13,13,13,VN00013,13,TRX01513,350125512.54,0.0
1514,14,14,14,VN00014,14,TRX01514,615296538.33,0.0
1515,15,15,15,VN00015,15,TRX01515,0.0,390181342.47
1516,16,16,16,VN00016,16,TRX01516,527034875.21,0.0
1517,17,17,17,VN00017,17,TRX01517,0.0,785115000.3
1518,18,18,18,VN00018,18,TRX01518,0.0,739202826.06
1519,19,19,19,VN00019,19,TRX01519,0.0,432875026.45
1520,20,20,20,VN00020,20,TRX01520,0.0,34806718.41
1521,21,21,21,VN00021,21,TRX01521,392450213.52,0.0
1522,22,22,22,VN00022,22,TRX01522,269344270.12,0.0
1523,23,23,23,VN00023,23,TRX01523,955692639.51,0.0
1524,24,24,24,VN00024,24,TRX01524,45284962.85,0.0
1525,25,25,25,VN00025,25,TRX01525,618383073.29,0.0
1526,26,26,26,VN00026,26,TRX01526,846124122.43,0.0
1527,27,27,27,VN00027,27,TRX01527,271912909.96,0.0
1528,28,28,28,VN00028,28,TRX01528,978746071.73,0.0
1529,29,29,29,VN00029,29,TRX01529,0.0,290697201.4
1530,30,30,30,VN00030,30,TRX01530,0.0,613126683.4
1531,31,31,31,VN00031,31,TRX01531,270309316.93,0.0
1532,32,32,32,VN00032,32,TRX01532,0.0,234751788.64
1533,33,33,33,VN00033,33,TRX01533,0.0,751444202.82
1534,34,34,34,VN00034,34,TRX01534,0.0,750794558.13
1535,35,35,35,VN00035,35,TRX01535,608549409.15,0.0
1536,36,36,36,VN00036,36,TRX01536,0.0,213904037.51
1537,37,37,37,VN00037,37,TRX01537,0.0,463138049.99
1538,38,38,38,VN00038,38,TRX01538,575545213.22,0.0
1539,39,39,39,VN00039,39,TRX01539,0.0,81620650.74
1540,40,40,40,VN00040,40,TRX01540,0.0,448399040.01
1541,41,41,41,VN00041,41,TRX01541,0.0,680165190.76
1542,42,42,42,VN00042,42,TRX01542,970443622.18,0.0
1543,43,43,43,VN00043,43,TRX01543,0.0,962489647.01
1544,44,44,44,VN00044,44,TRX01544,0.0,302921794.21
1545,45,45,45,VN00045,45,TRX01545,0.0,821945574.38
1546,46,46,46,VN00046,46,TRX01546,0.0,49014285.71
1547,47,47,47,VN00047,47,TRX01547,785443446.25,0.0
1548,48,48,48,VN00048,48,TRX01548,137330098.21,0.0
1549,49,49,49,VN00049,49,TRX01549,0.0,684691694.5
1550,50,50,50,VN00050,50,TRX01550,386632600.22,0.0
1551,51,51,51,VN00051,51,TRX01551,129683220.56,0.0
1552,52,52,52,VN00052,52,TRX01552,0.0,404616463.26
1553,53,53,53,VN00053,53,TRX01553,588728020.22,0.0
1554,54,54,54,VN00054,54,TRX01554,0.0,839575288.6
1555,55,55,55,VN00055,55,TRX01555,300901289.49,0.0
1556,56,56,56,VN00056,56,TRX01556,0.0,637728758.92
1557,57,57,57,VN00057,57,TRX01557,92995721.95,0.0
1558,58,58,58,VN00058,58,TRX01558,0.0,84798223.28
1559,59,59,59,VN00059,59,TRX01559,308756668.04,0.0
1560,60,60,60,VN00060,60,TRX01560,0.0,160151443.3
1561,61,61,61,VN00061,61,TRX01561,791849481.4,0.0
1562,62,62,62,VN00062,62,TRX01562,0.0,529516226.82
1563,63,63,63,VN00063,63,TRX01563,341163756.75,0.0
1564,64,64,64,VN00064,64,TRX01564,206268767.13,0.0
1565,65,65,65,VN00065,65,TRX01565,0.0,313189338.6
1566,66,66,66,VN00066,66,TRX01566,734936672.5,0.0
1567,67,67,67,VN00067,67,TRX01567,714426893.81,0.0
1568,68,68,68,VN00068,68,TRX01568,182019178.7,0.0
1569,69,69,69,VN00069,69,TRX01569,0.0,894429782.19
1570,70,70,70,VN00070,70,TRX01570,688206766.66,0.0
1571,71,71,71,VN00071,71,TRX01571,738149894.52,0.0
1572,72,72,72,VN00072,72,TRX01572,636036971.83,0.0
1573,73,73,73,VN00073,73,TRX01573,194822712.2,0.0
1574,74,74,74,VN00074,74,TRX01574,0.0,17963097.18
1575,75,75,75,VN00075,75,TRX01575,0.0,859314121.65
1576,76,76,76,VN00076,76,TRX01576,0.0,229196283.89
1577,77,77,77,VN00077,77,TRX01577,0.0,537588220.2
1578,78,78,78,VN00078,78,TRX01578,859378504.91,0.0
1579,79,79,79,VN00079,79,TRX01579,649650312.07,0.0
1580,80,80,80,VN00080,80,TRX01580,0.0,663619352.23
1581,81,81,81,VN00081,81,TRX01581,216368279.69,0.0
1582,82,82,82,VN00082,82,TRX01582,352561824.15,0.0
1583,83,83,83,VN00083,83,TRX01583,0.0,701176078.03
1584,84,84,84,VN00084,84,TRX01584,0.0,990532798.49
1585,85,85,85,VN00085,85,TRX01585,948757806.56,0.0
1586,86,86,86,VN00086,86,TRX01586,734868261.49,0.0
1587,87,87,87,VN00087,87,TRX01587,124678716.04,0.0
1588,88,88,88,VN00088,88,TRX01588,693365352.36,0.0
1589,89,89,89,VN00089,89,TRX01589,0.0,520353459.92
1590,90,90,90,VN00090,90,TRX01590,0.0,789702896.29
1591,91,91,91,VN00091,91,TRX01591,999474173.3,0.0
1592,92,92,92,VN00092,92,TRX01592,724125290.74,0.0
1593,93,93,93,VN00093,93,TRX01593,622437969.26,0.0
1594,94,94,94,VN00094,94,TRX01594,873097873.37,0.0
1595,95,95,95,VN00095,95,TRX01595,0.0,49865723.94
1596,96,96,96,VN00096,96,TRX01596,666845090.32,0.0
1597,97,97,97,VN00097,97,TRX01597,468280432.47,0.0
1598,98,98,98,VN00098,98,TRX01598,123949767.73,0.0
1599,99,99,99,VN00099,99,TRX01599,0.0,631243718.01
1600,100,100,100,VN00100,100,TRX01600,0.0,143808308.41
1601,101,101,101,VN00101,101,TRX01601,473249903.87,0.0
1602,102,102,102,VN00102,102,TRX01602,125271557.04,0.0
1603,103,103,103,VN00103,103,TRX01603,75283174.78,0.0
1604,104,104,104,VN00104,104,TRX01604,664838464.76,0.0
1605,105,105,105,VN00105,105,TRX01605,837908163.99,0.0
1606,106,106,106,VN00106,106,TRX01606,924094045.42,0.0
1607,107,107,107,VN00107,107,TRX01607,0.0,460674335.94
1608,108,108,108,VN00108,108,TRX01608,0.0,991245277.16
1609,109,109,109,VN00109,109,TRX01609,0.0,84180501.65
1610,110,110,110,VN00110,110,TRX01610,424041668.36,0.0
1611,111,111,111,VN00111,111,TRX01611,406320032.87,0.0
1612,112,112,112,VN00112,112,TRX01612,0.0,97865238.96
1613,113,113,113,VN00113,113,TRX01613,0.0,178171797.17
1614,114,114,114,VN00114,114,TRX01614,0.0,382544295.5
1615,115,115,115,VN00115,115,TRX01615,0.0,116802384.04
1616,116,116,116,VN00116,116,TRX01616,0.0,24982487.53
1617,117,117,117,VN00117,117,TRX01617,729661045.91,0.0
1618,118,118,118,VN00118,118,TRX01618,0.0,23924836.41
1619,119,119,119,VN00119,119,TRX01619,0.0,810005616.74
1620,120,120,120,VN00120,120,TRX01620,0.0,180753587.02
1621,121,121,121,VN00121,121,TRX01621,459717160.91,0.0
1622,122,122,122,VN00122,122,TRX01622,117653504.39,0.0
1623,123,123,123,VN00123,123,TRX01623,719509611.96,0.0
1624,124,124,124,VN00124,124,TRX01624,0.0,678623609.59
1625,125,125,125,VN00125,125,TRX01625,366179454.18,0.0
1626,126,126,126,VN00126,126,TRX01626,758739777.3,0.0
1627,127,127,127,VN00127,127,TRX01627,741918717.97,0.0
1628,128,128,128,VN00128,128,TRX01628,54042167.52,0.0
1629,129,129,129,VN00129,129,TRX01629,0.0,809163066.51
1630,130,130,130,VN00130,130,TRX01630,0.0,588279169.31
1631,131,131,131,VN00131,131,TRX01631,0.0,571929739.31
1632,132,132,132,VN00132,132,TRX01632,0.0,610904351.0
1633,133,133,133,VN00133,133,TRX01633,0.0,506511701.8
1634,134,134,134,VN00134,134,TRX01634,583390208.19,0.0
1635,135,135,135,VN00135,135,TRX01635,282053087.32,0.0
1636,136,136,136,VN00136,136,TRX01636,0.0,996923976.79
1637,137,137,137,VN00137,137,TRX01637,738388552.53,0.0
1638,138,138,138,VN00138,138,TRX01638,413191878.32,0.0
1639,139,139,139,VN00139,139,TRX01639,0.0,379527543.4
1640,140,140,140,VN00140,140,TRX01640,844401261.01,0.0
1641,141,141,141,VN00141,141,TRX01641,238684744.81,0.0
1642,142,142,142,VN00142,142,TRX01642,528342377.74,0.0
1643,143,143,143,VN00143,143,TRX01643,827710380.64,0.0
1644,144,144,144,VN00144,144,TRX01644,0.0,22950001.91
1645,145,145,145,VN00145,145,TRX01645,0.0,323489892.17
1646,146,146,146,VN00146,146,TRX01646,0.0,822489795.87
1647,147,147,147,VN00147,147,TRX01647,764465542.51,0.0
1648,148,148,148,VN00148,148,TRX01648,0.0,733513991.76
1649,149,149,149,VN00149,149,TRX01649,0.0,825617761.29
1650,150,150,150,VN00150,150,TRX01650,0.0,229657649.56
1651,151,151,151,VN00151,151,TRX01651,203936507.71,0.0
1652,152,152,152,VN00152,152,TRX01652,0.0,597971540.13
1653,153,153,153,VN00153,153,TRX01653,0.0,897632468.69
1654,154,154,154,VN00154,154,TRX01654,420191465.09,0.0
1655,155,155,155,VN00155,155,TRX01655,0.0,255190064.79
1656,156,156,156,VN00156,156,TRX01656,840410698.03,0.0
1657,157,157,157,VN00157,157,TRX01657,0.0,668635252.33
1658,158,158,158,VN00158,158,TRX01658,545093105.18,0.0
1659,159,159,159,VN00159,159,TRX01659,0.0,148982274.1
1660,160,160,160,VN00160,160,TRX01660,390026153.35,0.0
1661,161,161,161,VN00161,161,TRX01661,0.0,119782873.67
1662,162,162,162,VN00162,162,TRX01662,0.0,162687193.88
1663,163,163,163,VN00163,163,TRX01663,883264400.53,0.0
1664,164,164,164,VN00164,164,TRX01664,0.0,900124372.94
1665,165,165,165,VN00165,165,TRX01665,0.0,428090919.65
1666,166,166,166,VN00166,166,TRX01666,119107223.16,0.0
1667,167,167,167,VN00167,167,TRX01667,883389056.5,0.0
1668,168,168,168,VN00168,168,TRX01668,540771678.07,0.0
1669,169,169,169,VN00169,169,TRX01669,561327747.68,0.0
1670,170,170,170,VN00170,170,TRX01670,0.0,430012816.9
1671,171,171,171,VN00171,171,TRX01671,951362110.02,0.0
1672,172,172,172,VN00172,172,TRX01672,798608146.52,0.0
1673,173,173,173,VN00173,173,TRX01673,651583447.71,0.0
1674,174,174,174,VN00174,174,TRX01674,0.0,668408141.58
1675,175,175,175,VN00175,175,TRX01675,133468528.05,0.0
1676,176,176,176,VN00176,176,TRX01676,0.0,307990436.94
1677,177,177,177,VN00177,177,TRX01677,0.0,462537751.73
1678,178,178,178,VN00178,178,TRX01678,101909124.97,0.0
1679,179,179,179,VN00179,179,TRX01679,11328437.52,0.0
1680,180,180,180,VN00180,180,TRX01680,16268307.64,0.0
1681,181,181,181,VN00181,181,TRX01681,737466576.8,0.0
1682,182,182,182,VN00182,182,TRX01682,0.0,942005714.95
1683,183,183,183,VN00183,183,TRX01683,0.0,888800641.44
1684,184,184,184,VN00184,184,TRX01684,0.0,243071212.68
1685,185,185,185,VN00185,185,TRX01685,540838332.92,0.0
1686,186,186,186,VN00186,186,TRX01686,0.0,529926338.02
1687,187,187,187,VN00187,187,TRX01687,163549725.5,0.0
1688,188,188,188,VN00188,188,TRX01688,817644033.14,0.0
1689,189,189,189,VN00189,189,TRX01689,0.0,446457908.13
1690,190,190,190,VN00190,190,TRX01690,0.0,520476913.78
1691,191,191,191,VN00191,191,TRX01691,338187924.14,0.0
1692,192,192,192,VN00192,192,TRX01692,932158389.66,0.0
1693,193,193,193,VN00193,193,TRX01693,63698797.65,0.0
1694,194,194,194,VN00194,194,TRX01694,312700087.89,0.0
1695,195,195,195,VN00195,195,TRX01695,0.0,541895831.29
1696,196,196,196,VN00196,196,TRX01696,937804841.57,0.0
1697,197,197,197,VN00197,197,TRX01697,90003533.66,0.0
1698,198,198,198,VN00198,198,TRX01698,0.0,432239368.61
1699,199,199,199,VN00199,199,TRX01699,0.0,283160473.34
1700,200,200,200,VN00200,200,TRX01700,0.0,239817016.11
1701,201,201,201,VN00201,201,TRX01701,992309101.3,0.0
1702,202,202,202,VN00202,202,TRX01702,0.0,789425580.99
1703,203,203,203,VN00203,203,TRX01703,0.0,67343706.72
1704,204,204,204,VN00204,204,TRX01704,535853875.24,0.0
1705,205,205,205,VN00205,205,TRX01705,625083848.17,0.0
1706,206,206,206,VN00206,206,TRX01706,311746119.76,0.0
1707,207,207,207,VN00207,207,TRX01707,0.0,544668901.01
1708,208,208,208,VN00208,208,TRX01708,0.0,32885883.84
1709,209,209,209,VN00209,209,TRX01709,194804785.05,0.0
1710,210,210,210,VN00210,210,TRX01710,0.0,804679437.65
1711,211,211,211,VN00211,211,TRX01711,749620112.2,0.0
1712,212,212,212,VN00212,212,TRX01712,947898104.69,0.0
1713,213,213,213,VN00213,213,TRX01713,0.0,343475812.16
1714,214,214,214,VN00214,214,TRX01714,172871114.25,0.0
1715,215,215,215,VN00215,215,TRX01715,0.0,946583157.94
1716,216,216,216,VN00216,216,TRX01716,0.0,170960592.75
1717,217,217,217,VN00217,217,TRX01717,309446624.27,0.0
1718,218,218,218,VN00218,218,TRX01718,406818456.5,0.0
1719,219,219,219,VN00219,219,TRX01719,255803965.17,0.0
1720,220,220,220,VN00220,220,TRX01720,534226752.04,0.0
1721,221,221,221,VN00221,221,TRX01721,0.0,281616728.92
1722,222,222,222,VN00222,222,TRX01722,239692830.38,0.0
1723,223,223,223,VN00223,223,TRX01723,529537233.16,0.0
1724,224,224,224,VN00224,224,TRX01724,0.0,104386552.29
1725,225,225,225,VN00225,225,TRX01725,0.0,435301557.68
1726,226,226,226,VN00226,226,TRX01726,0.0,381503232.15
1727,227,227,227,VN00227,227,TRX01727,567267422.47,0.0
1728,228,228,228,VN00228,228,TRX01728,825199504.73,0.0
1729,229,229,229,VN00229,229,TRX01729,0.0,385961417.24
1730,230,230,230,VN00230,230,TRX01730,898847736.32,0.0
1731,231,231,231,VN00231,231,TRX01731,0.0,266197231.33
1732,232,232,232,VN00232,232,TRX01732,394074796.16,0.0
1733,233,233,233,VN00233,233,TRX01733,813474936.58,0.0
1734,234,234,234,VN00234,234,TRX01734,849248574.29,0.0
1735,235,235,235,VN00235,235,TRX01735,0.0,833161165.63
1736,236,236,236,VN00236,236,TRX01736,115151330.6,0.0
1737,237,237,237,VN00237,237,TRX01737,0.0,448749105.7
1738,238,238,238,VN00238,238,TRX01738,0.0,59104803.55
1739,239,239,239,VN00239,239,TRX01739,0.0,294198586.51
1740,240,240,240,VN00240,240,TRX01740,671452635.37,0.0
1741,241,241,241,VN00241,241,TRX01741,390057924.53,0.0
1742,242,242,242,VN00242,242,TRX01742,0.0,828312564.62
1743,243,243,243,VN00243,243,TRX01743,824213187.57,0.0
1744,244,244,244,VN00244,244,TRX01744,0.0,815205035.4
1745,245,245,245,VN00245,245,TRX01745,641769812.81,0.0
1746,246,246,246,VN00246,246,TRX01746,892120403.52,0.0
1747,247,247,247,VN00247,247,TRX01747,0.0,727378596.23
1748,248,248,248,VN00248,248,TRX01748,271643728.48,0.0
1749,249,249,249,VN00249,249,TRX01749,588547884.48,0.0
1750,250,250,250,VN00250,250,TRX01750,262158725.61,0.0
1751,1,1,1,VN00001,1,TRX01751,637819157.33,0.0
1752,2,2,2,VN00002,2,TRX01752,897147518.19,0.0
1753,3,3,3,VN00003,3,TRX01753,483139602.09,0.0
1754,4,4,4,VN00004,4,TRX01754,824560169.96,0.0
1755,5,5,5,VN00005,5,TRX01755,17104528.29,0.0
1756,6,6,6,VN00006,6,TRX01756,0.0,124596908.93
1757,7,7,7,VN00007,7,TRX01757,944203163.83,0.0
1758,8,8,8,VN00008,8,TRX01758,0.0,832222018.63
1759,9,9,9,VN00009,9,TRX01759,0.0,659127468.57
1760,10,10,10,VN00010,10,TRX01760,0.0,738936886.45
1761,11,11,11,VN00011,11,TRX01761,0.0,30322069.81
1762,12,12,12,VN00012,12,TRX01762,414445931.89,0.0
1763,13,13,13,VN00013,13,TRX01763,0.0,282169046.55
1764,14,14,14,VN00014,14,TRX01764,746558897.68,0.0
1765,15,15,15,VN00015,15,TRX01765,0.0,373239902.45
1766,16,16,16,VN00016,16,TRX01766,0.0,261151311.94
1767,17,17,17,VN00017,17,TRX01767,262633663.21,0.0
1768,18,18,18,VN00018,18,TRX01768,0.0,367816481.92
1769,19,19,19,VN00019,19,TRX01769,0.0,346147824.89
1770,20,20,20,VN00020,20,TRX01770,530817186.95,0.0
1771,21,21,21,VN00021,21,TRX01771,0.0,919453330.67
1772,22,22,22,VN00022,22,TRX01772,218931399.07,0.0
1773,23,23,23,VN00023,23,TRX01773,936666498.99,0.0
1774,24,24,24,VN00024,24,TRX01774,0.0,726490600.72
1775,25,25,25,VN00025,25,TRX01775,127702580.4,0.0
1776,26,26,26,VN00026,26,TRX01776,0.0,354189128.97
1777,27,27,27,VN00027,27,TRX01777,892336161.59,0.0
1778,28,28,28,VN00028,28,TRX01778,0.0,595423584.01
1779,29,29,29,VN00029,29,TRX01779,0.0,302151472.67
1780,30,30,30,VN00030,30,TRX01780,298980535.16,0.0
1781,31,31,31,VN00031,31,TRX01781,237168636.32,0.0
1782,32,32,32,VN00032,32,TRX01782,927635995.53,0.0
1783,33,33,33,VN00033,33,TRX01783,279286744.56,0.0
1784,34,34,34,VN00034,34,TRX01784,169381792.94,0.0
1785,35,35,35,VN00035,35,TRX01785,0.0,562490942.95
1786,36,36,36,VN00036,36,TRX01786,611781078.08,0.0
1787,37,37,37,VN00037,37,TRX01787,158512231.1,0.0
1788,38,38,38,VN00038,38,TRX01788,0.0,309487026.09
1789,39,39,39,VN00039,39,TRX01789,94765016.19,0.0
1790,40,40,40,VN00040,40,TRX01790,0.0,641703789.94
1791,41,41,41,VN00041,41,TRX01791,163448357.73,0.0
1792,42,42,42,VN00042,42,TRX01792,0.0,256472995.46
1793,43,43,43,VN00043,43,TRX01793,675718748.38,0.0
1794,44,44,44,VN00044,44,TRX01794,0.0,353631890.79
1795,45,45,45,VN00045,45,TRX01795,0.0,52939833.67
1796,46,46,46,VN00046,46,TRX01796,0.0,824205981.71
1797,47,47,47,VN00047,47,TRX01797,0.0,378668852.45
1798,48,48,48,VN00048,48,TRX01798,0.0,173681099.14
1799,49,49,49,VN00049,49,TRX01799,0.0,161148485.3
1800,50,50,50,VN00050,50,TRX01800,974422586.75,0.0
1801,51,51,51,VN00051,51,TRX01801,97888035.31,0.0
1802,52,52,52,VN00052,52,TRX01802,878144348.7,0.0
1803,53,53,53,VN00053,53,TRX01803,0.0,149611438.07
1804,54,54,54,VN00054,54,TRX01804,747335394.99,0.0
1805,55,55,55,VN00055,55,TRX01805,0.0,560248091.19
1806,56,56,56,VN00056,56,TRX01806,231778442.81,0.0
1807,57,57,57,VN00057,57,TRX01807,742179795.65,0.0
1808,58,58,58,VN00058,58,TRX01808,0.0,539427898.29
1809,59,59,59,VN00059,59,TRX01809,0.0,697385019.76
1810,60,60,60,VN00060,60,TRX01810,921230471.37,0.0
1811,61,61,61,VN00061,61,TRX01811,69664006.42,0.0
1812,62,62,62,VN00062,62,TRX01812,0.0,936319929.61
1813,63,63,63,VN00063,63,TRX01813,0.0,669090721.09
1814,64,64,64,VN00064,64,TRX01814,90053438.59,0.0
1815,65,65,65,VN00065,65,TRX01815,0.0,677072246.55
1816,66,66,66,VN00066,66,TRX01816,787163389.79,0.0
1817,67,67,67,VN00067,67,TRX01817,267233543.56,0.0
1818,68,68,68,VN00068,68,TRX01818,506615704.7,0.0
1819,69,69,69,VN00069,69,TRX01819,0.0,231336019.84
1820,70,70,70,VN00070,70,TRX01820,0.0,363246749.58
1821,71,71,71,VN00071,71,TRX01821,0.0,71185677.33
1822,72,72,72,VN00072,72,TRX01822,218260870.62,0.0
1823,73,73,73,VN00073,73,TRX01823,0.0,439084673.31
1824,74,74,74,VN00074,74,TRX01824,0.0,273846561.68
1825,75,75,75,VN00075,75,TRX01825,0.0,863244898.63
1826,76,76,76,VN00076,76,TRX01826,482250142.97,0.0
1827,77,77,77,VN00077,77,TRX01827,895422580.93,0.0
1828,78,78,78,VN00078,78,TRX01828,977269375.38,0.0
1829,79,79,79,VN00079,79,TRX01829,0.0,823883877.26
1830,80,80,80,VN00080,80,TRX01830,0.0,877677681.03
1831,81,81,81,VN00081,81,TRX01831,147144609.38,0.0
1832,82,82,82,VN00082,82,TRX01832,0.0,120080750.38
1833,83,83,83,VN00083,83,TRX01833,999066937.98,0.0
1834,84,84,84,VN00084,84,TRX01834,0.0,107671224.38
1835,85,85,85,VN00085,85,TRX01835,559460097.97,0.0
1836,86,86,86,VN00086,86,TRX01836,944732213.56,0.0
1837,87,87,87,VN00087,87,TRX01837,0.0,211937919.36
1838,88,88,88,VN00088,88,TRX01838,0.0,199916295.39
1839,89,89,89,VN00089,89,TRX01839,707296416.86,0.0
1840,90,90,90,VN00090,90,TRX01840,0.0,587014211.31
1841,91,91,91,VN00091,91,TRX01841,470297087.49,0.0
1842,92,92,92,VN00092,92,TRX01842,949380226.94,0.0
1843,93,93,93,VN00093,93,TRX01843,125261168.4,0.0
1844,94,94,94,VN00094,94,TRX01844,807671140.29,0.0
1845,95,95,95,VN00095,95,TRX01845,0.0,378545470.53
1846,96,96,96,VN00096,96,TRX01846,618814093.18,0.0
1847,97,97,97,VN00097,97,TRX01847,776262221.7,0.0
1848,98,98,98,VN00098,98,TRX01848,701000931.15,0.0
1849,99,99,99,VN00099,99,TRX01849,0.0,282541111.11
1850,100,100,100,VN00100,100,TRX01850,930348202.37,0.0
1851,101,101,101,VN00101,101,TRX01851,161829309.91,0.0
1852,102,102,102,VN00102,102,TRX01852,720008246.46,0.0
1853,103,103,103,VN00103,103,TRX01853,253180445.26,0.0
1854,104,104,104,VN00104,104,TRX01854,0.0,29229534.37
1855,105,105,105,VN00105,105,TRX01855,0.0,338819691.68
1856,106,106,106,VN00106,106,TRX01856,0.0,170796071.69
1857,107,107,107,VN00107,107,TRX01857,784792373.39,0.0
1858,108,108,108,VN00108,108,TRX01858,817446255.11,0.0
1859,109,109,109,VN00109,109,TRX01859,162429839.22,0.0
1860,110,110,110,VN00110,110,TRX01860,807099539.09,0.0
1861,111,111,111,VN00111,111,TRX01861,328042041.26,0.0
1862,112,112,112,VN00112,112,TRX01862,0.0,982102686.16
1863,113,113,113,VN00113,113,TRX01863,0.0,530298617.12
1864,114,114,114,VN00114,114,TRX01864,0.0,942695048.58
1865,115,115,115,VN00115,115,TRX01865,570230520.67,0.0
1866,116,116,116,VN00116,116,TRX01866,868956507.36,0.0
1867,117,117,117,VN00117,117,TRX01867,421520282.68,0.0
1868,118,118,118,VN00118,118,TRX01868,653172310.2,0.0
1869,119,119,119,VN00119,119,TRX01869,0.0,248397064.84
1870,120,120,120,VN00120,120,TRX01870,0.0,629146653.3
1871,121,121,121,VN00121,121,TRX01871,927754575.94,0.0
1872,122,122,122,VN00122,122,TRX01872,0.0,671107640.4
1873,123,123,123,VN00123,123,TRX01873,647289546.9,0.0
1874,124,124,124,VN00124,124,TRX01874,544297973.51,0.0
1875,125,125,125,VN00125,125,TRX01875,0.0,521502754.88
1876,126,126,126,VN00126,126,TRX01876,0.0,169576535.36
1877,127,127,127,VN00127,127,TRX01877,0.0,517962912.75
1878,128,128,128,VN00128,128,TRX01878,0.0,812046496.41
1879,129,129,129,VN00129,129,TRX01879,0.0,185613380.09
1880,130,130,130,VN00130,130,TRX01880,0.0,369241041.19
1881,131,131,131,VN00131,131,TRX01881,0.0,636741728.83
1882,132,132,132,VN00132,132,TRX01882,244173363.33,0.0
1883,133,133,133,VN00133,133,TRX01883,832505091.89,0.0
1884,134,134,134,VN00134,134,TRX01884,0.0,56044781.14
1885,135,135,135,VN00135,135,TRX01885,0.0,660169769.3
1886,136,136,136,VN00136,136,TRX01886,172864004.57,0.0
1887,137,137,137,VN00137,137,TRX01887,726269591.41,0.0
1888,138,138,138,VN00138,138,TRX01888,0.0,39059764.64
1889,139,139,139,VN00139,139,TRX01889,695974398.95,0.0
1890,140,140,140,VN00140,140,TRX01890,0.0,961497622.65
1891,141,141,141,VN00141,141,TRX01891,0.0,203681629.93
1892,142,142,142,VN00142,142,TRX01892,895607272.86,0.0
1893,143,143,143,VN00143,143,TRX01893,0.0,523731907.35
1894,144,144,144,VN00144,144,TRX01894,902949136.6,0.0
1895,145,145,145,VN00145,145,TRX01895,966285440.44,0.0
1896,146,146,146,VN00146,146,TRX01896,0.0,541538712.85
1897,147,147,147,VN00147,147,TRX01897,0.0,998048884.63
1898,148,148,148,VN00148,148,TRX01898,622056003.5,0.0
1899,149,149,149,VN00149,149,TRX01899,0.0,552064018.89
1900,150,150,150,VN00150,150,TRX01900,350164247.62,0.0
1901,151,151,151,VN00151,151,TRX01901,28043608.51,0.0
1902,152,152,152,VN00152,152,TRX01902,0.0,365249772.84
1903,153,153,153,VN00153,153,TRX01903,0.0,349579820.83
1904,154,154,154,VN00154,154,TRX01904,0.0,374134199.27
1905,155,155,155,VN00155,155,TRX01905,0.0,720873683.72
1906,156,156,156,VN00156,156,TRX01906,542914408.88,0.0
1907,157,157,157,VN00157,157,TRX01907,332427233.63,0.0
1908,158,158,158,VN00158,158,TRX01908,0.0,23855682.41
1909,159,159,159,VN00159,159,TRX01909,0.0,291617260.79
1910,160,160,160,VN00160,160,TRX01910,182401058.96,0.0
1911,161,161,161,VN00161,161,TRX01911,0.0,735287657.7
1912,162,162,162,VN00162,162,TRX01912,587604018.68,0.0
1913,163,163,163,VN00163,163,TRX01913,0.0,201958407.84
1914,164,164,164,VN00164,164,TRX01914,0.0,24034355.78
1915,165,165,165,VN00165,165,TRX01915,0.0,858977697.11
1916,166,166,166,VN00166,166,TRX01916,0.0,431424194.17
1917,167,167,167,VN00167,167,TRX01917,0.0,99483528.47
1918,168,168,168,VN00168,168,TRX01918,4548849.25,0.0
1919,169,169,169,VN00169,169,TRX01919,445481426.9,0.0
1920,170,170,170,VN00170,170,TRX01920,743970247.31,0.0
1921,171,171,171,VN00171,171,TRX01921,668334252.15,0.0
1922,172,172,172,VN00172,172,TRX01922,731955497.93,0.0
1923,173,173,173,VN00173,173,TRX01923,594580878.18,0.0
1924,174,174,174,VN00174,174,TRX01924,0.0,766534522.52
1925,175,175,175,VN00175,175,TRX01925,240102669.5,0.0
1926,176,176,176,VN00176,176,TRX01926,903826508.39,0.0
1927,177,177,177,VN00177,177,TRX01927,0.0,509323678.9
1928,178,178,178,VN00178,178,TRX01928,0.0,28857336.6
1929,179,179,179,VN00179,179,TRX01929,0.0,24068742.25
1930,180,180,180,VN00180,180,TRX01930,676072211.05,0.0
1931,181,181,181,VN00181,181,TRX01931,0.0,632298925.86
1932,182,182,182,VN00182,182,TRX01932,989243688.49,0.0
1933,183,183,183,VN00183,183,TRX01933,660368082.2,0.0
1934,184,184,184,VN00184,184,TRX01934,617446185.03,0.0
1935,185,185,185,VN00185,185,TRX01935,926329319.71,0.0
1936,186,186,186,VN00186,186,TRX01936,0.0,261419044.1
1937,187,187,187,VN00187,187,TRX01937,834185930.18,0.0
1938,188,188,188,VN00188,188,TRX01938,0.0,59188571.28
1939,189,189,189,VN00189,189,TRX01939,0.0,932066384.16
1940,190,190,190,VN00190,190,TRX01940,0.0,557565915.26
1941,191,191,191,VN00191,191,TRX01941,0.0,70928023.59
1942,192,192,192,VN00192,192,TRX01942,0.0,376900193.53
1943,193,193,193,VN00193,193,TRX01943,757571186.61,0.0
1944,194,194,194,VN00194,194,TRX01944,0.0,793685316.55
1945,195,195,195,VN00195,195,TRX01945,783748083.87,0.0
1946,196,196,196,VN00196,196,TRX01946,264010448.86,0.0
1947,197,197,197,VN00197,197,TRX01947,130825441.25,0.0
1948,198,198,198,VN00198,198,TRX01948,0.0,455345586.29
1949,199,199,199,VN00199,199,TRX01949,664814603.8,0.0
1950,200,200,200,VN00200,200,TRX01950,0.0,769131791.12
1951,201,201,201,VN00201,201,TRX01951,610675478.55,0.0
1952,202,202,202,VN00202,202,TRX01952,0.0,989416355.29
1953,203,203,203,VN00203,203,TRX01953,491318791.37,0.0
1954,204,204,204,VN00204,204,TRX01954,202465035.12,0.0
1955,205,205,205,VN00205,205,TRX01955,0.0,283842916.53
1956,206,206,206,VN00206,206,TRX01956,558419167.67,0.0
1957,207,207,207,VN00207,207,TRX01957,0.0,259380628.43
1958,208,208,208,VN00208,208,TRX01958,595566894.92,0.0
1959,209,209,209,VN00209,209,TRX01959,0.0,494824679.59
1960,210,210,210,VN00210,210,TRX01960,0.0,745130649.94
1961,211,211,211,VN00211,211,TRX01961,413089064.18,0.0
1962,212,212,212,VN00212,212,TRX01962,0.0,312117974.17
1963,213,213,213,VN00213,213,TRX01963,569707489.09,0.0
1964,214,214,214,VN00214,214,TRX01964,0.0,645175117.87
1965,215,215,215,VN00215,215,TRX01965,223701797.32,0.0
1966,216,216,216,VN00216,216,TRX01966,325155990.68,0.0
1967,217,217,217,VN00217,217,TRX01967,0.0,485479634.98
1968,218,218,218,VN00218,218,TRX01968,402010761.13,0.0
1969,219,219,219,VN00219,219,TRX01969,0.0,166478085.03
1970,220,220,220,VN00220,220,TRX01970,852004384.19,0.0
1971,221,221,221,VN00221,221,TRX01971,108247059.58,0.0
1972,222,222,222,VN00222,222,TRX01972,0.0,379048315.66
1973,223,223,223,VN00223,223,TRX01973,0.0,513356256.88
1974,224,224,224,VN00224,224,TRX01974,226948505.7,0.0
1975,225,225,225,VN00225,225,TRX01975,919476909.45,0.0
1976,226,226,226,VN00226,226,TRX01976,706633370.04,0.0
1977,227,227,227,VN00227,227,TRX01977,0.0,597120723.7
1978,228,228,228,VN00228,228,TRX01978,0.0,357844254.19
1979,229,229,229,VN00229,229,TRX01979,73775857.37,0.0
1980,230,230,230,VN00230,230,TRX01980,187974078.12,0.0
1981,231,231,231,VN00231,231,TRX01981,0.0,173994649.96
1982,232,232,232,VN00232,232,TRX01982,0.0,245508050.41
1983,233,233,233,VN00233,233,TRX01983,0.0,783306382.73
1984,234,234,234,VN00234,234,TRX01984,36462209.05,0.0
1985,235,235,235,VN00235,235,TRX01985,0.0,566758440.6
1986,236,236,236,VN00236,236,TRX01986,0.0,195487209.1
1987,237,237,237,VN00237,237,TRX01987,0.0,69565348.67
1988,238,238,238,VN00238,238,TRX01988,0.0,762768809.07
1989,239,239,239,VN00239,239,TRX01989,419829729.45,0.0
1990,240,240,240,VN00240,240,TRX01990,295230125.09,0.0
1991,241,241,241,VN00241,241,TRX01991,715579320.72,0.0
1992,242,242,242,VN00242,242,TRX01992,0.0,409339823.18
1993,243,243,243,VN00243,243,TRX01993,0.0,467254827.93
1994,244,244,244,VN00244,244,TRX01994,770030276.56,0.0
1995,245,245,245,VN00245,245,TRX01995,690427813.31,0.0
1996,246,246,246,VN00246,246,TRX01996,0.0,398393165.23
1997,247,247,247,VN00247,247,TRX01997,731650390.59,0.0
1998,248,248,248,VN00248,248,TRX01998,0.0,803977848.39
1999,249,249,249,VN00249,249,TRX01999,0.0,656407590.55
2000,250,250,250,VN00250,250,TRX02000,0.0,599203473.55
2001,1,1,1,VN00001,1,TRX02001,0.0,634419823.05
2002,2,2,2,VN00002,2,TRX02002,393018296.44,0.0
2003,3,3,3,VN00003,3,TRX02003,36701149.85,0.0
2004,4,4,4,VN00004,4,TRX02004,884019594.38,0.0
2005,5,5,5,VN00005,5,TRX02005,676480109.47,0.0
2006,6,6,6,VN00006,6,TRX02006,778257433.03,0.0
2007,7,7,7,VN00007,7,TRX02007,665720995.54,0.0
2008,8,8,8,VN00008,8,TRX02008,343000160.11,0.0
2009,9,9,9,VN00009,9,TRX02009,0.0,337359166.95
2010,10,10,10,VN00010,10,TRX02010,128745278.93,0.0
2011,11,11,11,VN00011,11,TRX02011,0.0,983758379.74
2012,12,12,12,VN00012,12,TRX02012,324068582.46,0.0
2013,13,13,13,VN00013,13,TRX02013,0.0,832070255.35
2014,14,14,14,VN00014,14,TRX02014,0.0,842999070.32
2015,15,15,15,VN00015,15,TRX02015,0.0,820693411.32
2016,16,16,16,VN00016,16,TRX02016,0.0,72848615.31
2017,17,17,17,VN00017,17,TRX02017,0.0,927512970.47
2018,18,18,18,VN00018,18,TRX02018,43883782.16,0.0
2019,19,19,19,VN00019,19,TRX02019,933297903.59,0.0
2020,20,20,20,VN00020,20,TRX02020,0.0,35028718.95
2021,21,21,21,VN00021,21,TRX02021,936614646.9,0.0
2022,22,22,22,VN00022,22,TRX02022,173625034.52,0.0
2023,23,23,23,VN00023,23,TRX02023,145973337.4,0.0
2024,24,24,24,VN00024,24,TRX02024,540244095.18,0.0
2025,25,25,25,VN00025,25,TRX02025,0.0,96074170.55
2026,26,26,26,VN00026,26,TRX02026,738378096.8,0.0
2027,27,27,27,VN00027,27,TRX02027,258625552.57,0.0
2028,28,28,28,VN00028,28,TRX02028,0.0,421661766.36
2029,29,29,29,VN00029,29,TRX02029,0.0,610430632.03
2030,30,30,30,VN00030,30,TRX02030,564230220.8,0.0
2031,31,31,31,VN00031,31,TRX02031,567532302.31,0.0
2032,32,32,32,VN00032,32,TRX02032,0.0,556589774.28
2033,33,33,33,VN00033,33,TRX02033,632816665.4,0.0
2034,34,34,34,VN00034,34,TRX02034,0.0,575728903.79
2035,35,35,35,VN00035,35,TRX02035,0.0,960596609.05
2036,36,36,36,VN00036,36,TRX02036,0.0,437789773.69
2037,37,37,37,VN00037,37,TRX02037,248447157.36,0.0
2038,38,38,38,VN00038,38,TRX02038,0.0,201659288.46
2039,39,39,39,VN00039,39,TRX02039,0.0,135859551.39
2040,40,40,40,VN00040,40,TRX02040,0.0,921224218.91
2041,41,41,41,VN00041,41,TRX02041,0.0,170638548.89
2042,42,42,42,VN00042,42,TRX02042,851841542.57,0.0
2043,43,43,43,VN00043,43,TRX02043,0.0,951245615.97
2044,44,44,44,VN00044,44,TRX02044,488262389.13,0.0
2045,45,45,45,VN00045,45,TRX02045,565738745.46,0.0
2046,46,46,46,VN00046,46,TRX02046,0.0,118945530.63
2047,47,47,47,VN00047,47,TRX02047,0.0,323377686.86
2048,48,48,48,VN00048,48,TRX02048,376967469.25,0.0
2049,49,49,49,VN00049,49,TRX02049,514892795.62,0.0
2050,50,50,50,VN00050,50,TRX02050,0.0,415825088.6
2051,51,51,51,VN00051,51,TRX02051,0.0,822624389.08
2052,52,52,52,VN00052,52,TRX02052,722941127.52,0.0
2053,53,53,53,VN00053,53,TRX02053,932163189.96,0.0
2054,54,54,54,VN00054,54,TRX02054,223780790.36,0.0
2055,55,55,55,VN00055,55,TRX02055,0.0,562949038.63
2056,56,56,56,VN00056,56,TRX02056,203219014.72,0.0
2057,57,57,57,VN00057,57,TRX02057,656377911.4,0.0
2058,58,58,58,VN00058,58,TRX02058,0.0,66163888.16
2059,59,59,59,VN00059,59,TRX02059,0.0,806589623.59
2060,60,60,60,VN00060,60,TRX02060,683351924.25,0.0
2061,61,61,61,VN00061,61,TRX02061,81326344.09,0.0
2062,62,62,62,VN00062,62,TRX02062,0.0,422143564.94
2063,63,63,63,VN00063,63,TRX02063,0.0,490225406.37
2064,64,64,64,VN00064,64,TRX02064,0.0,853418301.6
2065,65,65,65,VN00065,65,TRX02065,258811944.79,0.0
2066,66,66,66,VN00066,66,TRX02066,0.0,398344039.17
2067,67,67,67,VN00067,67,TRX02067,605106862.18,0.0
2068,68,68,68,VN00068,68,TRX02068,649713143.16,0.0
2069,69,69,69,VN00069,69,TRX02069,0.0,62671074.59
2070,70,70,70,VN00070,70,TRX02070,0.0,575406451.61
2071,71,71,71,VN00071,71,TRX02071,810483021.87,0.0
2072,72,72,72,VN00072,72,TRX02072,0.0,494644061.68
2073,73,73,73,VN00073,73,TRX02073,0.0,101100844.9
2074,74,74,74,VN00074,74,TRX02074,0.0,998546589.18
2075,75,75,75,VN00075,75,TRX02075,732375604.88,0.0
2076,76,76,76,VN00076,76,TRX02076,116810985.93,0.0
2077,77,77,77,VN00077,77,TRX02077,822385369.21,0.0
2078,78,78,78,VN00078,78,TRX02078,0.0,307052152.36
2079,79,79,79,VN00079,79,TRX02079,0.0,240123396.78
2080,80,80,80,VN00080,80,TRX02080,0.0,77632918.74
2081,81,81,81,VN00081,81,TRX02081,0.0,583544726.96
2082,82,82,82,VN00082,82,TRX02082,27274618.2,0.0
2083,83,83,83,VN00083,83,TRX02083,0.0,616656490.81
2084,84,84,84,VN00084,84,TRX02084,0.0,60341281.5
2085,85,85,85,VN00085,85,TRX02085,0.0,450330865.03
2086,86,86,86,VN00086,86,TRX02086,643763947.91,0.0
2087,87,87,87,VN00087,87,TRX02087,0.0,407197614.77
2088,88,88,88,VN00088,88,TRX02088,0.0,294282038.55
2089,89,89,89,VN00089,89,TRX02089,431187211.59,0.0
2090,90,90,90,VN00090,90,TRX02090,157367097.84,0.0
2091,91,91,91,VN00091,91,TRX02091,934595241.11,0.0
2092,92,92,92,VN00092,92,TRX02092,0.0,67978407.21
2093,93,93,93,VN00093,93,TRX02093,0.0,17945451.69
2094,94,94,94,VN00094,94,TRX02094,0.0,181689434.36
2095,95,95,95,VN00095,95,TRX02095,0.0,273420657.97
2096,96,96,96,VN00096,96,TRX02096,0.0,304617675.34
2097,97,97,97,VN00097,97,TRX02097,0.0,493840867.41
2098,98,98,98,VN00098,98,TRX02098,0.0,539848389.94
2099,99,99,99,VN00099,99,TRX02099,0.0,823314147.13
2100,100,100,100,VN00100,100,TRX02100,857982615.61,0.0
2101,101,101,101,VN00101,101,TRX02101,636222807.8,0.0
2102,102,102,102,VN00102,102,TRX02102,0.0,907622896.52
2103,103,103,103,VN00103,103,TRX02103,0.0,572587245.08
2104,104,104,104,VN00104,104,TRX02104,0.0,97968568.53
2105,105,105,105,VN00105,105,TRX02105,0.0,424757670.41
2106,106,106,106,VN00106,106,TRX02106,0.0,960205736.41
2107,107,107,107,VN00107,107,TRX02107,439199540.15,0.0
2108,108,108,108,VN00108,108,TRX02108,303909340.5,0.0
2109,109,109,109,VN00109,109,TRX02109,0.0,692107001.54
2110,110,110,110,VN00110,110,TRX02110,0.0,234623346.98
2111,111,111,111,VN00111,111,TRX02111,407675713.24,0.0
2112,112,112,112,VN00112,112,TRX02112,537582612.64,0.0
2113,113,113,113,VN00113,113,TRX02113,0.0,869353279.56
2114,114,114,114,VN00114,114,TRX02114,401946259.95,0.0
2115,115,115,115,VN00115,115,TRX02115,0.0,127161754.88
2116,116,116,116,VN00116,116,TRX02116,0.0,752634744.74
2117,117,117,117,VN00117,117,TRX02117,696191856.81,0.0
2118,118,118,118,VN00118,118,TRX02118,0.0,451730381.17
2119,119,119,119,VN00119,119,TRX02119,707332606.03,0.0
2120,120,120,120,VN00120,120,TRX02120,0.0,433687636.11
2121,121,121,121,VN00121,121,TRX02121,497208516.18,0.0
2122,122,122,122,VN00122,122,TRX02122,490585745.75,0.0
2123,123,123,123,VN00123,123,TRX02123,723574784.49,0.0
2124,124,124,124,VN00124,124,TRX02124,0.0,79353543.79
2125,125,125,125,VN00125,125,TRX02125,0.0,222156071.67
2126,126,126,126,VN00126,126,TRX02126,0.0,89817357.29
2127,127,127,127,VN00127,127,TRX02127,0.0,275031437.89
2128,128,128,128,VN00128,128,TRX02128,161618211.02,0.0
2129,129,129,129,VN00129,129,TRX02129,173954413.53,0.0
2130,130,130,130,VN00130,130,TRX02130,460906793.79,0.0
2131,131,131,131,VN00131,131,TRX02131,274311898.43,0.0
2132,132,132,132,VN00132,132,TRX02132,870677346.51,0.0
2133,133,133,133,VN00133,133,TRX02133,436476217.32,0.0
2134,134,134,134,VN00134,134,TRX02134,0.0,153264665.11
2135,135,135,135,VN00135,135,TRX02135,0.0,511677065.17
2136,136,136,136,VN00136,136,TRX02136,272045966.94,0.0
2137,137,137,137,VN00137,137,TRX02137,732737566.8,0.0
2138,138,138,138,VN00138,138,TRX02138,399097169.68,0.0
2139,139,139,139,VN00139,139,TRX02139,254519413.15,0.0
2140,140,140,140,VN00140,140,TRX02140,890108816.15,0.0
2141,141,141,141,VN00141,141,TRX02141,0.0,68200986.39
2142,142,142,142,VN00142,142,TRX02142,496331626.17,0.0
2143,143,143,143,VN00143,143,TRX02143,0.0,300210725.56
2144,144,144,144,VN00144,144,TRX02144,901640620.89,0.0
2145,145,145,145,VN00145,145,TRX02145,637841956.47,0.0
2146,146,146,146,VN00146,146,TRX02146,0.0,266343874.0
2147,147,147,147,VN00147,147,TRX02147,0.0,707397399.5
2148,148,148,148,VN00148,148,TRX02148,116624668.04,0.0
2149,149,149,149,VN00149,149,TRX02149,877354062.25,0.0
2150,150,150,150,VN00150,150,TRX02150,451764164.56,0.0
2151,151,151,151,VN00151,151,TRX02151,0.0,96698570.35
2152,152,152,152,VN00152,152,TRX02152,223281141.39,0.0
2153,153,153,153,VN00153,153,TRX02153,0.0,388392516.73
2154,154,154,154,VN00154,154,TRX02154,0.0,791392770.25
2155,155,155,155,VN00155,155,TRX02155,720857238.11,0.0
2156,156,156,156,VN00156,156,TRX02156,635484442.07,0.0
2157,157,157,157,VN00157,157,TRX02157,0.0,349607227.16
2158,158,158,158,VN00158,158,TRX02158,0.0,316326225.88
2159,159,159,159,VN00159,159,TRX02159,0.0,857720612.5
2160,160,160,160,VN00160,160,TRX02160,301484120.25,0.0
2161,161,161,161,VN00161,161,TRX02161,0.0,900616908.08
2162,162,162,162,VN00162,162,TRX02162,0.0,516806155.61
2163,163,163,163,VN00163,163,TRX02163,0.0,88845790.45
2164,164,164,164,VN00164,164,TRX02164,0.0,115242769.67
2165,165,165,165,VN00165,165,TRX02165,82742090.09,0.0
2166,166,166,166,VN00166,166,TRX02166,429565031.81,0.0
2167,167,167,167,VN00167,167,TRX02167,0.0,722951893.01
2168,168,168,168,VN00168,168,TRX02168,0.0,776038562.59
2169,169,169,169,VN00169,169,TRX02169,23873536.32,0.0
2170,170,170,170,VN00170,170,TRX02170,0.0,259648139.04
2171,171,171,171,VN00171,171,TRX02171,0.0,854177587.36
2172,172,172,172,VN00172,172,TRX02172,0.0,74694293.49
2173,173,173,173,VN00173,173,TRX02173,873017524.26,0.0
2174,174,174,174,VN00174,174,TRX02174,578847688.15,0.0
2175,175,175,175,VN00175,175,TRX02175,0.0,444952574.86
2176,176,176,176,VN00176,176,TRX02176,0.0,946108265.24
2177,177,177,177,VN00177,177,TRX02177,640563231.03,0.0
2178,178,178,178,VN00178,178,TRX02178,0.0,730893684.49
2179,179,179,179,VN00179,179,TRX02179,0.0,146161239.41
2180,180,180,180,VN00180,180,TRX02180,0.0,881113744.76
2181,181,181,181,VN00181,181,TRX02181,714567495.58,0.0
2182,182,182,182,VN00182,182,TRX02182,502502956.1,0.0
2183,183,183,183,VN00183,183,TRX02183,214076163.0,0.0
2184,184,184,184,VN00184,184,TRX02184,0.0,676440419.34
2185,185,185,185,VN00185,185,TRX02185,0.0,467856807.49
2186,186,186,186,VN00186,186,TRX02186,0.0,392002774.63
2187,187,187,187,VN00187,187,TRX02187,0.0,602190120.6
2188,188,188,188,VN00188,188,TRX02188,24635763.69,0.0
2189,189,189,189,VN00189,189,TRX02189,465174141.75,0.0
2190,190,190,190,VN00190,190,TRX02190,827677213.55,0.0
2191,191,191,191,VN00191,191,TRX02191,0.0,534077193.66
2192,192,192,192,VN00192,192,TRX02192,344107412.88,0.0
2193,193,193,193,VN00193,193,TRX02193,0.0,224848869.25
2194,194,194,194,VN00194,194,TRX02194,0.0,849690633.33
2195,195,195,195,VN00195,195,TRX02195,504391250.43,0.0
2196,196,196,196,VN00196,196,TRX02196,0.0,116193540.81
2197,197,197,197,VN00197,197,TRX02197,0.0,246163013.87
2198,198,198,198,VN00198,198,TRX02198,0.0,535911734.58
2199,199,199,199,VN00199,199,TRX02199,567119832.11,0.0
2200,200,200,200,VN00200,200,TRX02200,0.0,334165632.16
2201,201,201,201,VN00201,201,TRX02201,0.0,161190284.94
2202,202,202,202,VN00202,202,TRX02202,0.0,681987714.44
2203,203,203,203,VN00203,203,TRX02203,0.0,798337155.2
2204,204,204,204,VN00204,204,TRX02204,125664592.49,0.0
2205,205,205,205,VN00205,205,TRX02205,184262031.82,0.0
2206,206,206,206,VN00206,206,TRX02206,412662006.81,0.0
2207,207,207,207,VN00207,207,TRX02207,285426885.3,0.0
2208,208,208,208,VN00208,208,TRX02208,0.0,851862332.29
2209,209,209,209,VN00209,209,TRX02209,349900875.25,0.0
2210,210,210,210,VN00210,210,TRX02210,0.0,440905013.21
2211,211,211,211,VN00211,211,TRX02211,0.0,205940215.7
2212,212,212,212,VN00212,212,TRX02212,0.0,783805783.81
2213,213,213,213,VN00213,213,TRX02213,0.0,258957923.32
2214,214,214,214,VN00214,214,TRX02214,864586184.05,0.0
2215,215,215,215,VN00215,215,TRX02215,897734185.57,0.0
2216,216,216,216,VN00216,216,TRX02216,0.0,801248622.86
2217,217,217,217,VN00217,217,TRX02217,70437056.65,0.0
2218,218,218,218,VN00218,218,TRX02218,310187191.67,0.0
2219,219,219,219,VN00219,219,TRX02219,0.0,927663936.16
2220,220,220,220,VN00220,220,TRX02220,0.0,281550020.35
2221,221,221,221,VN00221,221,TRX02221,0.0,792256004.73
2222,222,222,222,VN00222,222,TRX02222,295496880.05,0.0
2223,223,223,223,VN00223,223,TRX02223,549443475.66,0.0
2224,224,224,224,VN00224,224,TRX02224,452277210.68,0.0
2225,225,225,225,VN00225,225,TRX02225,374889613.0,0.0
2226,226,226,226,VN00226,226,TRX02226,423043558.05,0.0
2227,227,227,227,VN00227,227,TRX02227,0.0,712450283.34
2228,228,228,228,VN00228,228,TRX02228,0.0,46081965.37
2229,229,229,229,VN00229,229,TRX02229,201848329.84,0.0
2230,230,230,230,VN00230,230,TRX02230,0.0,95953210.57
2231,231,231,231,VN00231,231,TRX02231,0.0,775382419.15
2232,232,232,232,VN00232,232,TRX02232,956503981.04,0.0
2233,233,233,233,VN00233,233,TRX02233,0.0,986600232.69
2234,234,234,234,VN00234,234,TRX02234,0.0,285231543.39
2235,235,235,235,VN00235,235,TRX02235,416266610.87,0.0
2236,236,236,236,VN00236,236,TRX02236,763944508.51,0.0
2237,237,237,237,VN00237,237,TRX02237,0.0,521855374.95
2238,238,238,238,VN00238,238,TRX02238,21389698.49,0.0
2239,239,239,239,VN00239,239,TRX02239,283302377.41,0.0
2240,240,240,240,VN00240,240,TRX02240,0.0,420089573.3
2241,241,241,241,VN00241,241,TRX02241,0.0,114620540.48
2242,242,242,242,VN00242,242,TRX02242,0.0,715240703.98
2243,243,243,243,VN00243,243,TRX02243,0.0,983584305.55
2244,244,244,244,VN00244,244,TRX02244,0.0,697070373.72
2245,245,245,245,VN00245,245,TRX02245,0.0,428144360.94
2246,246,246,246,VN00246,246,TRX02246,338905997.44,0.0
2247,247,247,247,VN00247,247,TRX02247,0.0,34702124.61
2248,248,248,248,VN00248,248,TRX02248,911846830.7,0.0
2249,249,249,249,VN00249,249,TRX02249,0.0,387048500.75
2250,250,250,250,VN00250,250,TRX02250,541320536.02,0.0
2251,1,1,1,VN00001,1,TRX02251,0.0,453156315.63
2252,2,2,2,VN00002,2,TRX02252,323491591.42,0.0
2253,3,3,3,VN00003,3,TRX02253,923678155.52,0.0
2254,4,4,4,VN00004,4,TRX02254,619338190.33,0.0
2255,5,5,5,VN00005,5,TRX02255,409592543.3,0.0
2256,6,6,6,VN00006,6,TRX02256,0.0,971845116.48
2257,7,7,7,VN00007,7,TRX02257,535289575.25,0.0
2258,8,8,8,VN00008,8,TRX02258,0.0,871013740.16
2259,9,9,9,VN00009,9,TRX02259,0.0,886585231.53
2260,10,10,10,VN00010,10,TRX02260,0.0,536207153.63
2261,11,11,11,VN00011,11,TRX02261,0.0,50797597.22
2262,12,12,12,VN00012,12,TRX02262,255813506.68,0.0
2263,13,13,13,VN00013,13,TRX02263,611330667.21,0.0
2264,14,14,14,VN00014,14,TRX02264,0.0,490017313.83
2265,15,15,15,VN00015,15,TRX02265,113430582.62,0.0
2266,16,16,16,VN00016,16,TRX02266,972245614.4,0.0
2267,17,17,17,VN00017,17,TRX02267,0.0,657516882.66
2268,18,18,18,VN00018,18,TRX02268,0.0,583328866.67
2269,19,19,19,VN00019,19,TRX02269,0.0,655065960.67
2270,20,20,20,VN00020,20,TRX02270,271672640.15,0.0
2271,21,21,21,VN00021,21,TRX02271,0.0,818709297.09
2272,22,22,22,VN00022,22,TRX02272,459345983.38,0.0
2273,23,23,23,VN00023,23,TRX02273,324372296.33,0.0
2274,24,24,24,VN00024,24,TRX02274,0.0,189186118.61
2275,25,25,25,VN00025,25,TRX02275,127128803.5,0.0
2276,26,26,26,VN00026,26,TRX02276,0.0,379394992.15
2277,27,27,27,VN00027,27,TRX02277,0.0,681145719.83
2278,28,28,28,VN00028,28,TRX02278,709834166.79,0.0
2279,29,29,29,VN00029,29,TRX02279,341886270.03,0.0
2280,30,30,30,VN00030,30,TRX02280,992624168.87,0.0
2281,31,31,31,VN00031,31,TRX02281,62853399.33,0.0
2282,32,32,32,VN00032,32,TRX02282,48571758.68,0.0
2283,33,33,33,VN00033,33,TRX02283,251809037.21,0.0
2284,34,34,34,VN00034,34,TRX02284,351611115.73,0.0
2285,35,35,35,VN00035,35,TRX02285,813246672.5,0.0
2286,36,36,36,VN00036,36,TRX02286,829673850.34,0.0
2287,37,37,37,VN00037,37,TRX02287,0.0,316521995.51
2288,38,38,38,VN00038,38,TRX02288,825727182.59,0.0
2289,39,39,39,VN00039,39,TRX02289,0.0,460650889.0
2290,40,40,40,VN00040,40,TRX02290,0.0,507899528.63
2291,41,41,41,VN00041,41,TRX02291,464513203.07,0.0
2292,42,42,42,VN00042,42,TRX02292,0.0,266531249.24
2293,43,43,43,VN00043,43,TRX02293,0.0,10925400.46
2294,44,44,44,VN00044,44,TRX02294,0.0,176478401.84
2295,45,45,45,VN00045,45,TRX02295,67643183.6,0.0
2296,46,46,46,VN00046,46,TRX02296,855836115.75,0.0
2297,47,47,47,VN00047,47,TRX02297,834095916.37,0.0
2298,48,48,48,VN00048,48,TRX02298,496312733.5,0.0
2299,49,49,49,VN00049,49,TRX02299,0.0,805821466.75
2300,50,50,50,VN00050,50,TRX02300,118867311.26,0.0
2301,51,51,51,VN00051,51,TRX02301,125897549.31,0.0
2302,52,52,52,VN00052,52,TRX02302,0.0,633100877.67
2303,53,53,53,VN00053,53,TRX02303,0.0,18103246.63
2304,54,54,54,VN00054,54,TRX02304,0.0,614360074.83
2305,55,55,55,VN00055,55,TRX02305,783901433.55,0.0
2306,56,56,56,VN00056,56,TRX02306,0.0,11134239.15
2307,57,57,57,VN00057,57,TRX02307,437351262.17,0.0
2308,58,58,58,VN00058,58,TRX02308,0.0,604396104.14
2309,59,59,59,VN00059,59,TRX02309,713049612.2,0.0
2310,60,60,60,VN00060,60,TRX02310,2390212.34,0.0
2311,61,61,61,VN00061,61,TRX02311,0.0,905650752.03
2312,62,62,62,VN00062,62,TRX02312,841335195.74,0.0
2313,63,63,63,VN00063,63,TRX02313,997651088.29,0.0
2314,64,64,64,VN00064,64,TRX02314,241584767.42,0.0
2315,65,65,65,VN00065,65,TRX02315,400117437.44,0.0
2316,66,66,66,VN00066,66,TRX02316,0.0,750264270.47
2317,67,67,67,VN00067,67,TRX02317,0.0,7684287.24
2318,68,68,68,VN00068,68,TRX02318,783733463.78,0.0
2319,69,69,69,VN00069,69,TRX02319,0.0,367193992.35
2320,70,70,70,VN00070,70,TRX02320,264070110.8,0.0
2321,71,71,71,VN00071,71,TRX02321,0.0,531651542.63
2322,72,72,72,VN00072,72,TRX02322,0.0,259189273.55
2323,73,73,73,VN00073,73,TRX02323,0.0,842155176.04
2324,74,74,74,VN00074,74,TRX02324,0.0,247040135.36
2325,75,75,75,VN00075,75,TRX02325,187350895.81,0.0
2326,76,76,76,VN00076,76,TRX02326,0.0,34612370.47
2327,77,77,77,VN00077,77,TRX02327,798833776.48,0.0
2328,78,78,78,VN00078,78,TRX02328,136448558.49,0.0
2329,79,79,79,VN00079,79,TRX02329,0.0,329220306.14
2330,80,80,80,VN00080,80,TRX02330,0.0,715318592.92
2331,81,81,81,VN00081,81,TRX02331,0.0,329657013.1
2332,82,82,82,VN00082,82,TRX02332,0.0,949837133.92
2333,83,83,83,VN00083,83,TRX02333,344081207.47,0.0
2334,84,84,84,VN00084,84,TRX02334,781979352.03,0.0
2335,85,85,85,VN00085,85,TRX02335,0.0,779945365.71
2336,86,86,86,VN00086,86,TRX02336,0.0,12230518.16
2337,87,87,87,VN00087,87,TRX02337,853583400.93,0.0
2338,88,88,88,VN00088,88,TRX02338,161935320.89,0.0
2339,89,89,89,VN00089,89,TRX02339,388651991.73,0.0
2340,90,90,90,VN00090,90,TRX02340,0.0,854416999.09
2341,91,91,91,VN00091,91,TRX02341,0.0,891724342.06
2342,92,92,92,VN00092,92,TRX02342,700654130.52,0.0
2343,93,93,93,VN00093,93,TRX02343,781306901.53,0.0
2344,94,94,94,VN00094,94,TRX02344,0.0,951362267.67
2345,95,95,95,VN00095,95,TRX02345,0.0,747380056.85
2346,96,96,96,VN00096,96,TRX02346,0.0,452344303.02
2347,97,97,97,VN00097,97,TRX02347,0.0,307692638.56
2348,98,98,98,VN00098,98,TRX02348,0.0,598660195.28
2349,99,99,99,VN00099,99,TRX02349,840035534.49,0.0
2350,100,100,100,VN00100,100,TRX02350,126973126.11,0.0
2351,101,101,101,VN00101,101,TRX02351,0.0,786415375.06
2352,102,102,102,VN00102,102,TRX02352,929300633.08,0.0
2353,103,103,103,VN00103,103,TRX02353,0.0,31650709.15
2354,104,104,104,VN00104,104,TRX02354,0.0,200821688.47
2355,105,105,105,VN00105,105,TRX02355,248104543.16,0.0
2356,106,106,106,VN00106,106,TRX02356,722821782.41,0.0
2357,107,107,107,VN00107,107,TRX02357,780132964.94,0.0
2358,108,108,108,VN00108,108,TRX02358,487494699.25,0.0
2359,109,109,109,VN00109,109,TRX02359,602753020.15,0.0
2360,110,110,110,VN00110,110,TRX02360,88894750.3,0.0
2361,111,111,111,VN00111,111,TRX02361,0.0,735090424.96
2362,112,112,112,VN00112,112,TRX02362,0.0,572679724.81
2363,113,113,113,VN00113,113,TRX02363,239440951.79,0.0
2364,114,114,114,VN00114,114,TRX02364,0.0,277655112.31
2365,115,115,115,VN00115,115,TRX02365,30845893.31,0.0
2366,116,116,116,VN00116,116,TRX02366,496830225.66,0.0
2367,117,117,117,VN00117,117,TRX02367,0.0,798437843.9
2368,118,118,118,VN00118,118,TRX02368,285772488.75,0.0
2369,119,119,119,VN00119,119,TRX02369,0.0,253231298.98
2370,120,120,120,VN00120,120,TRX02370,589543792.49,0.0
2371,121,121,121,VN00121,121,TRX02371,0.0,940462645.14
2372,122,122,122,VN00122,122,TRX02372,471186335.24,0.0
2373,123,123,123,VN00123,123,TRX02373,0.0,244315746.31
2374,124,124,124,VN00124,124,TRX02374,0.0,934921164.93
2375,125,125,125,VN00125,125,TRX02375,0.0,747910017.11
2376,126,126,126,VN00126,126,TRX02376,172263979.11,0.0
2377,127,127,127,VN00127,127,TRX02377,968482121.23,0.0
2378,128,128,128,VN00128,128,TRX02378,0.0,243630618.8
2379,129,129,129,VN00129,129,TRX02379,0.0,333085318.52
2380,130,130,130,VN00130,130,TRX02380,0.0,358823336.13
2381,131,131,131,VN00131,131,TRX02381,409462249.46,0.0
2382,132,132,132,VN00132,132,TRX02382,667935682.84,0.0
2383,133,133,133,VN00133,133,TRX02383,626057235.8,0.0
2384,134,134,134,VN00134,134,TRX02384,0.0,627543331.35
2385,135,135,135,VN00135,135,TRX02385,0.0,475660274.51
2386,136,136,136,VN00136,136,TRX02386,0.0,17100884.66
2387,137,137,137,VN00137,137,TRX02387,607685030.14,0.0
2388,138,138,138,VN00138,138,TRX02388,0.0,965898990.71
2389,139,139,139,VN00139,139,TRX02389,625480058.03,0.0
2390,140,140,140,VN00140,140,TRX02390,367843767.38,0.0
2391,141,141,141,VN00141,141,TRX02391,0.0,744303637.58
2392,142,142,142,VN00142,142,TRX02392,0.0,333032140.61
2393,143,143,143,VN00143,143,TRX02393,43839424.9,0.0
2394,144,144,144,VN00144,144,TRX02394,470714402.94,0.0
2395,145,145,145,VN00145,145,TRX02395,0.0,200688521.62
2396,146,146,146,VN00146,146,TRX02396,273511596.43,0.0
2397,147,147,147,VN00147,147,TRX02397,27800575.95,0.0
2398,148,148,148,VN00148,148,TRX02398,92720480.81,0.0
2399,149,149,149,VN00149,149,TRX02399,139106083.88,0.0
2400,150,150,150,VN00150,150,TRX02400,0.0,185428408.61
2401,151,151,151,VN00151,151,TRX02401,653530527.83,0.0
2402,152,152,152,VN00152,152,TRX02402,0.0,254120367.51
2403,153,153,153,VN00153,153,TRX02403,323877781.56,0.0
2404,154,154,154,VN00154,154,TRX02404,131370773.71,0.0
2405,155,155,155,VN00155,155,TRX02405,172531485.5,0.0
2406,156,156,156,VN00156,156,TRX02406,32163375.89,0.0
2407,157,157,157,VN00157,157,TRX02407,0.0,976807542.35
2408,158,158,158,VN00158,158,TRX02408,0.0,682444780.58
2409,159,159,159,VN00159,159,TRX02409,0.0,110856652.08
2410,160,160,160,VN00160,160,TRX02410,48437283.23,0.0
2411,161,161,161,VN00161,161,TRX02411,0.0,403215970.32
2412,162,162,162,VN00162,162,TRX02412,195755549.55,0.0
2413,163,163,163,VN00163,163,TRX02413,23083123.94,0.0
2414,164,164,164,VN00164,164,TRX02414,0.0,82939007.14
2415,165,165,165,VN00165,165,TRX02415,2650049.97,0.0
2416,166,166,166,VN00166,166,TRX02416,0.0,444638393.23
2417,167,167,167,VN00167,167,TRX02417,57092704.9,0.0
2418,168,168,168,VN00168,168,TRX02418,0.0,6049791.98
2419,169,169,169,VN00169,169,TRX02419,0.0,984962030.6
2420,170,170,170,VN00170,170,TRX02420,0.0,291392719.49
2421,171,171,171,VN00171,171,TRX02421,0.0,779038420.99
2422,172,172,172,VN00172,172,TRX02422,0.0,290915236.21
2423,173,173,173,VN00173,173,TRX02423,0.0,718676387.45
2424,174,174,174,VN00174,174,TRX02424,0.0,193958602.21
2425,175,175,175,VN00175,175,TRX02425,0.0,110745550.24
2426,176,176,176,VN00176,176,TRX02426,0.0,737131618.46
2427,177,177,177,VN00177,177,TRX02427,271312454.3,0.0
2428,178,178,178,VN00178,178,TRX02428,0.0,794070107.28
2429,179,179,179,VN00179,179,TRX02429,0.0,559154503.96
2430,180,180,180,VN00180,180,TRX02430,0.0,336601896.62
2431,181,181,181,VN00181,181,TRX02431,0.0,78398842.63
2432,182,182,182,VN00182,182,TRX02432,0.0,259740625.7
2433,183,183,183,VN00183,183,TRX02433,614085475.28,0.0
2434,184,184,184,VN00184,184,TRX02434,0.0,649573864.1
2435,185,185,185,VN00185,185,TRX02435,0.0,239966289.72
2436,186,186,186,VN00186,186,TRX02436,0.0,177114972.09
2437,187,187,187,VN00187,187,TRX02437,0.0,343704086.9
2438,188,188,188,VN00188,188,TRX02438,613140147.5,0.0
2439,189,189,189,VN00189,189,TRX02439,940370845.35,0.0
2440,190,190,190,VN00190,190,TRX02440,288163025.23,0.0
2441,191,191,191,VN00191,191,TRX02441,0.0,818083581.58
2442,192,192,192,VN00192,192,TRX02442,0.0,295580163.26
2443,193,193,193,VN00193,193,TRX02443,9988307.0,0.0
2444,194,194,194,VN00194,194,TRX02444,0.0,743592935.84
2445,195,195,195,VN00195,195,TRX02445,0.0,436959795.54
2446,196,196,196,VN00196,196,TRX02446,95079981.45,0.0
2447,197,197,197,VN00197,197,TRX02447,747876706.07,0.0
2448,198,198,198,VN00198,198,TRX02448,671971282.5,0.0
2449,199,199,199,VN00199,199,TRX02449,187341619.87,0.0
2450,200,200,200,VN00200,200,TRX02450,636925575.38,0.0
2451,201,201,201,VN00201,201,TRX02451,0.0,777311967.53
2452,202,202,202,VN00202,202,TRX02452,0.0,123498219.66
2453,203,203,203,VN00203,203,TRX02453,0.0,772712083.25
2454,204,204,204,VN00204,204,TRX02454,0.0,902409393.09
2455,205,205,205,VN00205,205,TRX02455,864727719.89,0.0
2456,206,206,206,VN00206,206,TRX02456,0.0,515296041.34
2457,207,207,207,VN00207,207,TRX02457,0.0,708557563.71
2458,208,208,208,VN00208,208,TRX02458,0.0,868155017.58
2459,209,209,209,VN00209,209,TRX02459,0.0,500807306.9
2460,210,210,210,VN00210,210,TRX02460,0.0,70176242.22
2461,211,211,211,VN00211,211,TRX02461,0.0,564673197.6
2462,212,212,212,VN00212,212,TRX02462,596849390.1,0.0
2463,213,213,213,VN00213,213,TRX02463,0.0,234817068.03
2464,214,214,214,VN00214,214,TRX02464,632890427.84,0.0
2465,215,215,215,VN00215,215,TRX02465,0.0,848199754.31
2466,216,216,216,VN00216,216,TRX02466,0.0,731241320.15
2467,217,217,217,VN00217,217,TRX02467,0.0,206483329.14
2468,218,218,218,VN00218,218,TRX02468,608678056.17,0.0
2469,219,219,219,VN00219,219,TRX02469,720984031.96,0.0
2470,220,220,220,VN00220,220,TRX02470,785780411.76,0.0
2471,221,221,221,VN00221,221,TRX02471,0.0,406147226.12
2472,222,222,222,VN00222,222,TRX02472,989297841.33,0.0
2473,223,223,223,VN00223,223,TRX02473,0.0,873151123.64
2474,224,224,224,VN00224,224,TRX02474,11331270.11,0.0
2475,225,225,225,VN00225,225,TRX02475,0.0,344163958.59
2476,226,226,226,VN00226,226,TRX02476,452332706.31,0.0
2477,227,227,227,VN00227,227,TRX02477,0.0,187887542.01
2478,228,228,228,VN00228,228,TRX02478,847003902.43,0.0
2479,229,229,229,VN00229,229,TRX02479,261989948.19,0.0
2480,230,230,230,VN00230,230,TRX02480,326748036.85,0.0
2481,231,231,231,VN00231,231,TRX02481,0.0,751457723.9
2482,232,232,232,VN00232,232,TRX02482,0.0,724075799.22
2483,233,233,233,VN00233,233,TRX02483,212994865.51,0.0
2484,234,234,234,VN00234,234,TRX02484,0.0,154922466.02
2485,235,235,235,VN00235,235,TRX02485,0.0,660302449.09
2486,236,236,236,VN00236,236,TRX02486,0.0,588750467.29
2487,237,237,237,VN00237,237,TRX02487,60994911.42,0.0
2488,238,238,238,VN00238,238,TRX02488,991708449.95,0.0
2489,239,239,239,VN00239,239,TRX02489,397793010.42,0.0
2490,240,240,240,VN00240,240,TRX02490,0.0,678509042.65
2491,241,241,241,VN00241,241,TRX02491,643734064.37,0.0
2492,242,242,242,VN00242,242,TRX02492,0.0,712784113.85
2493,243,243,243,VN00243,243,TRX02493,0.0,818066317.26
2494,244,244,244,VN00244,244,TRX02494,417155620.8,0.0
2495,245,245,245,VN00245,245,TRX02495,0.0,596975402.51
2496,246,246,246,VN00246,246,TRX02496,0.0,606988426.14
2497,247,247,247,VN00247,247,TRX02497,0.0,621060123.17
2498,248,248,248,VN00248,248,TRX02498,597891584.32,0.0
2499,249,249,249,VN00249,249,TRX02499,0.0,816210878.85
2500,250,250,250,VN00250,250,TRX02500,0.0,47475270.3
2501,1,1,1,VN00001,1,TRX02501,77405561.29,0.0
2502,2,2,2,VN00002,2,TRX02502,782181705.54,0.0
2503,3,3,3,VN00003,3,TRX02503,58831800.82,0.0
2504,4,4,4,VN00004,4,TRX02504,0.0,363511155.55
2505,5,5,5,VN00005,5,TRX02505,844576680.85,0.0
2506,6,6,6,VN00006,6,TRX02506,0.0,523913685.32
2507,7,7,7,VN00007,7,TRX02507,554588673.37,0.0
2508,8,8,8,VN00008,8,TRX02508,837581269.28,0.0
2509,9,9,9,VN00009,9,TRX02509,0.0,565335588.67
2510,10,10,10,VN00010,10,TRX02510,0.0,45318859.34
2511,11,11,11,VN00011,11,TRX02511,129787362.68,0.0
2512,12,12,12,VN00012,12,TRX02512,0.0,659377758.37
2513,13,13,13,VN00013,13,TRX02513,678548456.84,0.0
2514,14,14,14,VN00014,14,TRX02514,0.0,372291812.27
2515,15,15,15,VN00015,15,TRX02515,445126663.33,0.0
2516,16,16,16,VN00016,16,TRX02516,111172882.35,0.0
2517,17,17,17,VN00017,17,TRX02517,28680915.73,0.0
2518,18,18,18,VN00018,18,TRX02518,0.0,210142301.04
2519,19,19,19,VN00019,19,TRX02519,724071975.84,0.0
2520,20,20,20,VN00020,20,TRX02520,694287954.81,0.0
2521,21,21,21,VN00021,21,TRX02521,0.0,662176584.13
2522,22,22,22,VN00022,22,TRX02522,286640270.62,0.0
2523,23,23,23,VN00023,23,TRX02523,423617822.18,0.0
2524,24,24,24,VN00024,24,TRX02524,250577752.79,0.0
2525,25,25,25,VN00025,25,TRX02525,625307740.24,0.0
2526,26,26,26,VN00026,26,TRX02526,0.0,410395559.06
2527,27,27,27,VN00027,27,TRX02527,407777482.87,0.0
2528,28,28,28,VN00028,28,TRX02528,935131020.09,0.0
2529,29,29,29,VN00029,29,TRX02529,488549953.85,0.0
2530,30,30,30,VN00030,30,TRX02530,0.0,789689062.06
2531,31,31,31,VN00031,31,TRX02531,0.0,104592445.2
2532,32,32,32,VN00032,32,TRX02532,938652699.8,0.0
2533,33,33,33,VN00033,33,TRX02533,0.0,160043838.37
2534,34,34,34,VN00034,34,TRX02534,0.0,985553092.82
2535,35,35,35,VN00035,35,TRX02535,689664029.74,0.0
2536,36,36,36,VN00036,36,TRX02536,0.0,574740073.88
2537,37,37,37,VN00037,37,TRX02537,290612919.25,0.0
2538,38,38,38,VN00038,38,TRX02538,221445074.74,0.0
2539,39,39,39,VN00039,39,TRX02539,0.0,910472565.64
2540,40,40,40,VN00040,40,TRX02540,0.0,94672466.26
2541,41,41,41,VN00041,41,TRX02541,907135893.11,0.0
2542,42,42,42,VN00042,42,TRX02542,0.0,606480346.48
2543,43,43,43,VN00043,43,TRX02543,0.0,908092484.53
2544,44,44,44,VN00044,44,TRX02544,623351812.23,0.0
2545,45,45,45,VN00045,45,TRX02545,341532946.03,0.0
2546,46,46,46,VN00046,46,TRX02546,836317220.85,0.0
2547,47,47,47,VN00047,47,TRX02547,0.0,578311509.73
2548,48,48,48,VN00048,48,TRX02548,218713016.83,0.0
2549,49,49,49,VN00049,49,TRX02549,94050401.9,0.0
2550,50,50,50,VN00050,50,TRX02550,0.0,150715724.42
2551,51,51,51,VN00051,51,TRX02551,0.0,77240031.14
2552,52,52,52,VN00052,52,TRX02552,994729211.17,0.0
2553,53,53,53,VN00053,53,TRX02553,0.0,507128858.82
2554,54,54,54,VN00054,54,TRX02554,0.0,245005097.84
2555,55,55,55,VN00055,55,TRX02555,893325791.57,0.0
2556,56,56,56,VN00056,56,TRX02556,635392722.0,0.0
2557,57,57,57,VN00057,57,TRX02557,0.0,662291091.75
2558,58,58,58,VN00058,58,TRX02558,163822946.41,0.0
2559,59,59,59,VN00059,59,TRX02559,790923071.67,0.0
2560,60,60,60,VN00060,60,TRX02560,333022592.53,0.0
2561,61,61,61,VN00061,61,TRX02561,753107611.99,0.0
2562,62,62,62,VN00062,62,TRX02562,0.0,338259958.06
2563,63,63,63,VN00063,63,TRX02563,616670191.85,0.0
2564,64,64,64,VN00064,64,TRX02564,325280116.19,0.0
2565,65,65,65,VN00065,65,TRX02565,0.0,128917622.9
2566,66,66,66,VN00066,66,TRX02566,595322217.82,0.0
2567,67,67,67,VN00067,67,TRX02567,0.0,211987268.39
2568,68,68,68,VN00068,68,TRX02568,576064746.46,0.0
2569,69,69,69,VN00069,69,TRX02569,601159275.25,0.0
2570,70,70,70,VN00070,70,TRX02570,0.0,692620346.41
2571,71,71,71,VN00071,71,TRX02571,0.0,467127543.03
2572,72,72,72,VN00072,72,TRX02572,223687645.82,0.0
2573,73,73,73,VN00073,73,TRX02573,0.0,146693525.41
2574,74,74,74,VN00074,74,TRX02574,135619220.54,0.0
2575,75,75,75,VN00075,75,TRX02575,270287718.4,0.0
2576,76,76,76,VN00076,76,TRX02576,45012621.58,0.0
2577,77,77,77,VN00077,77,TRX02577,215284618.95,0.0
2578,78,78,78,VN00078,78,TRX02578,11599166.43,0.0
2579,79,79,79,VN00079,79,TRX02579,0.0,72305347.31
2580,80,80,80,VN00080,80,TRX02580,0.0,147643956.7
2581,81,81,81,VN00081,81,TRX02581,546692478.04,0.0
2582,82,82,82,VN00082,82,TRX02582,0.0,123921161.11
2583,83,83,83,VN00083,83,TRX02583,0.0,143668481.43
2584,84,84,84,VN00084,84,TRX02584,67838.31,0.0
2585,85,85,85,VN00085,85,TRX02585,787318333.85,0.0
2586,86,86,86,VN00086,86,TRX02586,0.0,333250884.91
2587,87,87,87,VN00087,87,TRX02587,0.0,717042169.95
2588,88,88,88,VN00088,88,TRX02588,129124135.85,0.0
2589,89,89,89,VN00089,89,TRX02589,547339902.29,0.0
2590,90,90,90,VN00090,90,TRX02590,0.0,673606290.38
2591,91,91,91,VN00091,91,TRX02591,554650816.34,0.0
2592,92,92,92,VN00092,92,TRX02592,0.0,474873330.71
2593,93,93,93,VN00093,93,TRX02593,806104396.94,0.0
2594,94,94,94,VN00094,94,TRX02594,236245682.44,0.0
2595,95,95,95,VN00095,95,TRX02595,115936671.63,0.0
2596,96,96,96,VN00096,96,TRX02596,30415206.67,0.0
2597,97,97,97,VN00097,97,TRX02597,574144291.73,0.0
2598,98,98,98,VN00098,98,TRX02598,0.0,139339791.33
2599,99,99,99,VN00099,99,TRX02599,894831011.21,0.0
2600,100,100,100,VN00100,100,TRX02600,0.0,349168603.41
2601,101,101,101,VN00101,101,TRX02601,391913933.37,0.0
2602,102,102,102,VN00102,102,TRX02602,0.0,177369602.71
2603,103,103,103,VN00103,103,TRX02603,0.0,31483866.33
2604,104,104,104,VN00104,104,TRX02604,238418221.56,0.0
2605,105,105,105,VN00105,105,TRX02605,411037545.24,0.0
2606,106,106,106,VN00106,106,TRX02606,0.0,976529583.09
2607,107,107,107,VN00107,107,TRX02607,690003147.48,0.0
2608,108,108,108,VN00108,108,TRX02608,741908623.93,0.0
2609,109,109,109,VN00109,109,TRX02609,424662181.6,0.0
2610,110,110,110,VN00110,110,TRX02610,244007910.92,0.0
2611,111,111,111,VN00111,111,TRX02611,794655814.07,0.0
2612,112,112,112,VN00112,112,TRX02612,847953019.88,0.0
2613,113,113,113,VN00113,113,TRX02613,0.0,519641936.6
2614,114,114,114,VN00114,114,TRX02614,249569368.71,0.0
2615,115,115,115,VN00115,115,TRX02615,0.0,150262065.68
2616,116,116,116,VN00116,116,TRX02616,0.0,947087480.38
2617,117,117,117,VN00117,117,TRX02617,918694948.56,0.0
2618,118,118,118,VN00118,118,TRX02618,266720894.79,0.0
2619,119,119,119,VN00119,119,TRX02619,0.0,401364664.33
2620,120,120,120,VN00120,120,TRX02620,427913769.07,0.0
2621,121,121,121,VN00121,121,TRX02621,753274867.26,0.0
2622,122,122,122,VN00122,122,TRX02622,208893794.91,0.0
2623,123,123,123,VN00123,123,TRX02623,0.0,919975846.67
2624,124,124,124,VN00124,124,TRX02624,582198636.78,0.0
2625,125,125,125,VN00125,125,TRX02625,420305690.52,0.0
2626,126,126,126,VN00126,126,TRX02626,735429731.61,0.0
2627,127,127,127,VN00127,127,TRX02627,817978228.02,0.0
2628,128,128,128,VN00128,128,TRX02628,0.0,326746379.0
2629,129,129,129,VN00129,129,TRX02629,813097940.13,0.0
2630,130,130,130,VN00130,130,TRX02630,745185279.73,0.0
2631,131,131,131,VN00131,131,TRX02631,149649019.79,0.0
2632,132,132,132,VN00132,132,TRX02632,0.0,482053053.78
2633,133,133,133,VN00133,133,TRX02633,0.0,409371922.4
2634,134,134,134,VN00134,134,TRX02634,99222243.79,0.0
2635,135,135,135,VN00135,135,TRX02635,901646473.76,0.0
2636,136,136,136,VN00136,136,TRX02636,598236336.66,0.0
2637,137,137,137,VN00137,137,TRX02637,176486628.8,0.0
2638,138,138,138,VN00138,138,TRX02638,0.0,852060432.22
2639,139,139,139,VN00139,139,TRX02639,0.0,695167216.4
2640,140,140,140,VN00140,140,TRX02640,0.0,355062894.59
2641,141,141,141,VN00141,141,TRX02641,0.0,520146652.75
2642,142,142,142,VN00142,142,TRX02642,0.0,170809779.93
2643,143,143,143,VN00143,143,TRX02643,0.0,736515685.76
2644,144,144,144,VN00144,144,TRX02644,771934196.69,0.0
2645,145,145,145,VN00145,145,TRX02645,0.0,876448783.83
2646,146,146,146,VN00146,146,TRX02646,239148616.69,0.0
2647,147,147,147,VN00147,147,TRX02647,759590986.57,0.0
2648,148,148,148,VN00148,148,TRX02648,22549444.74,0.0
2649,149,149,149,VN00149,149,TRX02649,553868500.8,0.0
2650,150,150,150,VN00150,150,TRX02650,0.0,611839167.85
2651,151,151,151,VN00151,151,TRX02651,832290916.31,0.0
2652,152,152,152,VN00152,152,TRX02652,0.0,59403262.15
2653,153,153,153,VN00153,153,TRX02653,0.0,104104599.81
2654,154,154,154,VN00154,154,TRX02654,0.0,650965485.08
2655,155,155,155,VN00155,155,TRX02655,0.0,988392646.54
2656,156,156,156,VN00156,156,TRX02656,234669652.37,0.0
2657,157,157,157,VN00157,157,TRX02657,0.0,151591799.13
2658,158,158,158,VN00158,158,TRX02658,0.0,884809732.82
2659,159,159,159,VN00159,159,TRX02659,787253699.53,0.0
2660,160,160,160,VN00160,160,TRX02660,0.0,782400328.5
2661,161,161,161,VN00161,161,TRX02661,79085858.51,0.0
2662,162,162,162,VN00162,162,TRX02662,0.0,877577586.13
2663,163,163,163,VN00163,163,TRX02663,0.0,474237730.69
2664,164,164,164,VN00164,164,TRX02664,0.0,172738918.05
2665,165,165,165,VN00165,165,TRX02665,150077607.83,0.0
2666,166,166,166,VN00166,166,TRX02666,360128019.82,0.0
2667,167,167,167,VN00167,167,TRX02667,0.0,925210528.38
2668,168,168,168,VN00168,168,TRX02668,518186892.91,0.0
2669,169,169,169,VN00169,169,TRX02669,0.0,928715661.28
2670,170,170,170,VN00170,170,TRX02670,0.0,434010094.18
2671,171,171,171,VN00171,171,TRX02671,936124230.67,0.0
2672,172,172,172,VN00172,172,TRX02672,739664638.88,0.0
2673,173,173,173,VN00173,173,TRX02673,973663665.98,0.0
2674,174,174,174,VN00174,174,TRX02674,926527222.36,0.0
2675,175,175,175,VN00175,175,TRX02675,0.0,36002128.11
2676,176,176,176,VN00176,176,TRX02676,0.0,387817510.06
2677,177,177,177,VN00177,177,TRX02677,0.0,841384721.36
2678,178,178,178,VN00178,178,TRX02678,732386359.73,0.0
2679,179,179,179,VN00179,179,TRX02679,0.0,367845887.44
2680,180,180,180,VN00180,180,TRX02680,0.0,630102248.29
2681,181,181,181,VN00181,181,TRX02681,116805360.97,0.0
2682,182,182,182,VN00182,182,TRX02682,406294781.54,0.0
2683,183,183,183,VN00183,183,TRX02683,6857123.96,0.0
2684,184,184,184,VN00184,184,TRX02684,0.0,680512178.56
2685,185,185,185,VN00185,185,TRX02685,164475546.85,0.0
2686,186,186,186,VN00186,186,TRX02686,0.0,595701706.82
2687,187,187,187,VN00187,187,TRX02687,498649220.58,0.0
2688,188,188,188,VN00188,188,TRX02688,0.0,444078383.44
2689,189,189,189,VN00189,189,TRX02689,0.0,473756002.2
2690,190,190,190,VN00190,190,TRX02690,0.0,185236487.27
2691,191,191,191,VN00191,191,TRX02691,0.0,331121364.49
2692,192,192,192,VN00192,192,TRX02692,528772051.22,0.0
2693,193,193,193,VN00193,193,TRX02693,856899939.58,0.0
2694,194,194,194,VN00194,194,TRX02694,0.0,806242948.05
2695,195,195,195,VN00195,195,TRX02695,61879369.16,0.0
2696,196,196,196,VN00196,196,TRX02696,270144914.58,0.0
2697,197,197,197,VN00197,197,TRX02697,921655727.01,0.0
2698,198,198,198,VN00198,198,TRX02698,0.0,573655305.69
2699,199,199,199,VN00199,199,TRX02699,134660996.97,0.0
2700,200,200,200,VN00200,200,TRX02700,0.0,802697857.44
2701,201,201,201,VN00201,201,TRX02701,0.0,407143725.09
2702,202,202,202,VN00202,202,TRX02702,769840127.15,0.0
2703,203,203,203,VN00203,203,TRX02703,221987059.43,0.0
2704,204,204,204,VN00204,204,TRX02704,242958619.2,0.0
2705,205,205,205,VN00205,205,TRX02705,130596821.87,0.0
2706,206,206,206,VN00206,206,TRX02706,0.0,943655900.2
2707,207,207,207,VN00207,207,TRX02707,513877946.0,0.0
2708,208,208,208,VN00208,208,TRX02708,0.0,178082371.2
2709,209,209,209,VN00209,209,TRX02709,0.0,595658509.87
2710,210,210,210,VN00210,210,TRX02710,0.0,465849199.33
2711,211,211,211,VN00211,211,TRX02711,0.0,636796859.2
2712,212,212,212,VN00212,212,TRX02712,478712470.11,0.0
2713,213,213,213,VN00213,213,TRX02713,412984664.74,0.0
2714,214,214,214,VN00214,214,TRX02714,0.0,354742440.15
2715,215,215,215,VN00215,215,TRX02715,0.0,16055483.91
2716,216,216,216,VN00216,216,TRX02716,0.0,506439832.47
2717,217,217,217,VN00217,217,TRX02717,600424609.48,0.0
2718,218,218,218,VN00218,218,TRX02718,642316296.53,0.0
2719,219,219,219,VN00219,219,TRX02719,689135905.76,0.0
2720,220,220,220,VN00220,220,TRX02720,0.0,200666530.74
2721,221,221,221,VN00221,221,TRX02721,220347315.52,0.0
2722,222,222,222,VN00222,222,TRX02722,256119950.54,0.0
2723,223,223,223,VN00223,223,TRX02723,617199239.01,0.0
2724,224,224,224,VN00224,224,TRX02724,0.0,349103504.28
2725,225,225,225,VN00225,225,TRX02725,461912265.02,0.0
2726,226,226,226,VN00226,226,TRX02726,43340087.21,0.0
2727,227,227,227,VN00227,227,TRX02727,0.0,429905314.16
2728,228,228,228,VN00228,228,TRX02728,0.0,435664021.23
2729,229,229,229,VN00229,229,TRX02729,0.0,548163845.75
2730,230,230,230,VN00230,230,TRX02730,0.0,823359198.06
2731,231,231,231,VN00231,231,TRX02731,0.0,331777853.97
2732,232,232,232,VN00232,232,TRX02732,473293378.13,0.0
2733,233,233,233,VN00233,233,TRX02733,0.0,461488328.91
2734,234,234,234,VN00234,234,TRX02734,47443146.94,0.0
2735,235,235,235,VN00235,235,TRX02735,0.0,364772416.36
2736,236,236,236,VN00236,236,TRX02736,0.0,639987435.33
2737,237,237,237,VN00237,237,TRX02737,886675258.5,0.0
2738,238,238,238,VN00238,238,TRX02738,424486499.64,0.0
2739,239,239,239,VN00239,239,TRX02739,25038099.14,0.0
2740,240,240,240,VN00240,240,TRX02740,0.0,285316679.93
2741,241,241,241,VN00241,241,TRX02741,0.0,933064580.78
2742,242,242,242,VN00242,242,TRX02742,111219485.04,0.0
2743,243,243,243,VN00243,243,TRX02743,755708141.44,0.0
2744,244,244,244,VN00244,244,TRX02744,0.0,612779271.88
2745,245,245,245,VN00245,245,TRX02745,589923272.47,0.0
2746,246,246,246,VN00246,246,TRX02746,0.0,980479859.71
2747,247,247,247,VN00247,247,TRX02747,0.0,268446151.34
2748,248,248,248,VN00248,248,TRX02748,966505675.96,0.0
2749,249,249,249,VN00249,249,TRX02749,826131799.69,0.0
2750,250,250,250,VN00250,250,TRX02750,0.0,74374385.1
2751,1,1,1,VN00001,1,TRX02751,0.0,642193285.99
2752,2,2,2,VN00002,2,TRX02752,617042273.58,0.0
2753,3,3,3,VN00003,3,TRX02753,0.0,702796703.83
2754,4,4,4,VN00004,4,TRX02754,103661740.92,0.0
2755,5,5,5,VN00005,5,TRX02755,0.0,41636680.92
2756,6,6,6,VN00006,6,TRX02756,0.0,227083228.63
2757,7,7,7,VN00007,7,TRX02757,385447941.81,0.0
2758,8,8,8,VN00008,8,TRX02758,0.0,998121567.43
2759,9,9,9,VN00009,9,TRX02759,0.0,561782481.02
2760,10,10,10,VN00010,10,TRX02760,377948523.69,0.0
2761,11,11,11,VN00011,11,TRX02761,945488019.05,0.0
2762,12,12,12,VN00012,12,TRX02762,432020638.41,0.0
2763,13,13,13,VN00013,13,TRX02763,0.0,5408997.72
2764,14,14,14,VN00014,14,TRX02764,620650826.4,0.0
2765,15,15,15,VN00015,15,TRX02765,94248042.55,0.0
2766,16,16,16,VN00016,16,TRX02766,152665645.05,0.0
2767,17,17,17,VN00017,17,TRX02767,0.0,261934071.08
2768,18,18,18,VN00018,18,TRX02768,819106480.56,0.0
2769,19,19,19,VN00019,19,TRX02769,240613717.82,0.0
2770,20,20,20,VN00020,20,TRX02770,0.0,292512934.66
2771,21,21,21,VN00021,21,TRX02771,973570487.11,0.0
2772,22,22,22,VN00022,22,TRX02772,0.0,796828026.36
2773,23,23,23,VN00023,23,TRX02773,444522375.65,0.0
2774,24,24,24,VN00024,24,TRX02774,863906127.48,0.0
2775,25,25,25,VN00025,25,TRX02775,0.0,858552290.11
2776,26,26,26,VN00026,26,TRX02776,564788396.01,0.0
2777,27,27,27,VN00027,27,TRX02777,239270505.52,0.0
2778,28,28,28,VN00028,28,TRX02778,0.0,642148351.96
2779,29,29,29,VN00029,29,TRX02779,0.0,253975288.65
2780,30,30,30,VN00030,30,TRX02780,742451220.71,0.0
2781,31,31,31,VN00031,31,TRX02781,640591561.41,0.0
2782,32,32,32,VN00032,32,TRX02782,804475338.23,0.0
2783,33,33,33,VN00033,33,TRX02783,619878333.82,0.0
2784,34,34,34,VN00034,34,TRX02784,277184259.24,0.0
2785,35,35,35,VN00035,35,TRX02785,0.0,693150875.43
2786,36,36,36,VN00036,36,TRX02786,650710830.01,0.0
2787,37,37,37,VN00037,37,TRX02787,0.0,648176056.05
2788,38,38,38,VN00038,38,TRX02788,777574166.0,0.0
2789,39,39,39,VN00039,39,TRX02789,0.0,44204497.47
2790,40,40,40,VN00040,40,TRX02790,810831971.02,0.0
2791,41,41,41,VN00041,41,TRX02791,338293828.77,0.0
2792,42,42,42,VN00042,42,TRX02792,0.0,589654812.32
2793,43,43,43,VN00043,43,TRX02793,0.0,265959403.8
2794,44,44,44,VN00044,44,TRX02794,0.0,357678235.44
2795,45,45,45,VN00045,45,TRX02795,0.0,573138375.21
2796,46,46,46,VN00046,46,TRX02796,0.0,935225463.8
2797,47,47,47,VN00047,47,TRX02797,685448562.69,0.0
2798,48,48,48,VN00048,48,TRX02798,0.0,264177442.7
2799,49,49,49,VN00049,49,TRX02799,0.0,122498002.21
2800,50,50,50,VN00050,50,TRX02800,192018814.75,0.0
2801,51,51,51,VN00051,51,TRX02801,0.0,562906462.98
2802,52,52,52,VN00052,52,TRX02802,0.0,292581396.78
2803,53,53,53,VN00053,53,TRX02803,0.0,286775950.14
2804,54,54,54,VN00054,54,TRX02804,0.0,898998326.16
2805,55,55,55,VN00055,55,TRX02805,146448429.47,0.0
2806,56,56,56,VN00056,56,TRX02806,0.0,286913198.79
2807,57,57,57,VN00057,57,TRX02807,0.0,542149225.34
2808,58,58,58,VN00058,58,TRX02808,0.0,93792209.42
2809,59,59,59,VN00059,59,TRX02809,714061048.74,0.0
2810,60,60,60,VN00060,60,TRX02810,0.0,588420905.87
2811,61,61,61,VN00061,61,TRX02811,470040237.37,0.0
2812,62,62,62,VN00062,62,TRX02812,168414856.81,0.0
2813,63,63,63,VN00063,63,TRX02813,635520788.56,0.0
2814,64,64,64,VN00064,64,TRX02814,912686481.31,0.0
2815,65,65,65,VN00065,65,TRX02815,560427125.33,0.0
2816,66,66,66,VN00066,66,TRX02816,315156571.79,0.0
2817,67,67,67,VN00067,67,TRX02817,0.0,644698823.01
2818,68,68,68,VN00068,68,TRX02818,0.0,566081578.37
2819,69,69,69,VN00069,69,TRX02819,441760390.37,0.0
2820,70,70,70,VN00070,70,TRX02820,495128611.68,0.0
2821,71,71,71,VN00071,71,TRX02821,940745124.19,0.0
2822,72,72,72,VN00072,72,TRX02822,429904276.97,0.0
2823,73,73,73,VN00073,73,TRX02823,862253658.11,0.0
2824,74,74,74,VN00074,74,TRX02824,166826541.46,0.0
2825,75,75,75,VN00075,75,TRX02825,0.0,974195116.45
2826,76,76,76,VN00076,76,TRX02826,0.0,422287896.87
2827,77,77,77,VN00077,77,TRX02827,0.0,663604684.0
2828,78,78,78,VN00078,78,TRX02828,502151375.05,0.0
2829,79,79,79,VN00079,79,TRX02829,767147171.11,0.0
2830,80,80,80,VN00080,80,TRX02830,0.0,786571328.31
2831,81,81,81,VN00081,81,TRX02831,68104492.11,0.0
2832,82,82,82,VN00082,82,TRX02832,0.0,963006410.69
2833,83,83,83,VN00083,83,TRX02833,0.0,551971948.87
2834,84,84,84,VN00084,84,TRX02834,249723020.97,0.0
2835,85,85,85,VN00085,85,TRX02835,738536425.48,0.0
2836,86,86,86,VN00086,86,TRX02836,62855915.47,0.0
2837,87,87,87,VN00087,87,TRX02837,908994374.46,0.0
2838,88,88,88,VN00088,88,TRX02838,0.0,666965326.6
2839,89,89,89,VN00089,89,TRX02839,0.0,389779605.96
2840,90,90,90,VN00090,90,TRX02840,0.0,36574879.45
2841,91,91,91,VN00091,91,TRX02841,0.0,149663455.25
2842,92,92,92,VN00092,92,TRX02842,0.0,360669396.84
2843,93,93,93,VN00093,93,TRX02843,0.0,960859981.27
2844,94,94,94,VN00094,94,TRX02844,501272430.36,0.0
2845,95,95,95,VN00095,95,TRX02845,661385604.03,0.0
2846,96,96,96,VN00096,96,TRX02846,568789830.82,0.0
2847,97,97,97,VN00097,97,TRX02847,104939100.76,0.0
2848,98,98,98,VN00098,98,TRX02848,0.0,64318694.67
2849,99,99,99,VN00099,99,TRX02849,788995482.43,0.0
2850,100,100,100,VN00100,100,TRX02850,29524911.73,0.0
2851,101,101,101,VN00101,101,TRX02851,458898398.45,0.0
2852,102,102,102,VN00102,102,TRX02852,437791920.32,0.0
2853,103,103,103,VN00103,103,TRX02853,67219410.72,0.0
2854,104,104,104,VN00104,104,TRX02854,0.0,341955248.0
2855,105,105,105,VN00105,105,TRX02855,814990967.45,0.0
2856,106,106,106,VN00106,106,TRX02856,584641108.64,0.0
2857,107,107,107,VN00107,107,TRX02857,0.0,146740969.58
2858,108,108,108,VN00108,108,TRX02858,0.0,339583667.53
2859,109,109,109,VN00109,109,TRX02859,0.0,366172450.61
2860,110,110,110,VN00110,110,TRX02860,102291454.65,0.0
2861,111,111,111,VN00111,111,TRX02861,0.0,300139946.16
2862,112,112,112,VN00112,112,TRX02862,0.0,572565597.95
2863,113,113,113,VN00113,113,TRX02863,290746136.83,0.0
2864,114,114,114,VN00114,114,TRX02864,181481578.79,0.0
2865,115,115,115,VN00115,115,TRX02865,469556743.12,0.0
2866,116,116,116,VN00116,116,TRX02866,0.0,269226874.02
2867,117,117,117,VN00117,117,TRX02867,0.0,682419866.26
2868,118,118,118,VN00118,118,TRX02868,0.0,782324755.0
2869,119,119,119,VN00119,119,TRX02869,0.0,282091911.69
2870,120,120,120,VN00120,120,TRX02870,0.0,212783755.25
2871,121,121,121,VN00121,121,TRX02871,340022733.33,0.0
2872,122,122,122,VN00122,122,TRX02872,455772614.3,0.0
2873,123,123,123,VN00123,123,TRX02873,0.0,343749604.75
2874,124,124,124,VN00124,124,TRX02874,86231353.25,0.0
2875,125,125,125,VN00125,125,TRX02875,0.0,378264119.05
2876,126,126,126,VN00126,126,TRX02876,834011272.15,0.0
2877,127,127,127,VN00127,127,TRX02877,0.0,366228155.9
2878,128,128,128,VN00128,128,TRX02878,0.0,147332990.84
2879,129,129,129,VN00129,129,TRX02879,0.0,213378425.56
2880,130,130,130,VN00130,130,TRX02880,14127300.58,0.0
2881,131,131,131,VN00131,131,TRX02881,0.0,733708821.5
2882,132,132,132,VN00132,132,TRX02882,0.0,81153450.17
2883,133,133,133,VN00133,133,TRX02883,902360109.55,0.0
2884,134,134,134,VN00134,134,TRX02884,584106283.8,0.0
2885,135,135,135,VN00135,135,TRX02885,0.0,778351329.36
2886,136,136,136,VN00136,136,TRX02886,0.0,877804011.27
2887,137,137,137,VN00137,137,TRX02887,11088866.05,0.0
2888,138,138,138,VN00138,138,TRX02888,15118590.59,0.0
2889,139,139,139,VN00139,139,TRX02889,743439614.09,0.0
2890,140,140,140,VN00140,140,TRX02890,0.0,819017239.09
2891,141,141,141,VN00141,141,TRX02891,755365467.15,0.0
2892,142,142,142,VN00142,142,TRX02892,589691882.62,0.0
2893,143,143,143,VN00143,143,TRX02893,0.0,36691023.68
2894,144,144,144,VN00144,144,TRX02894,786606195.43,0.0
2895,145,145,145,VN00145,145,TRX02895,0.0,191859674.16
2896,146,146,146,VN00146,146,TRX02896,806513266.8,0.0
2897,147,147,147,VN00147,147,TRX02897,665085225.52,0.0
2898,148,148,148,VN00148,148,TRX02898,673274231.05,0.0
2899,149,149,149,VN00149,149,TRX02899,0.0,615785194.31
2900,150,150,150,VN00150,150,TRX02900,0.0,560643490.77
2901,151,151,151,VN00151,151,TRX02901,488936791.5,0.0
2902,152,152,152,VN00152,152,TRX02902,0.0,986513025.09
2903,153,153,153,VN00153,153,TRX02903,26465556.88,0.0
2904,154,154,154,VN00154,154,TRX02904,335830773.98,0.0
2905,155,155,155,VN00155,155,TRX02905,0.0,558922923.46
2906,156,156,156,VN00156,156,TRX02906,0.0,561618622.87
2907,157,157,157,VN00157,157,TRX02907,632783647.73,0.0
2908,158,158,158,VN00158,158,TRX02908,681692896.64,0.0
2909,159,159,159,VN00159,159,TRX02909,0.0,972950948.76
2910,160,160,160,VN00160,160,TRX02910,289696666.67,0.0
2911,161,161,161,VN00161,161,TRX02911,571688922.47,0.0
2912,162,162,162,VN00162,162,TRX02912,704094166.42,0.0
2913,163,163,163,VN00163,163,TRX02913,0.0,996064728.92
2914,164,164,164,VN00164,164,TRX02914,280303936.99,0.0
2915,165,165,165,VN00165,165,TRX02915,274995602.31,0.0
2916,166,166,166,VN00166,166,TRX02916,918100359.82,0.0
2917,167,167,167,VN00167,167,TRX02917,0.0,753516946.45
2918,168,168,168,VN00168,168,TRX02918,0.0,79475971.17
2919,169,169,169,VN00169,169,TRX02919,567823093.92,0.0
2920,170,170,170,VN00170,170,TRX02920,630459119.73,0.0
2921,171,171,171,VN00171,171,TRX02921,276519073.29,0.0
2922,172,172,172,VN00172,172,TRX02922,892835115.41,0.0
2923,173,173,173,VN00173,173,TRX02923,0.0,576990725.84
2924,174,174,174,VN00174,174,TRX02924,0.0,321892143.86
2925,175,175,175,VN00175,175,TRX02925,518015580.92,0.0
2926,176,176,176,VN00176,176,TRX02926,0.0,345733277.98
2927,177,177,177,VN00177,177,TRX02927,0.0,234298755.39
2928,178,178,178,VN00178,178,TRX02928,464111904.48,0.0
2929,179,179,179,VN00179,179,TRX02929,0.0,613437893.62
2930,180,180,180,VN00180,180,TRX02930,913296179.83,0.0
2931,181,181,181,VN00181,181,TRX02931,131729051.15,0.0
2932,182,182,182,VN00182,182,TRX02932,686556783.1,0.0
2933,183,183,183,VN00183,183,TRX02933,918140361.7,0.0
2934,184,184,184,VN00184,184,TRX02934,411076654.18,0.0
2935,185,185,185,VN00185,185,TRX02935,884979600.59,0.0
2936,186,186,186,VN00186,186,TRX02936,144312001.23,0.0
2937,187,187,187,VN00187,187,TRX02937,0.0,481571513.83
2938,188,188,188,VN00188,188,TRX02938,233368323.31,0.0
2939,189,189,189,VN00189,189,TRX02939,521194454.58,0.0
2940,190,190,190,VN00190,190,TRX02940,0.0,952300259.18
2941,191,191,191,VN00191,191,TRX02941,0.0,726358064.72
2942,192,192,192,VN00192,192,TRX02942,0.0,138437296.79
2943,193,193,193,VN00193,193,TRX02943,0.0,37078774.18
2944,194,194,194,VN00194,194,TRX02944,0.0,81031140.0
2945,195,195,195,VN00195,195,TRX02945,112334557.84,0.0
2946,196,196,196,VN00196,196,TRX02946,897810700.8,0.0
2947,197,197,197,VN00197,197,TRX02947,0.0,766751024.47
2948,198,198,198,VN00198,198,TRX02948,584099790.12,0.0
2949,199,199,199,VN00199,199,TRX02949,0.0,670674665.7
2950,200,200,200,VN00200,200,TRX02950,369726255.26,0.0
2951,201,201,201,VN00201,201,TRX02951,0.0,289656261.0
2952,202,202,202,VN00202,202,TRX02952,832068164.22,0.0
2953,203,203,203,VN00203,203,TRX02953,159498845.67,0.0
2954,204,204,204,VN00204,204,TRX02954,0.0,79518060.52
2955,205,205,205,VN00205,205,TRX02955,0.0,850066842.36
2956,206,206,206,VN00206,206,TRX02956,0.0,767657677.22
2957,207,207,207,VN00207,207,TRX02957,0.0,870987590.63
2958,208,208,208,VN00208,208,TRX02958,891754839.6,0.0
2959,209,209,209,VN00209,209,TRX02959,0.0,314125691.94
2960,210,210,210,VN00210,210,TRX02960,0.0,252499594.89
2961,211,211,211,VN00211,211,TRX02961,379898422.66,0.0
2962,212,212,212,VN00212,212,TRX02962,932743161.53,0.0
2963,213,213,213,VN00213,213,TRX02963,197527661.69,0.0
2964,214,214,214,VN00214,214,TRX02964,502540394.95,0.0
2965,215,215,215,VN00215,215,TRX02965,0.0,902840885.45
2966,216,216,216,VN00216,216,TRX02966,801227058.12,0.0
2967,217,217,217,VN00217,217,TRX02967,271054108.97,0.0
2968,218,218,218,VN00218,218,TRX02968,0.0,732957763.75
2969,219,219,219,VN00219,219,TRX02969,0.0,198988272.56
2970,220,220,220,VN00220,220,TRX02970,475190275.69,0.0
2971,221,221,221,VN00221,221,TRX02971,12931147.14,0.0
2972,222,222,222,VN00222,222,TRX02972,965417740.98,0.0
2973,223,223,223,VN00223,223,TRX02973,685964120.03,0.0
2974,224,224,224,VN00224,224,TRX02974,491979161.99,0.0
2975,225,225,225,VN00225,225,TRX02975,604085568.95,0.0
2976,226,226,226,VN00226,226,TRX02976,110985560.94,0.0
2977,227,227,227,VN00227,227,TRX02977,0.0,701549694.29
2978,228,228,228,VN00228,228,TRX02978,0.0,91396559.93
2979,229,229,229,VN00229,229,TRX02979,48960941.56,0.0
2980,230,230,230,VN00230,230,TRX02980,0.0,973019910.45
2981,231,231,231,VN00231,231,TRX02981,0.0,940310476.1
2982,232,232,232,VN00232,232,TRX02982,708955259.67,0.0
2983,233,233,233,VN00233,233,TRX02983,0.0,851280349.77
2984,234,234,234,VN00234,234,TRX02984,794203471.15,0.0
2985,235,235,235,VN00235,235,TRX02985,748465746.02,0.0
2986,236,236,236,VN00236,236,TRX02986,590659969.52,0.0
2987,237,237,237,VN00237,237,TRX02987,0.0,526358858.86
2988,238,238,238,VN00238,238,TRX02988,7831991.8,0.0
2989,239,239,239,VN00239,239,TRX02989,457305552.5,0.0
2990,240,240,240,VN00240,240,TRX02990,0.0,960630389.18
2991,241,241,241,VN00241,241,TRX02991,227128539.91,0.0
2992,242,242,242,VN00242,242,TRX02992,506695987.21,0.0
2993,243,243,243,VN00243,243,TRX02993,0.0,936731365.47
2994,244,244,244,VN00244,244,TRX02994,504055857.72,0.0
2995,245,245,245,VN00245,245,TRX02995,0.0,330602487.65
2996,246,246,246,VN00246,246,TRX02996,610117359.87,0.0
2997,247,247,247,VN00247,247,TRX02997,0.0,713080276.71
2998,248,248,248,VN00248,248,TRX02998,0.0,361192247.1
2999,249,249,249,VN00249,249,TRX02999,567472242.08,0.0
3000,250,250,250,VN00250,250,TRX03000,0.0,250851090.78
3001,1,1,1,VN00001,1,TRX03001,969426110.45,0.0
3002,2,2,2,VN00002,2,TRX03002,0.0,35872427.66
3003,3,3,3,VN00003,3,TRX03003,181891662.81,0.0
3004,4,4,4,VN00004,4,TRX03004,0.0,844237177.27
3005,5,5,5,VN00005,5,TRX03005,477021514.77,0.0
3006,6,6,6,VN00006,6,TRX03006,846856753.93,0.0
3007,7,7,7,VN00007,7,TRX03007,0.0,240967731.53
3008,8,8,8,VN00008,8,TRX03008,0.0,282263953.06
3009,9,9,9,VN00009,9,TRX03009,233661891.25,0.0
3010,10,10,10,VN00010,10,TRX03010,0.0,555160195.28
3011,11,11,11,VN00011,11,TRX03011,769744884.59,0.0
3012,12,12,12,VN00012,12,TRX03012,0.0,125535603.07
3013,13,13,13,VN00013,13,TRX03013,0.0,593118653.33
3014,14,14,14,VN00014,14,TRX03014,618647423.53,0.0
3015,15,15,15,VN00015,15,TRX03015,0.0,755596746.18
3016,16,16,16,VN00016,16,TRX03016,204272434.05,0.0
3017,17,17,17,VN00017,17,TRX03017,0.0,649297728.61
3018,18,18,18,VN00018,18,TRX03018,0.0,726182299.98
3019,19,19,19,VN00019,19,TRX03019,0.0,417781807.99
3020,20,20,20,VN00020,20,TRX03020,652238615.77,0.0
3021,21,21,21,VN00021,21,TRX03021,0.0,84496124.79
3022,22,22,22,VN00022,22,TRX03022,0.0,354834648.15
3023,23,23,23,VN00023,23,TRX03023,905428143.77,0.0
3024,24,24,24,VN00024,24,TRX03024,0.0,206279445.65
3025,25,25,25,VN00025,25,TRX03025,495261967.99,0.0
3026,26,26,26,VN00026,26,TRX03026,0.0,138349323.44
3027,27,27,27,VN00027,27,TRX03027,0.0,588479659.68
3028,28,28,28,VN00028,28,TRX03028,0.0,501425186.33
3029,29,29,29,VN00029,29,TRX03029,787188531.48,0.0
3030,30,30,30,VN00030,30,TRX03030,0.0,89033838.25
3031,31,31,31,VN00031,31,TRX03031,0.0,386047603.04
3032,32,32,32,VN00032,32,TRX03032,4487727.05,0.0
3033,33,33,33,VN00033,33,TRX03033,504950296.32,0.0
3034,34,34,34,VN00034,34,TRX03034,982804723.1,0.0
3035,35,35,35,VN00035,35,TRX03035,967258285.4,0.0
3036,36,36,36,VN00036,36,TRX03036,614185571.2,0.0
3037,37,37,37,VN00037,37,TRX03037,0.0,760942331.07
3038,38,38,38,VN00038,38,TRX03038,8974993.69,0.0
3039,39,39,39,VN00039,39,TRX03039,0.0,498298760.74
3040,40,40,40,VN00040,40,TRX03040,301948247.98,0.0
3041,41,41,41,VN00041,41,TRX03041,336789208.27,0.0
3042,42,42,42,VN00042,42,TRX03042,0.0,258098739.67
3043,43,43,43,VN00043,43,TRX03043,0.0,959621002.76
3044,44,44,44,VN00044,44,TRX03044,90700171.97,0.0
3045,45,45,45,VN00045,45,TRX03045,0.0,30915506.79
3046,46,46,46,VN00046,46,TRX03046,0.0,936748959.82
3047,47,47,47,VN00047,47,TRX03047,0.0,410931512.36
3048,48,48,48,VN00048,48,TRX03048,545500378.33,0.0
3049,49,49,49,VN00049,49,TRX03049,432029741.27,0.0
3050,50,50,50,VN00050,50,TRX03050,0.0,987048468.51
3051,51,51,51,VN00051,51,TRX03051,66086293.97,0.0
3052,52,52,52,VN00052,52,TRX03052,0.0,169601995.97
3053,53,53,53,VN00053,53,TRX03053,158423713.03,0.0
3054,54,54,54,VN00054,54,TRX03054,324860877.37,0.0
3055,55,55,55,VN00055,55,TRX03055,664496919.59,0.0
3056,56,56,56,VN00056,56,TRX03056,0.0,195285601.2
3057,57,57,57,VN00057,57,TRX03057,907691780.59,0.0
3058,58,58,58,VN00058,58,TRX03058,442104660.96,0.0
3059,59,59,59,VN00059,59,TRX03059,70923191.79,0.0
3060,60,60,60,VN00060,60,TRX03060,0.0,38574576.26
3061,61,61,61,VN00061,61,TRX03061,417678216.09,0.0
3062,62,62,62,VN00062,62,TRX03062,23338583.61,0.0
3063,63,63,63,VN00063,63,TRX03063,0.0,737147413.88
3064,64,64,64,VN00064,64,TRX03064,529255576.16,0.0
3065,65,65,65,VN00065,65,TRX03065,0.0,6069228.63
3066,66,66,66,VN00066,66,TRX03066,0.0,671073325.8
3067,67,67,67,VN00067,67,TRX03067,858178583.3,0.0
3068,68,68,68,VN00068,68,TRX03068,932233865.0,0.0
3069,69,69,69,VN00069,69,TRX03069,331622514.75,0.0
3070,70,70,70,VN00070,70,TRX03070,183825650.44,0.0
3071,71,71,71,VN00071,71,TRX03071,0.0,457409103.65
3072,72,72,72,VN00072,72,TRX03072,0.0,523225866.87
3073,73,73,73,VN00073,73,TRX03073,98478759.13,0.0
3074,74,74,74,VN00074,74,TRX03074,950287787.73,0.0
3075,75,75,75,VN00075,75,TRX03075,0.0,548861584.53
3076,76,76,76,VN00076,76,TRX03076,9681794.36,0.0
3077,77,77,77,VN00077,77,TRX03077,859145883.7,0.0
3078,78,78,78,VN00078,78,TRX03078,0.0,71575828.51
3079,79,79,79,VN00079,79,TRX03079,0.0,907488878.11
3080,80,80,80,VN00080,80,TRX03080,341350821.31,0.0
3081,81,81,81,VN00081,81,TRX03081,0.0,752649292.28
3082,82,82,82,VN00082,82,TRX03082,0.0,721062447.76
3083,83,83,83,VN00083,83,TRX03083,318656917.55,0.0
3084,84,84,84,VN00084,84,TRX03084,0.0,664233188.53
3085,85,85,85,VN00085,85,TRX03085,0.0,974247557.9
3086,86,86,86,VN00086,86,TRX03086,0.0,150227900.32
3087,87,87,87,VN00087,87,TRX03087,0.0,942857722.76
3088,88,88,88,VN00088,88,TRX03088,436220233.85,0.0
3089,89,89,89,VN00089,89,TRX03089,556247711.99,0.0
3090,90,90,90,VN00090,90,TRX03090,776194990.4,0.0
3091,91,91,91,VN00091,91,TRX03091,0.0,348136140.9
3092,92,92,92,VN00092,92,TRX03092,0.0,118478422.43
3093,93,93,93,VN00093,93,TRX03093,920054411.24,0.0
3094,94,94,94,VN00094,94,TRX03094,651843187.6,0.0
3095,95,95,95,VN00095,95,TRX03095,0.0,354940949.39
3096,96,96,96,VN00096,96,TRX03096,0.0,799074357.47
3097,97,97,97,VN00097,97,TRX03097,0.0,184864148.26
3098,98,98,98,VN00098,98,TRX03098,0.0,658754426.54
3099,99,99,99,VN00099,99,TRX03099,0.0,398176112.98
3100,100,100,100,VN00100,100,TRX03100,676261336.46,0.0
3101,101,101,101,VN00101,101,TRX03101,0.0,448057970.69
3102,102,102,102,VN00102,102,TRX03102,181029248.13,0.0
3103,103,103,103,VN00103,103,TRX03103,0.0,767311508.48
3104,104,104,104,VN00104,104,TRX03104,737830749.05,0.0
3105,105,105,105,VN00105,105,TRX03105,0.0,271488955.11
3106,106,106,106,VN00106,106,TRX03106,116832499.31,0.0
3107,107,107,107,VN00107,107,TRX03107,20923598.55,0.0
3108,108,108,108,VN00108,108,TRX03108,0.0,341771523.55
3109,109,109,109,VN00109,109,TRX03109,0.0,741982988.19
3110,110,110,110,VN00110,110,TRX03110,0.0,411296259.5
3111,111,111,111,VN00111,111,TRX03111,0.0,647438573.78
3112,112,112,112,VN00112,112,TRX03112,0.0,789335712.8
3113,113,113,113,VN00113,113,TRX03113,719380388.14,0.0
3114,114,114,114,VN00114,114,TRX03114,859750904.88,0.0
3115,115,115,115,VN00115,115,TRX03115,0.0,263209877.19
3116,116,116,116,VN00116,116,TRX03116,18166276.91,0.0
3117,117,117,117,VN00117,117,TRX03117,0.0,308295028.48
3118,118,118,118,VN00118,118,TRX03118,14678592.21,0.0
3119,119,119,119,VN00119,119,TRX03119,0.0,939892114.93
3120,120,120,120,VN00120,120,TRX03120,236170639.24,0.0
3121,121,121,121,VN00121,121,TRX03121,441107604.4,0.0
3122,122,122,122,VN00122,122,TRX03122,0.0,982555697.87
3123,123,123,123,VN00123,123,TRX03123,819261401.01,0.0
3124,124,124,124,VN00124,124,TRX03124,0.0,173648656.22
3125,125,125,125,VN00125,125,TRX03125,0.0,310891295.07
3126,126,126,126,VN00126,126,TRX03126,15175888.18,0.0
3127,127,127,127,VN00127,127,TRX03127,309583855.49,0.0
3128,128,128,128,VN00128,128,TRX03128,0.0,467853288.91
3129,129,129,129,VN00129,129,TRX03129,449986589.92,0.0
3130,130,130,130,VN00130,130,TRX03130,0.0,753498739.85
3131,131,131,131,VN00131,131,TRX03131,0.0,152308631.38
3132,132,132,132,VN00132,132,TRX03132,0.0,486222268.54
3133,133,133,133,VN00133,133,TRX03133,910019342.29,0.0
3134,134,134,134,VN00134,134,TRX03134,0.0,589254939.85
3135,135,135,135,VN00135,135,TRX03135,515091129.0,0.0
3136,136,136,136,VN00136,136,TRX03136,0.0,95701722.71
3137,137,137,137,VN00137,137,TRX03137,0.0,718202387.67
3138,138,138,138,VN00138,138,TRX03138,393596393.6,0.0
3139,139,139,139,VN00139,139,TRX03139,323667060.12,0.0
3140,140,140,140,VN00140,140,TRX03140,889222368.22,0.0
3141,141,141,141,VN00141,141,TRX03141,0.0,35256081.11
3142,142,142,142,VN00142,142,TRX03142,0.0,543923371.47
3143,143,143,143,VN00143,143,TRX03143,785016444.21,0.0
3144,144,144,144,VN00144,144,TRX03144,812525092.33,0.0
3145,145,145,145,VN00145,145,TRX03145,0.0,758709510.79
3146,146,146,146,VN00146,146,TRX03146,0.0,989834951.42
3147,147,147,147,VN00147,147,TRX03147,705664746.13,0.0
3148,148,148,148,VN00148,148,TRX03148,0.0,605444881.49
3149,149,149,149,VN00149,149,TRX03149,0.0,24273262.73
3150,150,150,150,VN00150,150,TRX03150,0.0,811346351.41
3151,151,151,151,VN00151,151,TRX03151,0.0,504991880.25
3152,152,152,152,VN00152,152,TRX03152,0.0,312103216.75
3153,153,153,153,VN00153,153,TRX03153,445457743.07,0.0
3154,154,154,154,VN00154,154,TRX03154,0.0,988686817.86
3155,155,155,155,VN00155,155,TRX03155,389388727.67,0.0
3156,156,156,156,VN00156,156,TRX03156,613370472.85,0.0
3157,157,157,157,VN00157,157,TRX03157,524025068.9,0.0
3158,158,158,158,VN00158,158,TRX03158,0.0,845168930.86
3159,159,159,159,VN00159,159,TRX03159,0.0,377667512.13
3160,160,160,160,VN00160,160,TRX03160,289194249.26,0.0
3161,161,161,161,VN00161,161,TRX03161,0.0,525544633.23
3162,162,162,162,VN00162,162,TRX03162,0.0,575499200.32
3163,163,163,163,VN00163,163,TRX03163,712472917.51,0.0
3164,164,164,164,VN00164,164,TRX03164,0.0,761037275.97
3165,165,165,165,VN00165,165,TRX03165,0.0,69730119.96
3166,166,166,166,VN00166,166,TRX03166,0.0,515627676.46
3167,167,167,167,VN00167,167,TRX03167,753369713.4,0.0
3168,168,168,168,VN00168,168,TRX03168,0.0,241216739.96
3169,169,169,169,VN00169,169,TRX03169,86695990.65,0.0
3170,170,170,170,VN00170,170,TRX03170,0.0,784924081.09
3171,171,171,171,VN00171,171,TRX03171,904625404.42,0.0
3172,172,172,172,VN00172,172,TRX03172,0.0,532216491.08
3173,173,173,173,VN00173,173,TRX03173,689335825.73,0.0
3174,174,174,174,VN00174,174,TRX03174,0.0,724106740.12
3175,175,175,175,VN00175,175,TRX03175,246758120.06,0.0
3176,176,176,176,VN00176,176,TRX03176,0.0,42967743.57
3177,177,177,177,VN00177,177,TRX03177,0.0,818912888.66
3178,178,178,178,VN00178,178,TRX03178,0.0,42384222.15
3179,179,179,179,VN00179,179,TRX03179,0.0,882436520.27
3180,180,180,180,VN00180,180,TRX03180,0.0,455371672.95
3181,181,181,181,VN00181,181,TRX03181,763220109.26,0.0
3182,182,182,182,VN00182,182,TRX03182,0.0,510540558.0
3183,183,183,183,VN00183,183,TRX03183,0.0,961519189.28
3184,184,184,184,VN00184,184,TRX03184,0.0,123062265.92
3185,185,185,185,VN00185,185,TRX03185,0.0,180933056.07
3186,186,186,186,VN00186,186,TRX03186,0.0,540515176.18
3187,187,187,187,VN00187,187,TRX03187,576933070.8,0.0
3188,188,188,188,VN00188,188,TRX03188,0.0,677746684.92
3189,189,189,189,VN00189,189,TRX03189,55381661.12,0.0
3190,190,190,190,VN00190,190,TRX03190,558593544.16,0.0
3191,191,191,191,VN00191,191,TRX03191,753152357.56,0.0
3192,192,192,192,VN00192,192,TRX03192,0.0,126076120.48
3193,193,193,193,VN00193,193,TRX03193,0.0,686560796.33
3194,194,194,194,VN00194,194,TRX03194,0.0,913784079.9
3195,195,195,195,VN00195,195,TRX03195,382496778.66,0.0
3196,196,196,196,VN00196,196,TRX03196,0.0,237182992.86
3197,197,197,197,VN00197,197,TRX03197,0.0,67208043.81
3198,198,198,198,VN00198,198,TRX03198,0.0,101851537.89
3199,199,199,199,VN00199,199,TRX03199,737741994.42,0.0
3200,200,200,200,VN00200,200,TRX03200,873541420.45,0.0
3201,201,201,201,VN00201,201,TRX03201,299748056.12,0.0
3202,202,202,202,VN00202,202,TRX03202,0.0,136891412.47
3203,203,203,203,VN00203,203,TRX03203,291555187.65,0.0
3204,204,204,204,VN00204,204,TRX03204,516348252.32,0.0
3205,205,205,205,VN00205,205,TRX03205,487786682.09,0.0
3206,206,206,206,VN00206,206,TRX03206,47437327.62,0.0
3207,207,207,207,VN00207,207,TRX03207,0.0,560201298.01
3208,208,208,208,VN00208,208,TRX03208,504903497.9,0.0
3209,209,209,209,VN00209,209,TRX03209,519162792.45,0.0
3210,210,210,210,VN00210,210,TRX03210,31848696.36,0.0
3211,211,211,211,VN00211,211,TRX03211,374195406.05,0.0
3212,212,212,212,VN00212,212,TRX03212,423172464.35,0.0
3213,213,213,213,VN00213,213,TRX03213,0.0,379297011.89
3214,214,214,214,VN00214,214,TRX03214,734478157.79,0.0
3215,215,215,215,VN00215,215,TRX03215,0.0,765490199.14
3216,216,216,216,VN00216,216,TRX03216,0.0,593672520.34
3217,217,217,217,VN00217,217,TRX03217,710788797.27,0.0
3218,218,218,218,VN00218,218,TRX03218,419595293.14,0.0
3219,219,219,219,VN00219,219,TRX03219,606583961.77,0.0
3220,220,220,220,VN00220,220,TRX03220,267361789.84,0.0
3221,221,221,221,VN00221,221,TRX03221,0.0,698960159.95
3222,222,222,222,VN00222,222,TRX03222,0.0,36760067.32
3223,223,223,223,VN00223,223,TRX03223,0.0,772694413.72
3224,224,224,224,VN00224,224,TRX03224,83365968.57,0.0
3225,225,225,225,VN00225,225,TRX03225,0.0,936159642.8
3226,226,226,226,VN00226,226,TRX03226,2453227.84,0.0
3227,227,227,227,VN00227,227,TRX03227,129891980.17,0.0
3228,228,228,228,VN00228,228,TRX03228,0.0,107003364.42
3229,229,229,229,VN00229,229,TRX03229,857016581.23,0.0
3230,230,230,230,VN00230,230,TRX03230,0.0,770099693.52
3231,231,231,231,VN00231,231,TRX03231,652178835.36,0.0
3232,232,232,232,VN00232,232,TRX03232,0.0,403492663.97
3233,233,233,233,VN00233,233,TRX03233,442018534.95,0.0
3234,234,234,234,VN00234,234,TRX03234,0.0,400040179.32
3235,235,235,235,VN00235,235,TRX03235,0.0,261338587.24
3236,236,236,236,VN00236,236,TRX03236,741468184.69,0.0
3237,237,237,237,VN00237,237,TRX03237,264080988.98,0.0
3238,238,238,238,VN00238,238,TRX03238,887826835.7,0.0
3239,239,239,239,VN00239,239,TRX03239,0.0,320145718.19
3240,240,240,240,VN00240,240,TRX03240,0.0,810279244.67
3241,241,241,241,VN00241,241,TRX03241,0.0,631768065.36
3242,242,242,242,VN00242,242,TRX03242,143733057.39,0.0
3243,243,243,243,VN00243,243,TRX03243,0.0,275443504.09
3244,244,244,244,VN00244,244,TRX03244,331886604.92,0.0
3245,245,245,245,VN00245,245,TRX03245,0.0,116447878.67
3246,246,246,246,VN00246,246,TRX03246,0.0,660823364.17
3247,247,247,247,VN00247,247,TRX03247,0.0,761061547.69
3248,248,248,248,VN00248,248,TRX03248,526160143.91,0.0
3249,249,249,249,VN00249,249,TRX03249,0.0,242697066.07
3250,250,250,250,VN00250,250,TRX03250,315968378.99,0.0
3251,1,1,1,VN00001,1,TRX03251,444043085.71,0.0
3252,2,2,2,VN00002,2,TRX03252,0.0,256760324.74
3253,3,3,3,VN00003,3,TRX03253,0.0,973606389.65
3254,4,4,4,VN00004,4,TRX03254,227356634.17,0.0
3255,5,5,5,VN00005,5,TRX03255,0.0,329230169.72
3256,6,6,6,VN00006,6,TRX03256,185313942.31,0.0
3257,7,7,7,VN00007,7,TRX03257,977044060.52,0.0
3258,8,8,8,VN00008,8,TRX03258,0.0,537284532.34
3259,9,9,9,VN00009,9,TRX03259,0.0,813126848.84
3260,10,10,10,VN00010,10,TRX03260,879851231.36,0.0
3261,11,11,11,VN00011,11,TRX03261,0.0,317432453.77
3262,12,12,12,VN00012,12,TRX03262,0.0,246250462.56
3263,13,13,13,VN00013,13,TRX03263,747688320.26,0.0
3264,14,14,14,VN00014,14,TRX03264,758605202.04,0.0
3265,15,15,15,VN00015,15,TRX03265,0.0,882500277.24
3266,16,16,16,VN00016,16,TRX03266,461767830.41,0.0
3267,17,17,17,VN00017,17,TRX03267,0.0,274391455.06
3268,18,18,18,VN00018,18,TRX03268,0.0,309422413.54
3269,19,19,19,VN00019,19,TRX03269,0.0,516735471.53
3270,20,20,20,VN00020,20,TRX03270,694672025.54,0.0
3271,21,21,21,VN00021,21,TRX03271,259584406.7,0.0
3272,22,22,22,VN00022,22,TRX03272,0.0,174583657.69
3273,23,23,23,VN00023,23,TRX03273,0.0,164229702.53
3274,24,24,24,VN00024,24,TRX03274,0.0,981112220.59
3275,25,25,25,VN00025,25,TRX03275,527191604.51,0.0
3276,26,26,26,VN00026,26,TRX03276,0.0,822806217.5
3277,27,27,27,VN00027,27,TRX03277,0.0,643669193.26
3278,28,28,28,VN00028,28,TRX03278,0.0,658476372.5
3279,29,29,29,VN00029,29,TRX03279,675721986.22,0.0
3280,30,30,30,VN00030,30,TRX03280,400484694.5,0.0
3281,31,31,31,VN00031,31,TRX03281,833134323.41,0.0
3282,32,32,32,VN00032,32,TRX03282,0.0,105449428.89
3283,33,33,33,VN00033,33,TRX03283,0.0,146917363.55
3284,34,34,34,VN00034,34,TRX03284,0.0,486825949.99
3285,35,35,35,VN00035,35,TRX03285,160888266.19,0.0
3286,36,36,36,VN00036,36,TRX03286,0.0,202222593.22
3287,37,37,37,VN00037,37,TRX03287,0.0,641228861.37
3288,38,38,38,VN00038,38,TRX03288,0.0,347910936.12
3289,39,39,39,VN00039,39,TRX03289,24289831.1,0.0
3290,40,40,40,VN00040,40,TRX03290,861571528.37,0.0
3291,41,41,41,VN00041,41,TRX03291,778177741.5,0.0
3292,42,42,42,VN00042,42,TRX03292,921150816.49,0.0
3293,43,43,43,VN00043,43,TRX03293,0.0,753420665.49
3294,44,44,44,VN00044,44,TRX03294,509757513.25,0.0
3295,45,45,45,VN00045,45,TRX03295,0.0,625207337.64
3296,46,46,46,VN00046,46,TRX03296,625847453.39,0.0
3297,47,47,47,VN00047,47,TRX03297,0.0,236372336.89
3298,48,48,48,VN00048,48,TRX03298,509863426.56,0.0
3299,49,49,49,VN00049,49,TRX03299,981862031.05,0.0
3300,50,50,50,VN00050,50,TRX03300,232334844.06,0.0
3301,51,51,51,VN00051,51,TRX03301,0.0,753285070.74
3302,52,52,52,VN00052,52,TRX03302,807513294.27,0.0
3303,53,53,53,VN00053,53,TRX03303,266119773.44,0.0
3304,54,54,54,VN00054,54,TRX03304,0.0,939846121.8
3305,55,55,55,VN00055,55,TRX03305,0.0,185651328.75
3306,56,56,56,VN00056,56,TRX03306,0.0,207813452.14
3307,57,57,57,VN00057,57,TRX03307,0.0,7541271.19
3308,58,58,58,VN00058,58,TRX03308,850195751.74,0.0
3309,59,59,59,VN00059,59,TRX03309,289979204.05,0.0
3310,60,60,60,VN00060,60,TRX03310,0.0,382243424.59
3311,61,61,61,VN00061,61,TRX03311,536231835.92,0.0
3312,62,62,62,VN00062,62,TRX03312,0.0,865975788.21
3313,63,63,63,VN00063,63,TRX03313,0.0,625126260.99
3314,64,64,64,VN00064,64,TRX03314,0.0,377298835.97
3315,65,65,65,VN00065,65,TRX03315,0.0,879088724.36
3316,66,66,66,VN00066,66,TRX03316,497676851.42,0.0
3317,67,67,67,VN00067,67,TRX03317,0.0,10600808.91
3318,68,68,68,VN00068,68,TRX03318,0.0,627183454.15
3319,69,69,69,VN00069,69,TRX03319,0.0,25431405.38
3320,70,70,70,VN00070,70,TRX03320,526986184.8,0.0
3321,71,71,71,VN00071,71,TRX03321,881277788.07,0.0
3322,72,72,72,VN00072,72,TRX03322,0.0,133198855.13
3323,73,73,73,VN00073,73,TRX03323,968112748.05,0.0
3324,74,74,74,VN00074,74,TRX03324,0.0,513973816.82
3325,75,75,75,VN00075,75,TRX03325,991146134.84,0.0
3326,76,76,76,VN00076,76,TRX03326,0.0,890226686.26
3327,77,77,77,VN00077,77,TRX03327,0.0,630721625.34
3328,78,78,78,VN00078,78,TRX03328,69850909.42,0.0
3329,79,79,79,VN00079,79,TRX03329,0.0,336481432.97
3330,80,80,80,VN00080,80,TRX03330,0.0,236504183.86
3331,81,81,81,VN00081,81,TRX03331,917021018.7,0.0
3332,82,82,82,VN00082,82,TRX03332,0.0,96455408.08
3333,83,83,83,VN00083,83,TRX03333,886115760.92,0.0
3334,84,84,84,VN00084,84,TRX03334,239198650.04,0.0
3335,85,85,85,VN00085,85,TRX03335,581991498.38,0.0
3336,86,86,86,VN00086,86,TRX03336,0.0,991453029.96
3337,87,87,87,VN00087,87,TRX03337,0.0,494367622.84
3338,88,88,88,VN00088,88,TRX03338,317146460.69,0.0
3339,89,89,89,VN00089,89,TRX03339,985816480.47,0.0
3340,90,90,90,VN00090,90,TRX03340,0.0,779118258.69
3341,91,91,91,VN00091,91,TRX03341,0.0,146307824.84
3342,92,92,92,VN00092,92,TRX03342,0.0,598342918.4
3343,93,93,93,VN00093,93,TRX03343,0.0,258098694.28
3344,94,94,94,VN00094,94,TRX03344,344483879.83,0.0
3345,95,95,95,VN00095,95,TRX03345,221064342.63,0.0
3346,96,96,96,VN00096,96,TRX03346,0.0,61498735.37
3347,97,97,97,VN00097,97,TRX03347,0.0,619239200.11
3348,98,98,98,VN00098,98,TRX03348,522823020.12,0.0
3349,99,99,99,VN00099,99,TRX03349,0.0,634876907.53
3350,100,100,100,VN00100,100,TRX03350,0.0,663979348.88
3351,101,101,101,VN00101,101,TRX03351,846541924.47,0.0
3352,102,102,102,VN00102,102,TRX03352,0.0,759433563.79
3353,103,103,103,VN00103,103,TRX03353,0.0,450634282.97
3354,104,104,104,VN00104,104,TRX03354,498486997.68,0.0
3355,105,105,105,VN00105,105,TRX03355,597109384.16,0.0
3356,106,106,106,VN00106,106,TRX03356,0.0,385349129.02
3357,107,107,107,VN00107,107,TRX03357,0.0,17074902.28
3358,108,108,108,VN00108,108,TRX03358,581333672.03,0.0
3359,109,109,109,VN00109,109,TRX03359,840413819.52,0.0
3360,110,110,110,VN00110,110,TRX03360,863483571.87,0.0
3361,111,111,111,VN00111,111,TRX03361,0.0,489644734.03
3362,112,112,112,VN00112,112,TRX03362,0.0,576636186.02
3363,113,113,113,VN00113,113,TRX03363,722611084.07,0.0
3364,114,114,114,VN00114,114,TRX03364,142622231.72,0.0
3365,115,115,115,VN00115,115,TRX03365,883448430.36,0.0
3366,116,116,116,VN00116,116,TRX03366,856474204.59,0.0
3367,117,117,117,VN00117,117,TRX03367,139492366.87,0.0
3368,118,118,118,VN00118,118,TRX03368,0.0,403722322.68
3369,119,119,119,VN00119,119,TRX03369,646642693.18,0.0
3370,120,120,120,VN00120,120,TRX03370,786783327.07,0.0
3371,121,121,121,VN00121,121,TRX03371,0.0,615701174.93
3372,122,122,122,VN00122,122,TRX03372,161832034.76,0.0
3373,123,123,123,VN00123,123,TRX03373,0.0,869832543.88
3374,124,124,124,VN00124,124,TRX03374,0.0,730894958.51
3375,125,125,125,VN00125,125,TRX03375,337248835.0,0.0
3376,126,126,126,VN00126,126,TRX03376,260459129.08,0.0
3377,127,127,127,VN00127,127,TRX03377,0.0,54653284.73
3378,128,128,128,VN00128,128,TRX03378,0.0,840040030.9
3379,129,129,129,VN00129,129,TRX03379,571432154.66,0.0
3380,130,130,130,VN00130,130,TRX03380,0.0,304742127.24
3381,131,131,131,VN00131,131,TRX03381,556750969.17,0.0
3382,132,132,132,VN00132,132,TRX03382,48513029.7,0.0
3383,133,133,133,VN00133,133,TRX03383,219511230.26,0.0
3384,134,134,134,VN00134,134,TRX03384,817202909.36,0.0
3385,135,135,135,VN00135,135,TRX03385,191259544.24,0.0
3386,136,136,136,VN00136,136,TRX03386,0.0,703710696.68
3387,137,137,137,VN00137,137,TRX03387,0.0,762279195.63
3388,138,138,138,VN00138,138,TRX03388,422375801.63,0.0
3389,139,139,139,VN00139,139,TRX03389,662060980.9,0.0
3390,140,140,140,VN00140,140,TRX03390,0.0,965278054.6
3391,141,141,141,VN00141,141,TRX03391,765590338.73,0.0
3392,142,142,142,VN00142,142,TRX03392,816385023.72,0.0
3393,143,143,143,VN00143,143,TRX03393,0.0,292397149.93
3394,144,144,144,VN00144,144,TRX03394,0.0,784950801.21
3395,145,145,145,VN00145,145,TRX03395,0.0,679758414.06
3396,146,146,146,VN00146,146,TRX03396,0.0,297137043.02
3397,147,147,147,VN00147,147,TRX03397,573719368.18,0.0
3398,148,148,148,VN00148,148,TRX03398,968968015.32,0.0
3399,149,149,149,VN00149,149,TRX03399,0.0,35596867.05
3400,150,150,150,VN00150,150,TRX03400,0.0,940423928.26
3401,151,151,151,VN00151,151,TRX03401,611330678.76,0.0
3402,152,152,152,VN00152,152,TRX03402,993107072.1,0.0
3403,153,153,153,VN00153,153,TRX03403,864713867.7,0.0
3404,154,154,154,VN00154,154,TRX03404,409556473.72,0.0
3405,155,155,155,VN00155,155,TRX03405,0.0,137654136.56
3406,156,156,156,VN00156,156,TRX03406,408692303.01,0.0
3407,157,157,157,VN00157,157,TRX03407,0.0,205633448.49
3408,158,158,158,VN00158,158,TRX03408,0.0,417308299.02
3409,159,159,159,VN00159,159,TRX03409,0.0,240860738.16
3410,160,160,160,VN00160,160,TRX03410,0.0,108074287.23
3411,161,161,161,VN00161,161,TRX03411,366150138.69,0.0
3412,162,162,162,VN00162,162,TRX03412,0.0,479736940.09
3413,163,163,163,VN00163,163,TRX03413,0.0,338071201.61
3414,164,164,164,VN00164,164,TRX03414,478188688.03,0.0
3415,165,165,165,VN00165,165,TRX03415,443903190.61,0.0
3416,166,166,166,VN00166,166,TRX03416,0.0,167656078.85
3417,167,167,167,VN00167,167,TRX03417,0.0,655818636.95
3418,168,168,168,VN00168,168,TRX03418,423867879.67,0.0
3419,169,169,169,VN00169,169,TRX03419,493147920.95,0.0
3420,170,170,170,VN00170,170,TRX03420,0.0,80628422.75
3421,171,171,171,VN00171,171,TRX03421,0.0,747246997.38
3422,172,172,172,VN00172,172,TRX03422,494576547.95,0.0
3423,173,173,173,VN00173,173,TRX03423,0.0,832234695.56
3424,174,174,174,VN00174,174,TRX03424,100363973.14,0.0
3425,175,175,175,VN00175,175,TRX03425,0.0,404972221.49
3426,176,176,176,VN00176,176,TRX03426,478566979.04,0.0
3427,177,177,177,VN00177,177,TRX03427,0.0,694784295.02
3428,178,178,178,VN00178,178,TRX03428,988330979.83,0.0
3429,179,179,179,VN00179,179,TRX03429,0.0,282524595.41
3430,180,180,180,VN00180,180,TRX03430,733161057.41,0.0
3431,181,181,181,VN00181,181,TRX03431,0.0,915504547.62
3432,182,182,182,VN00182,182,TRX03432,395312276.41,0.0
3433,183,183,183,VN00183,183,TRX03433,288968273.62,0.0
3434,184,184,184,VN00184,184,TRX03434,0.0,602091573.1
3435,185,185,185,VN00185,185,TRX03435,0.0,959868996.79
3436,186,186,186,VN00186,186,TRX03436,455393216.05,0.0
3437,187,187,187,VN00187,187,TRX03437,587576022.25,0.0
3438,188,188,188,VN00188,188,TRX03438,0.0,600125983.69
3439,189,189,189,VN00189,189,TRX03439,0.0,493756717.4
3440,190,190,190,VN00190,190,TRX03440,0.0,596649757.33
3441,191,191,191,VN00191,191,TRX03441,0.0,938381380.84
3442,192,192,192,VN00192,192,TRX03442,583528121.61,0.0
3443,193,193,193,VN00193,193,TRX03443,943485589.94,0.0
3444,194,194,194,VN00194,194,TRX03444,526061182.06,0.0
3445,195,195,195,VN00195,195,TRX03445,607347591.69,0.0
3446,196,196,196,VN00196,196,TRX03446,0.0,564371714.53
3447,197,197,197,VN00197,197,TRX03447,0.0,32642266.5
3448,198,198,198,VN00198,198,TRX03448,162198780.92,0.0
3449,199,199,199,VN00199,199,TRX03449,16385290.46,0.0
3450,200,200,200,VN00200,200,TRX03450,0.0,949187735.18
3451,201,201,201,VN00201,201,TRX03451,0.0,570909077.52
3452,202,202,202,VN00202,202,TRX03452,27458459.84,0.0
3453,203,203,203,VN00203,203,TRX03453,317866475.89,0.0
3454,204,204,204,VN00204,204,TRX03454,0.0,158947767.8
3455,205,205,205,VN00205,205,TRX03455,0.0,788063248.6
3456,206,206,206,VN00206,206,TRX03456,0.0,412399847.11
3457,207,207,207,VN00207,207,TRX03457,892309590.88,0.0
3458,208,208,208,VN00208,208,TRX03458,0.0,223784183.29
3459,209,209,209,VN00209,209,TRX03459,703984988.46,0.0
3460,210,210,210,VN00210,210,TRX03460,882227218.4,0.0
3461,211,211,211,VN00211,211,TRX03461,0.0,405522707.06
3462,212,212,212,VN00212,212,TRX03462,368717563.35,0.0
3463,213,213,213,VN00213,213,TRX03463,584842504.9,0.0
3464,214,214,214,VN00214,214,TRX03464,403545954.69,0.0
3465,215,215,215,VN00215,215,TRX03465,0.0,388331159.42
3466,216,216,216,VN00216,216,TRX03466,941195403.79,0.0
3467,217,217,217,VN00217,217,TRX03467,993161815.33,0.0
3468,218,218,218,VN00218,218,TRX03468,0.0,480261404.66
3469,219,219,219,VN00219,219,TRX03469,64551211.05,0.0
3470,220,220,220,VN00220,220,TRX03470,959941144.31,0.0
3471,221,221,221,VN00221,221,TRX03471,118497562.71,0.0
3472,222,222,222,VN00222,222,TRX03472,0.0,591745879.15
3473,223,223,223,VN00223,223,TRX03473,698624384.17,0.0
3474,224,224,224,VN00224,224,TRX03474,849077672.21,0.0
3475,225,225,225,VN00225,225,TRX03475,617659315.19,0.0
3476,226,226,226,VN00226,226,TRX03476,593673517.21,0.0
3477,227,227,227,VN00227,227,TRX03477,0.0,914386672.58
3478,228,228,228,VN00228,228,TRX03478,0.0,917853281.98
3479,229,229,229,VN00229,229,TRX03479,0.0,34841968.51
3480,230,230,230,VN00230,230,TRX03480,0.0,813781085.56
3481,231,231,231,VN00231,231,TRX03481,0.0,565307246.02
3482,232,232,232,VN00232,232,TRX03482,642215036.93,0.0
3483,233,233,233,VN00233,233,TRX03483,781622873.98,0.0
3484,234,234,234,VN00234,234,TRX03484,637620758.99,0.0
3485,235,235,235,VN00235,235,TRX03485,157213082.47,0.0
3486,236,236,236,VN00236,236,TRX03486,0.0,573407144.13
3487,237,237,237,VN00237,237,TRX03487,0.0,208818957.35
3488,238,238,238,VN00238,238,TRX03488,0.0,637726496.84
3489,239,239,239,VN00239,239,TRX03489,0.0,677916053.43
3490,240,240,240,VN00240,240,TRX03490,0.0,653668597.4
3491,241,241,241,VN00241,241,TRX03491,138656785.4,0.0
3492,242,242,242,VN00242,242,TRX03492,0.0,860668779.5
3493,243,243,243,VN00243,243,TRX03493,95900357.52,0.0
3494,244,244,244,VN00244,244,TRX03494,524306424.66,0.0
3495,245,245,245,VN00245,245,TRX03495,0.0,963342581.46
3496,246,246,246,VN00246,246,TRX03496,0.0,36980767.24
3497,247,247,247,VN00247,247,TRX03497,0.0,98682186.94
3498,248,248,248,VN00248,248,TRX03498,0.0,4078602.99
3499,249,249,249,VN00249,249,TRX03499,480594405.34,0.0
3500,250,250,250,VN00250,250,TRX03500,906689452.07,0.0
3501,1,1,1,VN00001,1,TRX03501,0.0,921333553.95
3502,2,2,2,VN00002,2,TRX03502,0.0,425401358.5
3503,3,3,3,VN00003,3,TRX03503,0.0,49350252.41
3504,4,4,4,VN00004,4,TRX03504,126491964.18,0.0
3505,5,5,5,VN00005,5,TRX03505,843076485.66,0.0
3506,6,6,6,VN00006,6,TRX03506,0.0,900875715.96
3507,7,7,7,VN00007,7,TRX03507,0.0,224250139.54
3508,8,8,8,VN00008,8,TRX03508,0.0,374863036.66
3509,9,9,9,VN00009,9,TRX03509,307976909.14,0.0
3510,10,10,10,VN00010,10,TRX03510,254775109.93,0.0
3511,11,11,11,VN00011,11,TRX03511,0.0,406537409.71
3512,12,12,12,VN00012,12,TRX03512,739537672.6,0.0
3513,13,13,13,VN00013,13,TRX03513,0.0,513849472.39
3514,14,14,14,VN00014,14,TRX03514,0.0,830946418.99
3515,15,15,15,VN00015,15,TRX03515,0.0,670668875.56
3516,16,16,16,VN00016,16,TRX03516,257968507.85,0.0
3517,17,17,17,VN00017,17,TRX03517,605524181.84,0.0
3518,18,18,18,VN00018,18,TRX03518,298922452.59,0.0
3519,19,19,19,VN00019,19,TRX03519,0.0,41619695.35
3520,20,20,20,VN00020,20,TRX03520,118926960.06,0.0
3521,21,21,21,VN00021,21,TRX03521,0.0,656480398.85
3522,22,22,22,VN00022,22,TRX03522,0.0,75805064.43
3523,23,23,23,VN00023,23,TRX03523,445450998.85,0.0
3524,24,24,24,VN00024,24,TRX03524,140048105.92,0.0
3525,25,25,25,VN00025,25,TRX03525,972674173.38,0.0
3526,26,26,26,VN00026,26,TRX03526,0.0,628070462.74
3527,27,27,27,VN00027,27,TRX03527,789869719.85,0.0
3528,28,28,28,VN00028,28,TRX03528,0.0,142372422.78
3529,29,29,29,VN00029,29,TRX03529,92033263.21,0.0
3530,30,30,30,VN00030,30,TRX03530,668634043.27,0.0
3531,31,31,31,VN00031,31,TRX03531,0.0,166675995.12
3532,32,32,32,VN00032,32,TRX03532,298099636.19,0.0
3533,33,33,33,VN00033,33,TRX03533,754400513.19,0.0
3534,34,34,34,VN00034,34,TRX03534,0.0,877327737.38
3535,35,35,35,VN00035,35,TRX03535,0.0,957388982.78
3536,36,36,36,VN00036,36,TRX03536,756769984.64,0.0
3537,37,37,37,VN00037,37,TRX03537,0.0,555506968.66
3538,38,38,38,VN00038,38,TRX03538,0.0,643633859.71
3539,39,39,39,VN00039,39,TRX03539,740971041.11,0.0
3540,40,40,40,VN00040,40,TRX03540,0.0,355365672.58
3541,41,41,41,VN00041,41,TRX03541,0.0,409204439.18
3542,42,42,42,VN00042,42,TRX03542,323142891.0,0.0
3543,43,43,43,VN00043,43,TRX03543,844105041.66,0.0
3544,44,44,44,VN00044,44,TRX03544,618352360.03,0.0
3545,45,45,45,VN00045,45,TRX03545,7674243.42,0.0
3546,46,46,46,VN00046,46,TRX03546,0.0,591945439.79
3547,47,47,47,VN00047,47,TRX03547,0.0,986888182.26
3548,48,48,48,VN00048,48,TRX03548,0.0,829344589.06
3549,49,49,49,VN00049,49,TRX03549,17048548.38,0.0
3550,50,50,50,VN00050,50,TRX03550,738433199.56,0.0
3551,51,51,51,VN00051,51,TRX03551,0.0,107436414.81
3552,52,52,52,VN00052,52,TRX03552,223269428.0,0.0
3553,53,53,53,VN00053,53,TRX03553,0.0,819310096.49
3554,54,54,54,VN00054,54,TRX03554,627187993.16,0.0
3555,55,55,55,VN00055,55,TRX03555,939385118.92,0.0
3556,56,56,56,VN00056,56,TRX03556,97742538.13,0.0
3557,57,57,57,VN00057,57,TRX03557,171440031.42,0.0
3558,58,58,58,VN00058,58,TRX03558,0.0,569133608.04
3559,59,59,59,VN00059,59,TRX03559,766437166.67,0.0
3560,60,60,60,VN00060,60,TRX03560,0.0,598059993.95
3561,61,61,61,VN00061,61,TRX03561,0.0,695254614.39
3562,62,62,62,VN00062,62,TRX03562,0.0,757666102.94
3563,63,63,63,VN00063,63,TRX03563,0.0,569964673.7
3564,64,64,64,VN00064,64,TRX03564,0.0,627963498.93
3565,65,65,65,VN00065,65,TRX03565,0.0,913574162.22
3566,66,66,66,VN00066,66,TRX03566,25132480.25,0.0
3567,67,67,67,VN00067,67,TRX03567,0.0,412210846.46
3568,68,68,68,VN00068,68,TRX03568,360452043.4,0.0
3569,69,69,69,VN00069,69,TRX03569,478899363.25,0.0
3570,70,70,70,VN00070,70,TRX03570,753004442.73,0.0
3571,71,71,71,VN00071,71,TRX03571,35490118.22,0.0
3572,72,72,72,VN00072,72,TRX03572,216574131.87,0.0
3573,73,73,73,VN00073,73,TRX03573,0.0,958483489.75
3574,74,74,74,VN00074,74,TRX03574,0.0,196116704.71
3575,75,75,75,VN00075,75,TRX03575,0.0,79770371.23
3576,76,76,76,VN00076,76,TRX03576,0.0,319223453.31
3577,77,77,77,VN00077,77,TRX03577,0.0,832558562.85
3578,78,78,78,VN00078,78,TRX03578,0.0,271929609.45
3579,79,79,79,VN00079,79,TRX03579,449907739.19,0.0
3580,80,80,80,VN00080,80,TRX03580,445910053.92,0.0
3581,81,81,81,VN00081,81,TRX03581,400166156.62,0.0
3582,82,82,82,VN00082,82,TRX03582,0.0,360133079.89
3583,83,83,83,VN00083,83,TRX03583,985589730.93,0.0
3584,84,84,84,VN00084,84,TRX03584,625865592.28,0.0
3585,85,85,85,VN00085,85,TRX03585,0.0,356621302.73
3586,86,86,86,VN00086,86,TRX03586,0.0,863254268.5
3587,87,87,87,VN00087,87,TRX03587,0.0,403973939.66
3588,88,88,88,VN00088,88,TRX03588,317452683.93,0.0
3589,89,89,89,VN00089,89,TRX03589,0.0,823443351.29
3590,90,90,90,VN00090,90,TRX03590,581675406.93,0.0
3591,91,91,91,VN00091,91,TRX03591,0.0,539211823.66
3592,92,92,92,VN00092,92,TRX03592,0.0,619031520.31
3593,93,93,93,VN00093,93,TRX03593,576820012.51,0.0
3594,94,94,94,VN00094,94,TRX03594,581468714.58,0.0
3595,95,95,95,VN00095,95,TRX03595,919265724.07,0.0
3596,96,96,96,VN00096,96,TRX03596,0.0,780656758.53
3597,97,97,97,VN00097,97,TRX03597,43305349.74,0.0
3598,98,98,98,VN00098,98,TRX03598,945741500.08,0.0
3599,99,99,99,VN00099,99,TRX03599,0.0,97382078.69
3600,100,100,100,VN00100,100,TRX03600,104027660.56,0.0
3601,101,101,101,VN00101,101,TRX03601,0.0,239737518.95
3602,102,102,102,VN00102,102,TRX03602,391495352.39,0.0
3603,103,103,103,VN00103,103,TRX03603,767975745.18,0.0
3604,104,104,104,VN00104,104,TRX03604,0.0,252891548.15
3605,105,105,105,VN00105,105,TRX03605,949718011.48,0.0
3606,106,106,106,VN00106,106,TRX03606,572353958.27,0.0
3607,107,107,107,VN00107,107,TRX03607,0.0,276413105.46
3608,108,108,108,VN00108,108,TRX03608,0.0,515562184.75
3609,109,109,109,VN00109,109,TRX03609,0.0,902259247.78
3610,110,110,110,VN00110,110,TRX03610,0.0,850891973.14
3611,111,111,111,VN00111,111,TRX03611,0.0,159577994.72
3612,112,112,112,VN00112,112,TRX03612,0.0,119257912.39
3613,113,113,113,VN00113,113,TRX03613,0.0,678882857.65
3614,114,114,114,VN00114,114,TRX03614,0.0,149547548.77
3615,115,115,115,VN00115,115,TRX03615,684625492.52,0.0
3616,116,116,116,VN00116,116,TRX03616,48977118.9,0.0
3617,117,117,117,VN00117,117,TRX03617,264395355.06,0.0
3618,118,118,118,VN00118,118,TRX03618,0.0,433140470.28
3619,119,119,119,VN00119,119,TRX03619,0.0,861758805.67
3620,120,120,120,VN00120,120,TRX03620,170572288.36,0.0
3621,121,121,121,VN00121,121,TRX03621,743770817.79,0.0
3622,122,122,122,VN00122,122,TRX03622,417942832.57,0.0
3623,123,123,123,VN00123,123,TRX03623,270935508.19,0.0
3624,124,124,124,VN00124,124,TRX03624,903863169.93,0.0
3625,125,125,125,VN00125,125,TRX03625,302155789.31,0.0
3626,126,126,126,VN00126,126,TRX03626,773454377.8,0.0
3627,127,127,127,VN00127,127,TRX03627,0.0,269937410.79
3628,128,128,128,VN00128,128,TRX03628,0.0,546597806.45
3629,129,129,129,VN00129,129,TRX03629,325917588.03,0.0
3630,130,130,130,VN00130,130,TRX03630,0.0,122898752.58
3631,131,131,131,VN00131,131,TRX03631,0.0,460737406.88
3632,132,132,132,VN00132,132,TRX03632,177634685.42,0.0
3633,133,133,133,VN00133,133,TRX03633,0.0,744255246.1
3634,134,134,134,VN00134,134,TRX03634,0.0,496357386.66
3635,135,135,135,VN00135,135,TRX03635,125565991.07,0.0
3636,136,136,136,VN00136,136,TRX03636,0.0,160788095.75
3637,137,137,137,VN00137,137,TRX03637,0.0,816034931.73
3638,138,138,138,VN00138,138,TRX03638,745038583.52,0.0
3639,139,139,139,VN00139,139,TRX03639,0.0,285803147.74
3640,140,140,140,VN00140,140,TRX03640,0.0,642337402.76
3641,141,141,141,VN00141,141,TRX03641,0.0,897945891.03
3642,142,142,142,VN00142,142,TRX03642,0.0,631576879.63
3643,143,143,143,VN00143,143,TRX03643,342316140.81,0.0
3644,144,144,144,VN00144,144,TRX03644,0.0,189520929.87
3645,145,145,145,VN00145,145,TRX03645,544222709.31,0.0
3646,146,146,146,VN00146,146,TRX03646,0.0,511460955.95
3647,147,147,147,VN00147,147,TRX03647,35393360.41,0.0
3648,148,148,148,VN00148,148,TRX03648,0.0,677103918.69
3649,149,149,149,VN00149,149,TRX03649,0.0,484263311.96
3650,150,150,150,VN00150,150,TRX03650,904275312.8,0.0
3651,151,151,151,VN00151,151,TRX03651,0.0,831360819.66
3652,152,152,152,VN00152,152,TRX03652,0.0,82647789.48
3653,153,153,153,VN00153,153,TRX03653,0.0,562465029.9
3654,154,154,154,VN00154,154,TRX03654,66073730.85,0.0
3655,155,155,155,VN00155,155,TRX03655,0.0,749098979.56
3656,156,156,156,VN00156,156,TRX03656,0.0,226759262.05
3657,157,157,157,VN00157,157,TRX03657,709723715.47,0.0
3658,158,158,158,VN00158,158,TRX03658,0.0,276750078.98
3659,159,159,159,VN00159,159,TRX03659,343608161.87,0.0
3660,160,160,160,VN00160,160,TRX03660,374087462.5,0.0
3661,161,161,161,VN00161,161,TRX03661,0.0,563625136.8
3662,162,162,162,VN00162,162,TRX03662,249418451.04,0.0
3663,163,163,163,VN00163,163,TRX03663,0.0,704130468.26
3664,164,164,164,VN00164,164,TRX03664,347955829.27,0.0
3665,165,165,165,VN00165,165,TRX03665,929297457.02,0.0
3666,166,166,166,VN00166,166,TRX03666,307985288.14,0.0
3667,167,167,167,VN00167,167,TRX03667,0.0,391888228.28
3668,168,168,168,VN00168,168,TRX03668,0.0,566711837.9
3669,169,169,169,VN00169,169,TRX03669,0.0,522595718.99
3670,170,170,170,VN00170,170,TRX03670,0.0,634803878.95
3671,171,171,171,VN00171,171,TRX03671,0.0,533390584.11
3672,172,172,172,VN00172,172,TRX03672,0.0,522858518.12
3673,173,173,173,VN00173,173,TRX03673,0.0,253041394.78
3674,174,174,174,VN00174,174,TRX03674,0.0,548294452.05
3675,175,175,175,VN00175,175,TRX03675,336315653.76,0.0
3676,176,176,176,VN00176,176,TRX03676,658572331.22,0.0
3677,177,177,177,VN00177,177,TRX03677,331655077.34,0.0
3678,178,178,178,VN00178,178,TRX03678,328244295.12,0.0
3679,179,179,179,VN00179,179,TRX03679,0.0,539248785.5
3680,180,180,180,VN00180,180,TRX03680,290778396.24,0.0
3681,181,181,181,VN00181,181,TRX03681,0.0,661895427.38
3682,182,182,182,VN00182,182,TRX03682,520399986.49,0.0
3683,183,183,183,VN00183,183,TRX03683,258927430.84,0.0
3684,184,184,184,VN00184,184,TRX03684,149802520.35,0.0
3685,185,185,185,VN00185,185,TRX03685,354267553.07,0.0
3686,186,186,186,VN00186,186,TRX03686,318819258.39,0.0
3687,187,187,187,VN00187,187,TRX03687,0.0,661126652.82
3688,188,188,188,VN00188,188,TRX03688,812796938.12,0.0
3689,189,189,189,VN00189,189,TRX03689,0.0,827343992.66
3690,190,190,190,VN00190,190,TRX03690,973820595.56,0.0
3691,191,191,191,VN00191,191,TRX03691,0.0,984054767.54
3692,192,192,192,VN00192,192,TRX03692,248083958.99,0.0
3693,193,193,193,VN00193,193,TRX03693,43886068.17,0.0
3694,194,194,194,VN00194,194,TRX03694,0.0,265412950.51
3695,195,195,195,VN00195,195,TRX03695,477890181.07,0.0
3696,196,196,196,VN00196,196,TRX03696,0.0,611188589.27
3697,197,197,197,VN00197,197,TRX03697,0.0,832342056.66
3698,198,198,198,VN00198,198,TRX03698,622903815.16,0.0
3699,199,199,199,VN00199,199,TRX03699,0.0,285361116.65
3700,200,200,200,VN00200,200,TRX03700,0.0,997939635.03
3701,201,201,201,VN00201,201,TRX03701,111969499.0,0.0
3702,202,202,202,VN00202,202,TRX03702,0.0,568465449.71
3703,203,203,203,VN00203,203,TRX03703,0.0,491055356.26
3704,204,204,204,VN00204,204,TRX03704,0.0,615037848.53
3705,205,205,205,VN00205,205,TRX03705,736364009.36,0.0
3706,206,206,206,VN00206,206,TRX03706,0.0,179297269.76
3707,207,207,207,VN00207,207,TRX03707,0.0,168213460.57
3708,208,208,208,VN00208,208,TRX03708,877852793.83,0.0
3709,209,209,209,VN00209,209,TRX03709,861730341.49,0.0
3710,210,210,210,VN00210,210,TRX03710,0.0,983886505.82
3711,211,211,211,VN00211,211,TRX03711,249475657.75,0.0
3712,212,212,212,VN00212,212,TRX03712,875545128.03,0.0
3713,213,213,213,VN00213,213,TRX03713,0.0,301868535.49
3714,214,214,214,VN00214,214,TRX03714,135214479.77,0.0
3715,215,215,215,VN00215,215,TRX03715,809645735.59,0.0
3716,216,216,216,VN00216,216,TRX03716,0.0,745380535.85
3717,217,217,217,VN00217,217,TRX03717,0.0,655842530.76
3718,218,218,218,VN00218,218,TRX03718,0.0,491062123.02
3719,219,219,219,VN00219,219,TRX03719,0.0,650598418.75
3720,220,220,220,VN00220,220,TRX03720,121599862.26,0.0
3721,221,221,221,VN00221,221,TRX03721,0.0,231135297.86
3722,222,222,222,VN00222,222,TRX03722,236694944.43,0.0
3723,223,223,223,VN00223,223,TRX03723,865160081.89,0.0
3724,224,224,224,VN00224,224,TRX03724,864562224.19,0.0
3725,225,225,225,VN00225,225,TRX03725,0.0,398573050.52
3726,226,226,226,VN00226,226,TRX03726,0.0,638046812.57
3727,227,227,227,VN00227,227,TRX03727,0.0,978661220.08
3728,228,228,228,VN00228,228,TRX03728,0.0,589882806.92
3729,229,229,229,VN00229,229,TRX03729,119418030.67,0.0
3730,230,230,230,VN00230,230,TRX03730,474666957.07,0.0
3731,231,231,231,VN00231,231,TRX03731,607124790.92,0.0
3732,232,232,232,VN00232,232,TRX03732,168622499.06,0.0
3733,233,233,233,VN00233,233,TRX03733,153396618.96,0.0
3734,234,234,234,VN00234,234,TRX03734,699659570.34,0.0
3735,235,235,235,VN00235,235,TRX03735,916643561.52,0.0
3736,236,236,236,VN00236,236,TRX03736,1247881.51,0.0
3737,237,237,237,VN00237,237,TRX03737,0.0,610056075.72
3738,238,238,238,VN00238,238,TRX03738,10998350.48,0.0
3739,239,239,239,VN00239,239,TRX03739,940939402.11,0.0
3740,240,240,240,VN00240,240,TRX03740,347280785.88,0.0
3741,241,241,241,VN00241,241,TRX03741,0.0,509219776.32
3742,242,242,242,VN00242,242,TRX03742,522549465.83,0.0
3743,243,243,243,VN00243,243,TRX03743,0.0,327710266.82
3744,244,244,244,VN00244,244,TRX03744,0.0,322861836.15
3745,245,245,245,VN00245,245,TRX03745,0.0,545112713.5
3746,246,246,246,VN00246,246,TRX03746,882971963.32,0.0
3747,247,247,247,VN00247,247,TRX03747,0.0,983786102.99
3748,248,248,248,VN00248,248,TRX03748,344642651.37,0.0
3749,249,249,249,VN00249,249,TRX03749,762362563.76,0.0
3750,250,250,250,VN00250,250,TRX03750,0.0,488015275.55
3751,1,1,1,VN00001,1,TRX03751,913734.38,0.0
3752,2,2,2,VN00002,2,TRX03752,0.0,200420021.71
3753,3,3,3,VN00003,3,TRX03753,84168262.76,0.0
3754,4,4,4,VN00004,4,TRX03754,403722914.97,0.0
3755,5,5,5,VN00005,5,TRX03755,818956370.22,0.0
3756,6,6,6,VN00006,6,TRX03756,384592820.81,0.0
3757,7,7,7,VN00007,7,TRX03757,0.0,377314380.63
3758,8,8,8,VN00008,8,TRX03758,0.0,740263293.56
3759,9,9,9,VN00009,9,TRX03759,0.0,417357149.26
3760,10,10,10,VN00010,10,TRX03760,819483179.87,0.0
3761,11,11,11,VN00011,11,TRX03761,0.0,966518566.35
3762,12,12,12,VN00012,12,TRX03762,8477095.67,0.0
3763,13,13,13,VN00013,13,TRX03763,0.0,975807595.63
3764,14,14,14,VN00014,14,TRX03764,432332426.59,0.0
3765,15,15,15,VN00015,15,TRX03765,83024149.8,0.0
3766,16,16,16,VN00016,16,TRX03766,0.0,814722433.77
3767,17,17,17,VN00017,17,TRX03767,693621462.24,0.0
3768,18,18,18,VN00018,18,TRX03768,0.0,302310828.47
3769,19,19,19,VN00019,19,TRX03769,324653496.51,0.0
3770,20,20,20,VN00020,20,TRX03770,0.0,699320749.42
3771,21,21,21,VN00021,21,TRX03771,116263761.52,0.0
3772,22,22,22,VN00022,22,TRX03772,0.0,797235028.89
3773,23,23,23,VN00023,23,TRX03773,650700869.12,0.0
3774,24,24,24,VN00024,24,TRX03774,0.0,966189932.22
3775,25,25,25,VN00025,25,TRX03775,569280881.29,0.0
3776,26,26,26,VN00026,26,TRX03776,575773214.07,0.0
3777,27,27,27,VN00027,27,TRX03777,47021067.81,0.0
3778,28,28,28,VN00028,28,TRX03778,0.0,340319968.0
3779,29,29,29,VN00029,29,TRX03779,50969250.36,0.0
3780,30,30,30,VN00030,30,TRX03780,561166957.1,0.0
3781,31,31,31,VN00031,31,TRX03781,0.0,448635407.73
3782,32,32,32,VN00032,32,TRX03782,0.0,999514619.81
3783,33,33,33,VN00033,33,TRX03783,0.0,928160329.87
3784,34,34,34,VN00034,34,TRX03784,67962037.28,0.0
3785,35,35,35,VN00035,35,TRX03785,0.0,761212897.73
3786,36,36,36,VN00036,36,TRX03786,0.0,375561234.39
3787,37,37,37,VN00037,37,TRX03787,410620112.59,0.0
3788,38,38,38,VN00038,38,TRX03788,0.0,171432494.13
3789,39,39,39,VN00039,39,TRX03789,0.0,765101574.8
3790,40,40,40,VN00040,40,TRX03790,734920023.74,0.0
3791,41,41,41,VN00041,41,TRX03791,663710456.51,0.0
3792,42,42,42,VN00042,42,TRX03792,0.0,46000571.3
3793,43,43,43,VN00043,43,TRX03793,454413828.59,0.0
3794,44,44,44,VN00044,44,TRX03794,12312752.41,0.0
3795,45,45,45,VN00045,45,TRX03795,337923978.44,0.0
3796,46,46,46,VN00046,46,TRX03796,487502611.59,0.0
3797,47,47,47,VN00047,47,TRX03797,0.0,591848063.14
3798,48,48,48,VN00048,48,TRX03798,563425719.72,0.0
3799,49,49,49,VN00049,49,TRX03799,0.0,188540987.24
3800,50,50,50,VN00050,50,TRX03800,648080697.5,0.0
3801,51,51,51,VN00051,51,TRX03801,0.0,528136204.84
3802,52,52,52,VN00052,52,TRX03802,0.0,415201159.06
3803,53,53,53,VN00053,53,TRX03803,0.0,514867664.32
3804,54,54,54,VN00054,54,TRX03804,759336121.36,0.0
3805,55,55,55,VN00055,55,TRX03805,874090337.2,0.0
3806,56,56,56,VN00056,56,TRX03806,0.0,190342220.0
3807,57,57,57,VN00057,57,TRX03807,417312659.05,0.0
3808,58,58,58,VN00058,58,TRX03808,347521943.07,0.0
3809,59,59,59,VN00059,59,TRX03809,22583183.26,0.0
3810,60,60,60,VN00060,60,TRX03810,0.0,65509329.29
3811,61,61,61,VN00061,61,TRX03811,0.0,296007576.1
3812,62,62,62,VN00062,62,TRX03812,0.0,512309556.77
3813,63,63,63,VN00063,63,TRX03813,724616724.41,0.0
3814,64,64,64,VN00064,64,TRX03814,354153282.87,0.0
3815,65,65,65,VN00065,65,TRX03815,244877416.32,0.0
3816,66,66,66,VN00066,66,TRX03816,0.0,542558682.3
3817,67,67,67,VN00067,67,TRX03817,0.0,970390138.87
3818,68,68,68,VN00068,68,TRX03818,639162548.4,0.0
3819,69,69,69,VN00069,69,TRX03819,610039541.12,0.0
3820,70,70,70,VN00070,70,TRX03820,902170012.31,0.0
3821,71,71,71,VN00071,71,TRX03821,906214697.6,0.0
3822,72,72,72,VN00072,72,TRX03822,966119491.95,0.0
3823,73,73,73,VN00073,73,TRX03823,68176922.31,0.0
3824,74,74,74,VN00074,74,TRX03824,0.0,218041716.16
3825,75,75,75,VN00075,75,TRX03825,0.0,59189769.74
3826,76,76,76,VN00076,76,TRX03826,0.0,251319490.57
3827,77,77,77,VN00077,77,TRX03827,560138417.87,0.0
3828,78,78,78,VN00078,78,TRX03828,0.0,618985099.71
3829,79,79,79,VN00079,79,TRX03829,0.0,621237230.35
3830,80,80,80,VN00080,80,TRX03830,118717367.8,0.0
3831,81,81,81,VN00081,81,TRX03831,0.0,635161556.39
3832,82,82,82,VN00082,82,TRX03832,440612035.32,0.0
3833,83,83,83,VN00083,83,TRX03833,331687440.64,0.0
3834,84,84,84,VN00084,84,TRX03834,604659581.43,0.0
3835,85,85,85,VN00085,85,TRX03835,848272850.76,0.0
3836,86,86,86,VN00086,86,TRX03836,0.0,439082275.34
3837,87,87,87,VN00087,87,TRX03837,0.0,818631925.74
3838,88,88,88,VN00088,88,TRX03838,0.0,690123945.23
3839,89,89,89,VN00089,89,TRX03839,0.0,425378550.95
3840,90,90,90,VN00090,90,TRX03840,0.0,781429538.34
3841,91,91,91,VN00091,91,TRX03841,0.0,949697133.37
3842,92,92,92,VN00092,92,TRX03842,0.0,951769048.88
3843,93,93,93,VN00093,93,TRX03843,48998180.91,0.0
3844,94,94,94,VN00094,94,TRX03844,870043303.32,0.0
3845,95,95,95,VN00095,95,TRX03845,0.0,116356514.69
3846,96,96,96,VN00096,96,TRX03846,0.0,934040018.36
3847,97,97,97,VN00097,97,TRX03847,0.0,244764882.56
3848,98,98,98,VN00098,98,TRX03848,0.0,867261071.39
3849,99,99,99,VN00099,99,TRX03849,0.0,798394489.81
3850,100,100,100,VN00100,100,TRX03850,0.0,349487116.43
3851,101,101,101,VN00101,101,TRX03851,0.0,341211964.11
3852,102,102,102,VN00102,102,TRX03852,769091694.07,0.0
3853,103,103,103,VN00103,103,TRX03853,432846866.37,0.0
3854,104,104,104,VN00104,104,TRX03854,0.0,505308931.51
3855,105,105,105,VN00105,105,TRX03855,529204315.17,0.0
3856,106,106,106,VN00106,106,TRX03856,559210657.45,0.0
3857,107,107,107,VN00107,107,TRX03857,109714990.91,0.0
3858,108,108,108,VN00108,108,TRX03858,893452270.79,0.0
3859,109,109,109,VN00109,109,TRX03859,392022609.72,0.0
3860,110,110,110,VN00110,110,TRX03860,480311942.93,0.0
3861,111,111,111,VN00111,111,TRX03861,0.0,428183787.24
3862,112,112,112,VN00112,112,TRX03862,0.0,424376717.8
3863,113,113,113,VN00113,113,TRX03863,115175134.49,0.0
3864,114,114,114,VN00114,114,TRX03864,773385833.86,0.0
3865,115,115,115,VN00115,115,TRX03865,0.0,332132013.94
3866,116,116,116,VN00116,116,TRX03866,165685029.17,0.0
3867,117,117,117,VN00117,117,TRX03867,820461281.61,0.0
3868,118,118,118,VN00118,118,TRX03868,0.0,420147512.1
3869,119,119,119,VN00119,119,TRX03869,0.0,893854511.81
3870,120,120,120,VN00120,120,TRX03870,0.0,839802957.45
3871,121,121,121,VN00121,121,TRX03871,0.0,661175274.19
3872,122,122,122,VN00122,122,TRX03872,0.0,929104855.68
3873,123,123,123,VN00123,123,TRX03873,940831052.4,0.0
3874,124,124,124,VN00124,124,TRX03874,219637920.43,0.0
3875,125,125,125,VN00125,125,TRX03875,720807073.3,0.0
3876,126,126,126,VN00126,126,TRX03876,0.0,307802562.49
3877,127,127,127,VN00127,127,TRX03877,552068273.92,0.0
3878,128,128,128,VN00128,128,TRX03878,951154051.66,0.0
3879,129,129,129,VN00129,129,TRX03879,0.0,319019140.65
3880,130,130,130,VN00130,130,TRX03880,849381723.08,0.0
3881,131,131,131,VN00131,131,TRX03881,51926784.72,0.0
3882,132,132,132,VN00132,132,TRX03882,988236374.68,0.0
3883,133,133,133,VN00133,133,TRX03883,0.0,876410298.94
3884,134,134,134,VN00134,134,TRX03884,108745124.14,0.0
3885,135,135,135,VN00135,135,TRX03885,550495550.18,0.0
3886,136,136,136,VN00136,136,TRX03886,0.0,292868192.38
3887,137,137,137,VN00137,137,TRX03887,106605980.3,0.0
3888,138,138,138,VN00138,138,TRX03888,0.0,113856409.12
3889,139,139,139,VN00139,139,TRX03889,0.0,287214462.4
3890,140,140,140,VN00140,140,TRX03890,0.0,528500899.32
3891,141,141,141,VN00141,141,TRX03891,491633316.51,0.0
3892,142,142,142,VN00142,142,TRX03892,261206090.07,0.0
3893,143,143,143,VN00143,143,TRX03893,0.0,758176217.47
3894,144,144,144,VN00144,144,TRX03894,324372485.57,0.0
3895,145,145,145,VN00145,145,TRX03895,714717031.47,0.0
3896,146,146,146,VN00146,146,TRX03896,773248455.6,0.0
3897,147,147,147,VN00147,147,TRX03897,48836409.14,0.0
3898,148,148,148,VN00148,148,TRX03898,384955144.42,0.0
3899,149,149,149,VN00149,149,TRX03899,0.0,671121550.76
3900,150,150,150,VN00150,150,TRX03900,256548703.26,0.0
3901,151,151,151,VN00151,151,TRX03901,411048808.4,0.0
3902,152,152,152,VN00152,152,TRX03902,55657501.38,0.0
3903,153,153,153,VN00153,153,TRX03903,0.0,966008944.92
3904,154,154,154,VN00154,154,TRX03904,191637006.97,0.0
3905,155,155,155,VN00155,155,TRX03905,0.0,590385606.35
3906,156,156,156,VN00156,156,TRX03906,446023288.5,0.0
3907,157,157,157,VN00157,157,TRX03907,0.0,152803838.47
3908,158,158,158,VN00158,158,TRX03908,974977721.81,0.0
3909,159,159,159,VN00159,159,TRX03909,0.0,643995680.8
3910,160,160,160,VN00160,160,TRX03910,0.0,843129296.13
3911,161,161,161,VN00161,161,TRX03911,591541414.04,0.0
3912,162,162,162,VN00162,162,TRX03912,0.0,178635256.64
3913,163,163,163,VN00163,163,TRX03913,184735192.28,0.0
3914,164,164,164,VN00164,164,TRX03914,0.0,312297007.18
3915,165,165,165,VN00165,165,TRX03915,700753596.16,0.0
3916,166,166,166,VN00166,166,TRX03916,0.0,919293921.06
3917,167,167,167,VN00167,167,TRX03917,724809642.74,0.0
3918,168,168,168,VN00168,168,TRX03918,0.0,816592408.98
3919,169,169,169,VN00169,169,TRX03919,0.0,882219713.65
3920,170,170,170,VN00170,170,TRX03920,51611888.38,0.0
3921,171,171,171,VN00171,171,TRX03921,547273219.32,0.0
3922,172,172,172,VN00172,172,TRX03922,0.0,38119066.82
3923,173,173,173,VN00173,173,TRX03923,606986051.89,0.0
3924,174,174,174,VN00174,174,TRX03924,172854763.95,0.0
3925,175,175,175,VN00175,175,TRX03925,0.0,290108454.93
3926,176,176,176,VN00176,176,TRX03926,0.0,791927156.95
3927,177,177,177,VN00177,177,TRX03927,0.0,311561517.18
3928,178,178,178,VN00178,178,TRX03928,191575406.85,0.0
3929,179,179,179,VN00179,179,TRX03929,0.0,757281995.8
3930,180,180,180,VN00180,180,TRX03930,972554595.55,0.0
3931,181,181,181,VN00181,181,TRX03931,488849480.72,0.0
3932,182,182,182,VN00182,182,TRX03932,279166398.97,0.0
3933,183,183,183,VN00183,183,TRX03933,0.0,380590061.11
3934,184,184,184,VN00184,184,TRX03934,0.0,990403167.69
3935,185,185,185,VN00185,185,TRX03935,573176542.94,0.0
3936,186,186,186,VN00186,186,TRX03936,513160570.24,0.0
3937,187,187,187,VN00187,187,TRX03937,549900300.97,0.0
3938,188,188,188,VN00188,188,TRX03938,683341874.01,0.0
3939,189,189,189,VN00189,189,TRX03939,17909573.66,0.0
3940,190,190,190,VN00190,190,TRX03940,125896559.93,0.0
3941,191,191,191,VN00191,191,TRX03941,0.0,448400673.99
3942,192,192,192,VN00192,192,TRX03942,0.0,892173799.86
3943,193,193,193,VN00193,193,TRX03943,185509754.54,0.0
3944,194,194,194,VN00194,194,TRX03944,0.0,698150825.56
3945,195,195,195,VN00195,195,TRX03945,0.0,637655170.86
3946,196,196,196,VN00196,196,TRX03946,161129808.04,0.0
3947,197,197,197,VN00197,197,TRX03947,0.0,835727493.85
3948,198,198,198,VN00198,198,TRX03948,0.0,928052006.15
3949,199,199,199,VN00199,199,TRX03949,0.0,549828065.42
3950,200,200,200,VN00200,200,TRX03950,445996808.3,0.0
3951,201,201,201,VN00201,201,TRX03951,535500594.45,0.0
3952,202,202,202,VN00202,202,TRX03952,535599508.44,0.0
3953,203,203,203,VN00203,203,TRX03953,235599608.45,0.0
3954,204,204,204,VN00204,204,TRX03954,168763364.91,0.0
3955,205,205,205,VN00205,205,TRX03955,158000525.29,0.0
3956,206,206,206,VN00206,206,TRX03956,964253528.01,0.0
3957,207,207,207,VN00207,207,TRX03957,939516083.42,0.0
3958,208,208,208,VN00208,208,TRX03958,747757478.76,0.0
3959,209,209,209,VN00209,209,TRX03959,647266670.5,0.0
3960,210,210,210,VN00210,210,TRX03960,224971434.18,0.0
3961,211,211,211,VN00211,211,TRX03961,116790133.02,0.0
3962,212,212,212,VN00212,212,TRX03962,934561686.51,0.0
3963,213,213,213,VN00213,213,TRX03963,280638235.23,0.0
3964,214,214,214,VN00214,214,TRX03964,0.0,951696472.82
3965,215,215,215,VN00215,215,TRX03965,924760710.34,0.0
3966,216,216,216,VN00216,216,TRX03966,156253128.11,0.0
3967,217,217,217,VN00217,217,TRX03967,0.0,852926319.18
3968,218,218,218,VN00218,218,TRX03968,178111522.68,0.0
3969,219,219,219,VN00219,219,TRX03969,0.0,668209316.16
3970,220,220,220,VN00220,220,TRX03970,0.0,874884186.99
3971,221,221,221,VN00221,221,TRX03971,454204158.37,0.0
3972,222,222,222,VN00222,222,TRX03972,530702874.34,0.0
3973,223,223,223,VN00223,223,TRX03973,167810165.99,0.0
3974,224,224,224,VN00224,224,TRX03974,0.0,162112910.73
3975,225,225,225,VN00225,225,TRX03975,0.0,969325417.67
3976,226,226,226,VN00226,226,TRX03976,600544758.01,0.0
3977,227,227,227,VN00227,227,TRX03977,0.0,155058272.08
3978,228,228,228,VN00228,228,TRX03978,0.0,584551434.34
3979,229,229,229,VN00229,229,TRX03979,796693255.92,0.0
3980,230,230,230,VN00230,230,TRX03980,353045260.58,0.0
3981,231,231,231,VN00231,231,TRX03981,521892693.69,0.0
3982,232,232,232,VN00232,232,TRX03982,0.0,364267873.43
3983,233,233,233,VN00233,233,TRX03983,0.0,177618303.59
3984,234,234,234,VN00234,234,TRX03984,0.0,560997702.5
3985,235,235,235,VN00235,235,TRX03985,0.0,874648516.25
3986,236,236,236,VN00236,236,TRX03986,527625046.29,0.0
3987,237,237,237,VN00237,237,TRX03987,0.0,108744273.67
3988,238,238,238,VN00238,238,TRX03988,0.0,678011179.81
3989,239,239,239,VN00239,239,TRX03989,92886537.39,0.0
3990,240,240,240,VN00240,240,TRX03990,0.0,457640280.09
3991,241,241,241,VN00241,241,TRX03991,385370512.01,0.0
3992,242,242,242,VN00242,242,TRX03992,0.0,483597443.21
3993,243,243,243,VN00243,243,TRX03993,571808937.78,0.0
3994,244,244,244,VN00244,244,TRX03994,0.0,606757480.91
3995,245,245,245,VN00245,245,TRX03995,0.0,131543841.51
3996,246,246,246,VN00246,246,TRX03996,0.0,762953422.74
3997,247,247,247,VN00247,247,TRX03997,544699018.9,0.0
3998,248,248,248,VN00248,248,TRX03998,737517497.5,0.0
3999,249,249,249,VN00249,249,TRX03999,0.0,208847345.75
4000,250,250,250,VN00250,250,TRX04000,622878581.06,0.0
4001,1,1,1,VN00001,1,TRX04001,0.0,494356237.55
4002,2,2,2,VN00002,2,TRX04002,0.0,692115469.66
4003,3,3,3,VN00003,3,TRX04003,0.0,182158118.06
4004,4,4,4,VN00004,4,TRX04004,163754484.61,0.0
4005,5,5,5,VN00005,5,TRX04005,0.0,308950212.29
4006,6,6,6,VN00006,6,TRX04006,0.0,76097970.23
4007,7,7,7,VN00007,7,TRX04007,270913168.23,0.0
4008,8,8,8,VN00008,8,TRX04008,0.0,837179070.52
4009,9,9,9,VN00009,9,TRX04009,152234009.17,0.0
4010,10,10,10,VN00010,10,TRX04010,86773803.43,0.0
4011,11,11,11,VN00011,11,TRX04011,0.0,441066982.42
4012,12,12,12,VN00012,12,TRX04012,0.0,621107536.6
4013,13,13,13,VN00013,13,TRX04013,350572285.84,0.0
4014,14,14,14,VN00014,14,TRX04014,0.0,623928493.91
4015,15,15,15,VN00015,15,TRX04015,935618038.39,0.0
4016,16,16,16,VN00016,16,TRX04016,0.0,73229024.41
4017,17,17,17,VN00017,17,TRX04017,0.0,125903345.46
4018,18,18,18,VN00018,18,TRX04018,0.0,910016803.69
4019,19,19,19,VN00019,19,TRX04019,373835116.06,0.0
4020,20,20,20,VN00020,20,TRX04020,0.0,580645990.59
4021,21,21,21,VN00021,21,TRX04021,0.0,177594538.93
4022,22,22,22,VN00022,22,TRX04022,187180465.64,0.0
4023,23,23,23,VN00023,23,TRX04023,0.0,250069609.58
4024,24,24,24,VN00024,24,TRX04024,0.0,578690100.73
4025,25,25,25,VN00025,25,TRX04025,0.0,665865175.95
4026,26,26,26,VN00026,26,TRX04026,0.0,749979104.57
4027,27,27,27,VN00027,27,TRX04027,626353067.05,0.0
4028,28,28,28,VN00028,28,TRX04028,0.0,81249318.62
4029,29,29,29,VN00029,29,TRX04029,0.0,383633424.75
4030,30,30,30,VN00030,30,TRX04030,904499677.29,0.0
4031,31,31,31,VN00031,31,TRX04031,0.0,515349716.19
4032,32,32,32,VN00032,32,TRX04032,0.0,600848831.54
4033,33,33,33,VN00033,33,TRX04033,427745884.57,0.0
4034,34,34,34,VN00034,34,TRX04034,0.0,522768356.62
4035,35,35,35,VN00035,35,TRX04035,0.0,981374779.55
4036,36,36,36,VN00036,36,TRX04036,0.0,694354634.87
4037,37,37,37,VN00037,37,TRX04037,0.0,325145293.46
4038,38,38,38,VN00038,38,TRX04038,119824455.78,0.0
4039,39,39,39,VN00039,39,TRX04039,0.0,179282286.33
4040,40,40,40,VN00040,40,TRX04040,0.0,158511557.26
4041,41,41,41,VN00041,41,TRX04041,726460612.06,0.0
4042,42,42,42,VN00042,42,TRX04042,0.0,968315467.88
4043,43,43,43,VN00043,43,TRX04043,0.0,818327354.92
4044,44,44,44,VN00044,44,TRX04044,971254633.82,0.0
4045,45,45,45,VN00045,45,TRX04045,234069307.17,0.0
4046,46,46,46,VN00046,46,TRX04046,40803061.32,0.0
4047,47,47,47,VN00047,47,TRX04047,963814123.03,0.0
4048,48,48,48,VN00048,48,TRX04048,209247787.27,0.0
4049,49,49,49,VN00049,49,TRX04049,535950971.01,0.0
4050,50,50,50,VN00050,50,TRX04050,0.0,599917618.26
4051,51,51,51,VN00051,51,TRX04051,0.0,470280948.33
4052,52,52,52,VN00052,52,TRX04052,0.0,238474954.11
4053,53,53,53,VN00053,53,TRX04053,0.0,290180268.13
4054,54,54,54,VN00054,54,TRX04054,0.0,786511285.43
4055,55,55,55,VN00055,55,TRX04055,0.0,27576276.81
4056,56,56,56,VN00056,56,TRX04056,560744179.66,0.0
4057,57,57,57,VN00057,57,TRX04057,197749772.85,0.0
4058,58,58,58,VN00058,58,TRX04058,167729593.97,0.0
4059,59,59,59,VN00059,59,TRX04059,867678450.3,0.0
4060,60,60,60,VN00060,60,TRX04060,359766415.52,0.0
4061,61,61,61,VN00061,61,TRX04061,0.0,698837938.47
4062,62,62,62,VN00062,62,TRX04062,805550639.06,0.0
4063,63,63,63,VN00063,63,TRX04063,0.0,151984761.1
4064,64,64,64,VN00064,64,TRX04064,0.0,82754072.55
4065,65,65,65,VN00065,65,TRX04065,41892803.42,0.0
4066,66,66,66,VN00066,66,TRX04066,0.0,306054709.08
4067,67,67,67,VN00067,67,TRX04067,579532858.4,0.0
4068,68,68,68,VN00068,68,TRX04068,0.0,635747188.35
4069,69,69,69,VN00069,69,TRX04069,0.0,199918985.45
4070,70,70,70,VN00070,70,TRX04070,857032438.97,0.0
4071,71,71,71,VN00071,71,TRX04071,0.0,649316676.42
4072,72,72,72,VN00072,72,TRX04072,282120812.09,0.0
4073,73,73,73,VN00073,73,TRX04073,144845293.29,0.0
4074,74,74,74,VN00074,74,TRX04074,138466477.62,0.0
4075,75,75,75,VN00075,75,TRX04075,0.0,658074766.97
4076,76,76,76,VN00076,76,TRX04076,0.0,858804999.5
4077,77,77,77,VN00077,77,TRX04077,675642080.34,0.0
4078,78,78,78,VN00078,78,TRX04078,211504711.91,0.0
4079,79,79,79,VN00079,79,TRX04079,0.0,640943895.65
4080,80,80,80,VN00080,80,TRX04080,0.0,144669023.15
4081,81,81,81,VN00081,81,TRX04081,109071701.42,0.0
4082,82,82,82,VN00082,82,TRX04082,883869070.06,0.0
4083,83,83,83,VN00083,83,TRX04083,0.0,357166464.55
4084,84,84,84,VN00084,84,TRX04084,0.0,410447658.91
4085,85,85,85,VN00085,85,TRX04085,0.0,227837657.5
4086,86,86,86,VN00086,86,TRX04086,32906737.61,0.0
4087,87,87,87,VN00087,87,TRX04087,0.0,403814885.68
4088,88,88,88,VN00088,88,TRX04088,282056018.58,0.0
4089,89,89,89,VN00089,89,TRX04089,0.0,90616701.0
4090,90,90,90,VN00090,90,TRX04090,0.0,76181101.64
4091,91,91,91,VN00091,91,TRX04091,0.0,54670759.51
4092,92,92,92,VN00092,92,TRX04092,0.0,605359201.46
4093,93,93,93,VN00093,93,TRX04093,599559977.37,0.0
4094,94,94,94,VN00094,94,TRX04094,345105840.05,0.0
4095,95,95,95,VN00095,95,TRX04095,0.0,337286484.29
4096,96,96,96,VN00096,96,TRX04096,0.0,827774308.86
4097,97,97,97,VN00097,97,TRX04097,0.0,436325915.84
4098,98,98,98,VN00098,98,TRX04098,697137869.2,0.0
4099,99,99,99,VN00099,99,TRX04099,24836782.16,0.0
4100,100,100,100,VN00100,100,TRX04100,0.0,758261369.62
4101,101,101,101,VN00101,101,TRX04101,662162590.25,0.0
4102,102,102,102,VN00102,102,TRX04102,0.0,581271902.13
4103,103,103,103,VN00103,103,TRX04103,68930391.24,0.0
4104,104,104,104,VN00104,104,TRX04104,0.0,594803656.27
4105,105,105,105,VN00105,105,TRX04105,476015466.95,0.0
4106,106,106,106,VN00106,106,TRX04106,0.0,172866327.4
4107,107,107,107,VN00107,107,TRX04107,170036114.04,0.0
4108,108,108,108,VN00108,108,TRX04108,0.0,229968617.37
4109,109,109,109,VN00109,109,TRX04109,924165581.32,0.0
4110,110,110,110,VN00110,110,TRX04110,264373806.67,0.0
4111,111,111,111,VN00111,111,TRX04111,0.0,194927970.06
4112,112,112,112,VN00112,112,TRX04112,0.0,129645945.4
4113,113,113,113,VN00113,113,TRX04113,18289559.46,0.0
4114,114,114,114,VN00114,114,TRX04114,0.0,76352693.82
4115,115,115,115,VN00115,115,TRX04115,396082295.24,0.0
4116,116,116,116,VN00116,116,TRX04116,844821000.43,0.0
4117,117,117,117,VN00117,117,TRX04117,198981082.08,0.0
4118,118,118,118,VN00118,118,TRX04118,0.0,255274563.89
4119,119,119,119,VN00119,119,TRX04119,205033538.78,0.0
4120,120,120,120,VN00120,120,TRX04120,0.0,784206558.07
4121,121,121,121,VN00121,121,TRX04121,921991512.24,0.0
4122,122,122,122,VN00122,122,TRX04122,0.0,241275143.09
4123,123,123,123,VN00123,123,TRX04123,992980506.06,0.0
4124,124,124,124,VN00124,124,TRX04124,0.0,166326365.85
4125,125,125,125,VN00125,125,TRX04125,603058065.43,0.0
4126,126,126,126,VN00126,126,TRX04126,0.0,64916921.48
4127,127,127,127,VN00127,127,TRX04127,754718773.86,0.0
4128,128,128,128,VN00128,128,TRX04128,691898133.29,0.0
4129,129,129,129,VN00129,129,TRX04129,0.0,903127655.37
4130,130,130,130,VN00130,130,TRX04130,330334500.86,0.0
4131,131,131,131,VN00131,131,TRX04131,290716468.74,0.0
4132,132,132,132,VN00132,132,TRX04132,0.0,504033740.09
4133,133,133,133,VN00133,133,TRX04133,603364636.64,0.0
4134,134,134,134,VN00134,134,TRX04134,922405890.86,0.0
4135,135,135,135,VN00135,135,TRX04135,764948190.28,0.0
4136,136,136,136,VN00136,136,TRX04136,0.0,460436403.34
4137,137,137,137,VN00137,137,TRX04137,991818337.48,0.0
4138,138,138,138,VN00138,138,TRX04138,0.0,15532213.78
4139,139,139,139,VN00139,139,TRX04139,516782221.5,0.0
4140,140,140,140,VN00140,140,TRX04140,824048942.57,0.0
4141,141,141,141,VN00141,141,TRX04141,0.0,195144022.81
4142,142,142,142,VN00142,142,TRX04142,0.0,197786127.42
4143,143,143,143,VN00143,143,TRX04143,0.0,451329895.65
4144,144,144,144,VN00144,144,TRX04144,0.0,579181329.46
4145,145,145,145,VN00145,145,TRX04145,0.0,989145072.46
4146,146,146,146,VN00146,146,TRX04146,0.0,889351144.39
4147,147,147,147,VN00147,147,TRX04147,0.0,141089604.44
4148,148,148,148,VN00148,148,TRX04148,771466828.47,0.0
4149,149,149,149,VN00149,149,TRX04149,158377476.67,0.0
4150,150,150,150,VN00150,150,TRX04150,0.0,571887132.39
4151,151,151,151,VN00151,151,TRX04151,0.0,55142937.51
4152,152,152,152,VN00152,152,TRX04152,272516421.52,0.0
4153,153,153,153,VN00153,153,TRX04153,0.0,739100553.69
4154,154,154,154,VN00154,154,TRX04154,0.0,451327213.83
4155,155,155,155,VN00155,155,TRX04155,0.0,220241148.29
4156,156,156,156,VN00156,156,TRX04156,406503156.68,0.0
4157,157,157,157,VN00157,157,TRX04157,0.0,209746425.25
4158,158,158,158,VN00158,158,TRX04158,0.0,423851863.88
4159,159,159,159,VN00159,159,TRX04159,729185368.84,0.0
4160,160,160,160,VN00160,160,TRX04160,762018101.03,0.0
4161,161,161,161,VN00161,161,TRX04161,0.0,991108628.52
4162,162,162,162,VN00162,162,TRX04162,0.0,585457294.62
4163,163,163,163,VN00163,163,TRX04163,517580180.49,0.0
4164,164,164,164,VN00164,164,TRX04164,0.0,651038981.8
4165,165,165,165,VN00165,165,TRX04165,978037234.73,0.0
4166,166,166,166,VN00166,166,TRX04166,985887254.44,0.0
4167,167,167,167,VN00167,167,TRX04167,0.0,263351285.72
4168,168,168,168,VN00168,168,TRX04168,0.0,343754162.71
4169,169,169,169,VN00169,169,TRX04169,0.0,933390366.6
4170,170,170,170,VN00170,170,TRX04170,596018023.41,0.0
4171,171,171,171,VN00171,171,TRX04171,0.0,352132192.45
4172,172,172,172,VN00172,172,TRX04172,0.0,128294472.09
4173,173,173,173,VN00173,173,TRX04173,0.0,85728266.86
4174,174,174,174,VN00174,174,TRX04174,78178787.79,0.0
4175,175,175,175,VN00175,175,TRX04175,607173597.43,0.0
4176,176,176,176,VN00176,176,TRX04176,0.0,559304561.23
4177,177,177,177,VN00177,177,TRX04177,0.0,876566788.94
4178,178,178,178,VN00178,178,TRX04178,0.0,882902948.1
4179,179,179,179,VN00179,179,TRX04179,638400532.42,0.0
4180,180,180,180,VN00180,180,TRX04180,776157130.35,0.0
4181,181,181,181,VN00181,181,TRX04181,49667726.96,0.0
4182,182,182,182,VN00182,182,TRX04182,73424785.75,0.0
4183,183,183,183,VN00183,183,TRX04183,997813659.63,0.0
4184,184,184,184,VN00184,184,TRX04184,683468602.81,0.0
4185,185,185,185,VN00185,185,TRX04185,0.0,696042127.2
4186,186,186,186,VN00186,186,TRX04186,0.0,926202912.82
4187,187,187,187,VN00187,187,TRX04187,418803821.95,0.0
4188,188,188,188,VN00188,188,TRX04188,0.0,256203476.09
4189,189,189,189,VN00189,189,TRX04189,0.0,474706905.49
4190,190,190,190,VN00190,190,TRX04190,993706183.6,0.0
4191,191,191,191,VN00191,191,TRX04191,0.0,978818806.38
4192,192,192,192,VN00192,192,TRX04192,422522555.77,0.0
4193,193,193,193,VN00193,193,TRX04193,0.0,769670743.13
4194,194,194,194,VN00194,194,TRX04194,0.0,646784509.33
4195,195,195,195,VN00195,195,TRX04195,643926302.89,0.0
4196,196,196,196,VN00196,196,TRX04196,0.0,982396835.99
4197,197,197,197,VN00197,197,TRX04197,0.0,906445555.67
4198,198,198,198,VN00198,198,TRX04198,168041644.26,0.0
4199,199,199,199,VN00199,199,TRX04199,0.0,917730489.37
4200,200,200,200,VN00200,200,TRX04200,213915828.61,0.0
4201,201,201,201,VN00201,201,TRX04201,0.0,886143131.04
4202,202,202,202,VN00202,202,TRX04202,163744050.87,0.0
4203,203,203,203,VN00203,203,TRX04203,898724570.25,0.0
4204,204,204,204,VN00204,204,TRX04204,623450388.91,0.0
4205,205,205,205,VN00205,205,TRX04205,0.0,132425835.77
4206,206,206,206,VN00206,206,TRX04206,0.0,920620652.03
4207,207,207,207,VN00207,207,TRX04207,629057709.22,0.0
4208,208,208,208,VN00208,208,TRX04208,0.0,235679198.29
4209,209,209,209,VN00209,209,TRX04209,0.0,83785760.4
4210,210,210,210,VN00210,210,TRX04210,0.0,440354933.18
4211,211,211,211,VN00211,211,TRX04211,517040952.66,0.0
4212,212,212,212,VN00212,212,TRX04212,0.0,662164724.58
4213,213,213,213,VN00213,213,TRX04213,0.0,861926321.7
4214,214,214,214,VN00214,214,TRX04214,0.0,185502076.3
4215,215,215,215,VN00215,215,TRX04215,0.0,207720185.35
4216,216,216,216,VN00216,216,TRX04216,701893757.9,0.0
4217,217,217,217,VN00217,217,TRX04217,304278617.35,0.0
4218,218,218,218,VN00218,218,TRX04218,0.0,977824318.76
4219,219,219,219,VN00219,219,TRX04219,0.0,735487977.98
4220,220,220,220,VN00220,220,TRX04220,0.0,847004662.44
4221,221,221,221,VN00221,221,TRX04221,346041184.04,0.0
4222,222,222,222,VN00222,222,TRX04222,0.0,629912227.52
4223,223,223,223,VN00223,223,TRX04223,416146050.96,0.0
4224,224,224,224,VN00224,224,TRX04224,0.0,228441462.92
4225,225,225,225,VN00225,225,TRX04225,452783377.54,0.0
4226,226,226,226,VN00226,226,TRX04226,0.0,890054508.81
4227,227,227,227,VN00227,227,TRX04227,530781336.94,0.0
4228,228,228,228,VN00228,228,TRX04228,0.0,486703250.84
4229,229,229,229,VN00229,229,TRX04229,0.0,917626312.85
4230,230,230,230,VN00230,230,TRX04230,0.0,497667512.4
4231,231,231,231,VN00231,231,TRX04231,0.0,329250668.57
4232,232,232,232,VN00232,232,TRX04232,0.0,806712836.36
4233,233,233,233,VN00233,233,TRX04233,955389736.18,0.0
4234,234,234,234,VN00234,234,TRX04234,0.0,802944776.43
4235,235,235,235,VN00235,235,TRX04235,0.0,829413873.98
4236,236,236,236,VN00236,236,TRX04236,598965045.58,0.0
4237,237,237,237,VN00237,237,TRX04237,309906151.07,0.0
4238,238,238,238,VN00238,238,TRX04238,137846589.58,0.0
4239,239,239,239,VN00239,239,TRX04239,517519461.8,0.0
4240,240,240,240,VN00240,240,TRX04240,962640819.51,0.0
4241,241,241,241,VN00241,241,TRX04241,0.0,805871189.02
4242,242,242,242,VN00242,242,TRX04242,0.0,158551944.16
4243,243,243,243,VN00243,243,TRX04243,0.0,333343671.29
4244,244,244,244,VN00244,244,TRX04244,773601055.7,0.0
4245,245,245,245,VN00245,245,TRX04245,687758779.33,0.0
4246,246,246,246,VN00246,246,TRX04246,0.0,263961630.18
4247,247,247,247,VN00247,247,TRX04247,104886812.91,0.0
4248,248,248,248,VN00248,248,TRX04248,0.0,909795054.52
4249,249,249,249,VN00249,249,TRX04249,337159863.67,0.0
4250,250,250,250,VN00250,250,TRX04250,0.0,288545778.82
4251,1,1,1,VN00001,1,TRX04251,759915004.15,0.0
4252,2,2,2,VN00002,2,TRX04252,500018739.32,0.0
4253,3,3,3,VN00003,3,TRX04253,363714857.19,0.0
4254,4,4,4,VN00004,4,TRX04254,0.0,739934295.94
4255,5,5,5,VN00005,5,TRX04255,151677054.46,0.0
4256,6,6,6,VN00006,6,TRX04256,10461529.87,0.0
4257,7,7,7,VN00007,7,TRX04257,774607250.96,0.0
4258,8,8,8,VN00008,8,TRX04258,920465666.69,0.0
4259,9,9,9,VN00009,9,TRX04259,33327180.38,0.0
4260,10,10,10,VN00010,10,TRX04260,795212695.11,0.0
4261,11,11,11,VN00011,11,TRX04261,0.0,452539197.05
4262,12,12,12,VN00012,12,TRX04262,514847565.73,0.0
4263,13,13,13,VN00013,13,TRX04263,693149991.6,0.0
4264,14,14,14,VN00014,14,TRX04264,0.0,67929261.29
4265,15,15,15,VN00015,15,TRX04265,982392565.35,0.0
4266,16,16,16,VN00016,16,TRX04266,0.0,523501206.51
4267,17,17,17,VN00017,17,TRX04267,0.0,963238363.92
4268,18,18,18,VN00018,18,TRX04268,0.0,828209243.77
4269,19,19,19,VN00019,19,TRX04269,0.0,164511197.69
4270,20,20,20,VN00020,20,TRX04270,12071809.61,0.0
4271,21,21,21,VN00021,21,TRX04271,851421902.25,0.0
4272,22,22,22,VN00022,22,TRX04272,0.0,831231271.63
4273,23,23,23,VN00023,23,TRX04273,0.0,645960736.89
4274,24,24,24,VN00024,24,TRX04274,0.0,90041166.1
4275,25,25,25,VN00025,25,TRX04275,0.0,423085444.13
4276,26,26,26,VN00026,26,TRX04276,453506711.12,0.0
4277,27,27,27,VN00027,27,TRX04277,0.0,745332753.56
4278,28,28,28,VN00028,28,TRX04278,0.0,86940438.25
4279,29,29,29,VN00029,29,TRX04279,0.0,505583845.73
4280,30,30,30,VN00030,30,TRX04280,0.0,601329185.66
4281,31,31,31,VN00031,31,TRX04281,0.0,653439793.16
4282,32,32,32,VN00032,32,TRX04282,863098957.83,0.0
4283,33,33,33,VN00033,33,TRX04283,361512338.17,0.0
4284,34,34,34,VN00034,34,TRX04284,0.0,232959665.2
4285,35,35,35,VN00035,35,TRX04285,0.0,161570874.21
4286,36,36,36,VN00036,36,TRX04286,320778580.02,0.0
4287,37,37,37,VN00037,37,TRX04287,903429657.87,0.0
4288,38,38,38,VN00038,38,TRX04288,606749216.44,0.0
4289,39,39,39,VN00039,39,TRX04289,0.0,831101170.81
4290,40,40,40,VN00040,40,TRX04290,0.0,21377855.56
4291,41,41,41,VN00041,41,TRX04291,0.0,395112882.51
4292,42,42,42,VN00042,42,TRX04292,0.0,970677642.93
4293,43,43,43,VN00043,43,TRX04293,417196831.77,0.0
4294,44,44,44,VN00044,44,TRX04294,0.0,401405890.86
4295,45,45,45,VN00045,45,TRX04295,0.0,785587539.46
4296,46,46,46,VN00046,46,TRX04296,0.0,853489693.55
4297,47,47,47,VN00047,47,TRX04297,0.0,167813355.15
4298,48,48,48,VN00048,48,TRX04298,675485641.57,0.0
4299,49,49,49,VN00049,49,TRX04299,692763074.07,0.0
4300,50,50,50,VN00050,50,TRX04300,330865557.2,0.0
4301,51,51,51,VN00051,51,TRX04301,0.0,251038105.83
4302,52,52,52,VN00052,52,TRX04302,581157085.82,0.0
4303,53,53,53,VN00053,53,TRX04303,4441040.25,0.0
4304,54,54,54,VN00054,54,TRX04304,141317660.37,0.0
4305,55,55,55,VN00055,55,TRX04305,0.0,984605006.65
4306,56,56,56,VN00056,56,TRX04306,0.0,617680794.75
4307,57,57,57,VN00057,57,TRX04307,54336996.54,0.0
4308,58,58,58,VN00058,58,TRX04308,514617322.78,0.0
4309,59,59,59,VN00059,59,TRX04309,613711260.03,0.0
4310,60,60,60,VN00060,60,TRX04310,242488714.53,0.0
4311,61,61,61,VN00061,61,TRX04311,0.0,973306715.75
4312,62,62,62,VN00062,62,TRX04312,809143751.66,0.0
4313,63,63,63,VN00063,63,TRX04313,859321160.85,0.0
4314,64,64,64,VN00064,64,TRX04314,456981261.65,0.0
4315,65,65,65,VN00065,65,TRX04315,815798001.43,0.0
4316,66,66,66,VN00066,66,TRX04316,0.0,632420597.67
4317,67,67,67,VN00067,67,TRX04317,0.0,561019172.09
4318,68,68,68,VN00068,68,TRX04318,0.0,550467410.29
4319,69,69,69,VN00069,69,TRX04319,0.0,628058763.15
4320,70,70,70,VN00070,70,TRX04320,0.0,314930739.15
4321,71,71,71,VN00071,71,TRX04321,733773799.8,0.0
4322,72,72,72,VN00072,72,TRX04322,161653140.4,0.0
4323,73,73,73,VN00073,73,TRX04323,698193184.32,0.0
4324,74,74,74,VN00074,74,TRX04324,0.0,425823645.15
4325,75,75,75,VN00075,75,TRX04325,0.0,1061569.09
4326,76,76,76,VN00076,76,TRX04326,0.0,984864034.35
4327,77,77,77,VN00077,77,TRX04327,363575868.49,0.0
4328,78,78,78,VN00078,78,TRX04328,614597074.84,0.0
4329,79,79,79,VN00079,79,TRX04329,0.0,774386541.18
4330,80,80,80,VN00080,80,TRX04330,268677941.49,0.0
4331,81,81,81,VN00081,81,TRX04331,95670682.6,0.0
4332,82,82,82,VN00082,82,TRX04332,325269776.81,0.0
4333,83,83,83,VN00083,83,TRX04333,638467644.83,0.0
4334,84,84,84,VN00084,84,TRX04334,0.0,738352616.26
4335,85,85,85,VN00085,85,TRX04335,0.0,988449742.29
4336,86,86,86,VN00086,86,TRX04336,0.0,48980281.52
4337,87,87,87,VN00087,87,TRX04337,224706569.7,0.0
4338,88,88,88,VN00088,88,TRX04338,514463248.85,0.0
4339,89,89,89,VN00089,89,TRX04339,748926548.69,0.0
4340,90,90,90,VN00090,90,TRX04340,0.0,876486149.83
4341,91,91,91,VN00091,91,TRX04341,0.0,126389611.6
4342,92,92,92,VN00092,92,TRX04342,78279834.45,0.0
4343,93,93,93,VN00093,93,TRX04343,0.0,384971078.5
4344,94,94,94,VN00094,94,TRX04344,32983492.95,0.0
4345,95,95,95,VN00095,95,TRX04345,0.0,65751014.13
4346,96,96,96,VN00096,96,TRX04346,0.0,42272065.74
4347,97,97,97,VN00097,97,TRX04347,165660665.76,0.0
4348,98,98,98,VN00098,98,TRX04348,117005479.07,0.0
4349,99,99,99,VN00099,99,TRX04349,476022110.02,0.0
4350,100,100,100,VN00100,100,TRX04350,0.0,528211153.02
4351,101,101,101,VN00101,101,TRX04351,792163708.32,0.0
4352,102,102,102,VN00102,102,TRX04352,0.0,956853368.06
4353,103,103,103,VN00103,103,TRX04353,0.0,847091951.68
4354,104,104,104,VN00104,104,TRX04354,0.0,669635947.55
4355,105,105,105,VN00105,105,TRX04355,0.0,439031777.19
4356,106,106,106,VN00106,106,TRX04356,10256632.65,0.0
4357,107,107,107,VN00107,107,TRX04357,765668336.21,0.0
4358,108,108,108,VN00108,108,TRX04358,259470760.98,0.0
4359,109,109,109,VN00109,109,TRX04359,652518325.48,0.0
4360,110,110,110,VN00110,110,TRX04360,0.0,403377491.73
4361,111,111,111,VN00111,111,TRX04361,0.0,172145429.85
4362,112,112,112,VN00112,112,TRX04362,0.0,915876350.86
4363,113,113,113,VN00113,113,TRX04363,877252391.5,0.0
4364,114,114,114,VN00114,114,TRX04364,760075717.81,0.0
4365,115,115,115,VN00115,115,TRX04365,490666296.15,0.0
4366,116,116,116,VN00116,116,TRX04366,116100452.52,0.0
4367,117,117,117,VN00117,117,TRX04367,210669050.41,0.0
4368,118,118,118,VN00118,118,TRX04368,0.0,404102803.03
4369,119,119,119,VN00119,119,TRX04369,140575681.17,0.0
4370,120,120,120,VN00120,120,TRX04370,287542002.06,0.0
4371,121,121,121,VN00121,121,TRX04371,0.0,343161330.85
4372,122,122,122,VN00122,122,TRX04372,369887869.6,0.0
4373,123,123,123,VN00123,123,TRX04373,0.0,512075947.78
4374,124,124,124,VN00124,124,TRX04374,0.0,488118406.35
4375,125,125,125,VN00125,125,TRX04375,156541512.88,0.0
4376,126,126,126,VN00126,126,TRX04376,472190440.34,0.0
4377,127,127,127,VN00127,127,TRX04377,115668858.47,0.0
4378,128,128,128,VN00128,128,TRX04378,287742200.1,0.0
4379,129,129,129,VN00129,129,TRX04379,359506595.38,0.0
4380,130,130,130,VN00130,130,TRX04380,0.0,706387537.2
4381,131,131,131,VN00131,131,TRX04381,458025831.81,0.0
4382,132,132,132,VN00132,132,TRX04382,0.0,944499332.36
4383,133,133,133,VN00133,133,TRX04383,684060363.9,0.0
4384,134,134,134,VN00134,134,TRX04384,473162481.4,0.0
4385,135,135,135,VN00135,135,TRX04385,723370122.34,0.0
4386,136,136,136,VN00136,136,TRX04386,385577810.08,0.0
4387,137,137,137,VN00137,137,TRX04387,0.0,594222905.61
4388,138,138,138,VN00138,138,TRX04388,0.0,672689804.91
4389,139,139,139,VN00139,139,TRX04389,247363655.37,0.0
4390,140,140,140,VN00140,140,TRX04390,543964090.05,0.0
4391,141,141,141,VN00141,141,TRX04391,135222742.45,0.0
4392,142,142,142,VN00142,142,TRX04392,0.0,843566338.71
4393,143,143,143,VN00143,143,TRX04393,691141294.8,0.0
4394,144,144,144,VN00144,144,TRX04394,0.0,913794733.23
4395,145,145,145,VN00145,145,TRX04395,0.0,675407934.79
4396,146,146,146,VN00146,146,TRX04396,0.0,559966380.79
4397,147,147,147,VN00147,147,TRX04397,436108298.48,0.0
4398,148,148,148,VN00148,148,TRX04398,313829283.42,0.0
4399,149,149,149,VN00149,149,TRX04399,522110106.88,0.0
4400,150,150,150,VN00150,150,TRX04400,0.0,590013180.46
4401,151,151,151,VN00151,151,TRX04401,766096969.94,0.0
4402,152,152,152,VN00152,152,TRX04402,413773097.58,0.0
4403,153,153,153,VN00153,153,TRX04403,872312204.27,0.0
4404,154,154,154,VN00154,154,TRX04404,526743373.17,0.0
4405,155,155,155,VN00155,155,TRX04405,0.0,567652910.02
4406,156,156,156,VN00156,156,TRX04406,970721364.78,0.0
4407,157,157,157,VN00157,157,TRX04407,28239535.75,0.0
4408,158,158,158,VN00158,158,TRX04408,174473387.27,0.0
4409,159,159,159,VN00159,159,TRX04409,838459235.65,0.0
4410,160,160,160,VN00160,160,TRX04410,364357793.17,0.0
4411,161,161,161,VN00161,161,TRX04411,0.0,965100750.41
4412,162,162,162,VN00162,162,TRX04412,536672438.59,0.0
4413,163,163,163,VN00163,163,TRX04413,0.0,67784829.09
4414,164,164,164,VN00164,164,TRX04414,0.0,262437562.12
4415,165,165,165,VN00165,165,TRX04415,860116504.69,0.0
4416,166,166,166,VN00166,166,TRX04416,0.0,405606880.76
4417,167,167,167,VN00167,167,TRX04417,0.0,418673517.5
4418,168,168,168,VN00168,168,TRX04418,674879059.98,0.0
4419,169,169,169,VN00169,169,TRX04419,470142559.72,0.0
4420,170,170,170,VN00170,170,TRX04420,151191837.06,0.0
4421,171,171,171,VN00171,171,TRX04421,72680912.64,0.0
4422,172,172,172,VN00172,172,TRX04422,0.0,949503405.57
4423,173,173,173,VN00173,173,TRX04423,64440676.67,0.0
4424,174,174,174,VN00174,174,TRX04424,0.0,788780175.8
4425,175,175,175,VN00175,175,TRX04425,0.0,833024982.62
4426,176,176,176,VN00176,176,TRX04426,0.0,373795193.98
4427,177,177,177,VN00177,177,TRX04427,320962173.8,0.0
4428,178,178,178,VN00178,178,TRX04428,0.0,414330409.23
4429,179,179,179,VN00179,179,TRX04429,0.0,348585008.79
4430,180,180,180,VN00180,180,TRX04430,96011953.38,0.0
4431,181,181,181,VN00181,181,TRX04431,256435572.81,0.0
4432,182,182,182,VN00182,182,TRX04432,0.0,880681019.18
4433,183,183,183,VN00183,183,TRX04433,420016221.7,0.0
4434,184,184,184,VN00184,184,TRX04434,0.0,270268951.72
4435,185,185,185,VN00185,185,TRX04435,0.0,766828653.73
4436,186,186,186,VN00186,186,TRX04436,0.0,98706896.93
4437,187,187,187,VN00187,187,TRX04437,0.0,348169769.09
4438,188,188,188,VN00188,188,TRX04438,690926851.97,0.0
4439,189,189,189,VN00189,189,TRX04439,462652233.0,0.0
4440,190,190,190,VN00190,190,TRX04440,683797874.5,0.0
4441,191,191,191,VN00191,191,TRX04441,568305320.55,0.0
4442,192,192,192,VN00192,192,TRX04442,0.0,892360569.78
4443,193,193,193,VN00193,193,TRX04443,802320624.31,0.0
4444,194,194,194,VN00194,194,TRX04444,0.0,642684593.52
4445,195,195,195,VN00195,195,TRX04445,0.0,415720440.08
4446,196,196,196,VN00196,196,TRX04446,0.0,970732725.38
4447,197,197,197,VN00197,197,TRX04447,0.0,436081328.72
4448,198,198,198,VN00198,198,TRX04448,0.0,270343273.89
4449,199,199,199,VN00199,199,TRX04449,0.0,319890897.3
4450,200,200,200,VN00200,200,TRX04450,196240088.24,0.0
4451,201,201,201,VN00201,201,TRX04451,0.0,678518783.31
4452,202,202,202,VN00202,202,TRX04452,0.0,887200373.07
4453,203,203,203,VN00203,203,TRX04453,0.0,482876129.63
4454,204,204,204,VN00204,204,TRX04454,958336479.96,0.0
4455,205,205,205,VN00205,205,TRX04455,926233609.3,0.0
4456,206,206,206,VN00206,206,TRX04456,0.0,704496425.24
4457,207,207,207,VN00207,207,TRX04457,0.0,773363970.69
4458,208,208,208,VN00208,208,TRX04458,0.0,596723600.47
4459,209,209,209,VN00209,209,TRX04459,0.0,807538035.52
4460,210,210,210,VN00210,210,TRX04460,0.0,141461024.35
4461,211,211,211,VN00211,211,TRX04461,20913411.33,0.0
4462,212,212,212,VN00212,212,TRX04462,738476714.27,0.0
4463,213,213,213,VN00213,213,TRX04463,270779866.47,0.0
4464,214,214,214,VN00214,214,TRX04464,0.0,49180091.76
4465,215,215,215,VN00215,215,TRX04465,898805718.67,0.0
4466,216,216,216,VN00216,216,TRX04466,0.0,898619057.31
4467,217,217,217,VN00217,217,TRX04467,794795067.64,0.0
4468,218,218,218,VN00218,218,TRX04468,0.0,331803675.83
4469,219,219,219,VN00219,219,TRX04469,0.0,987502269.79
4470,220,220,220,VN00220,220,TRX04470,450304213.42,0.0
4471,221,221,221,VN00221,221,TRX04471,255333300.76,0.0
4472,222,222,222,VN00222,222,TRX04472,731517929.63,0.0
4473,223,223,223,VN00223,223,TRX04473,37181889.73,0.0
4474,224,224,224,VN00224,224,TRX04474,0.0,28765994.99
4475,225,225,225,VN00225,225,TRX04475,423399471.43,0.0
4476,226,226,226,VN00226,226,TRX04476,971648097.83,0.0
4477,227,227,227,VN00227,227,TRX04477,33819329.54,0.0
4478,228,228,228,VN00228,228,TRX04478,0.0,133373626.22
4479,229,229,229,VN00229,229,TRX04479,116180607.33,0.0
4480,230,230,230,VN00230,230,TRX04480,298170379.49,0.0
4481,231,231,231,VN00231,231,TRX04481,261609266.66,0.0
4482,232,232,232,VN00232,232,TRX04482,0.0,200628957.62
4483,233,233,233,VN00233,233,TRX04483,0.0,170405112.36
4484,234,234,234,VN00234,234,TRX04484,0.0,657467789.93
4485,235,235,235,VN00235,235,TRX04485,0.0,971750689.81
4486,236,236,236,VN00236,236,TRX04486,539567048.27,0.0
4487,237,237,237,VN00237,237,TRX04487,578749822.65,0.0
4488,238,238,238,VN00238,238,TRX04488,0.0,919469661.89
4489,239,239,239,VN00239,239,TRX04489,0.0,206817057.93
4490,240,240,240,VN00240,240,TRX04490,903686220.18,0.0
4491,241,241,241,VN00241,241,TRX04491,0.0,520867508.16
4492,242,242,242,VN00242,242,TRX04492,0.0,665668276.96
4493,243,243,243,VN00243,243,TRX04493,289421512.7,0.0
4494,244,244,244,VN00244,244,TRX04494,730192767.21,0.0
4495,245,245,245,VN00245,245,TRX04495,699635842.13,0.0
4496,246,246,246,VN00246,246,TRX04496,146500967.36,0.0
4497,247,247,247,VN00247,247,TRX04497,0.0,753515121.24
4498,248,248,248,VN00248,248,TRX04498,190423813.88,0.0
4499,249,249,249,VN00249,249,TRX04499,0.0,263319246.15
4500,250,250,250,VN00250,250,TRX04500,3391248.11,0.0
4501,1,1,1,VN00001,1,TRX04501,0.0,3482611.92
4502,2,2,2,VN00002,2,TRX04502,3233476.48,0.0
4503,3,3,3,VN00003,3,TRX04503,0.0,138753225.93
4504,4,4,4,VN00004,4,TRX04504,971940367.2,0.0
4505,5,5,5,VN00005,5,TRX04505,0.0,605610868.02
4506,6,6,6,VN00006,6,TRX04506,0.0,370633163.04
4507,7,7,7,VN00007,7,TRX04507,0.0,188420359.0
4508,8,8,8,VN00008,8,TRX04508,0.0,17617740.79
4509,9,9,9,VN00009,9,TRX04509,621986314.95,0.0
4510,10,10,10,VN00010,10,TRX04510,531311653.33,0.0
4511,11,11,11,VN00011,11,TRX04511,669953618.93,0.0
4512,12,12,12,VN00012,12,TRX04512,0.0,582571728.68
4513,13,13,13,VN00013,13,TRX04513,703597795.85,0.0
4514,14,14,14,VN00014,14,TRX04514,0.0,995558563.07
4515,15,15,15,VN00015,15,TRX04515,296208300.06,0.0
4516,16,16,16,VN00016,16,TRX04516,927455602.61,0.0
4517,17,17,17,VN00017,17,TRX04517,183592737.83,0.0
4518,18,18,18,VN00018,18,TRX04518,0.0,965366252.94
4519,19,19,19,VN00019,19,TRX04519,411360182.4,0.0
4520,20,20,20,VN00020,20,TRX04520,434311320.26,0.0
4521,21,21,21,VN00021,21,TRX04521,0.0,802941310.73
4522,22,22,22,VN00022,22,TRX04522,0.0,946086567.16
4523,23,23,23,VN00023,23,TRX04523,234110525.85,0.0
4524,24,24,24,VN00024,24,TRX04524,680243427.53,0.0
4525,25,25,25,VN00025,25,TRX04525,0.0,974714257.17
4526,26,26,26,VN00026,26,TRX04526,116901664.51,0.0
4527,27,27,27,VN00027,27,TRX04527,158452566.1,0.0
4528,28,28,28,VN00028,28,TRX04528,905148872.85,0.0
4529,29,29,29,VN00029,29,TRX04529,851601220.83,0.0
4530,30,30,30,VN00030,30,TRX04530,949235451.8,0.0
4531,31,31,31,VN00031,31,TRX04531,0.0,433213193.68
4532,32,32,32,VN00032,32,TRX04532,0.0,94139950.09
4533,33,33,33,VN00033,33,TRX04533,0.0,786286901.98
4534,34,34,34,VN00034,34,TRX04534,0.0,770810893.86
4535,35,35,35,VN00035,35,TRX04535,812225700.54,0.0
4536,36,36,36,VN00036,36,TRX04536,0.0,49328254.83
4537,37,37,37,VN00037,37,TRX04537,707618187.9,0.0
4538,38,38,38,VN00038,38,TRX04538,845493239.15,0.0
4539,39,39,39,VN00039,39,TRX04539,0.0,633689291.5
4540,40,40,40,VN00040,40,TRX04540,524302304.59,0.0
4541,41,41,41,VN00041,41,TRX04541,948396878.69,0.0
4542,42,42,42,VN00042,42,TRX04542,426359765.01,0.0
4543,43,43,43,VN00043,43,TRX04543,96378146.65,0.0
4544,44,44,44,VN00044,44,TRX04544,215576670.67,0.0
4545,45,45,45,VN00045,45,TRX04545,676477621.13,0.0
4546,46,46,46,VN00046,46,TRX04546,406288173.92,0.0
4547,47,47,47,VN00047,47,TRX04547,0.0,470845900.55
4548,48,48,48,VN00048,48,TRX04548,534347013.62,0.0
4549,49,49,49,VN00049,49,TRX04549,0.0,230121780.27
4550,50,50,50,VN00050,50,TRX04550,0.0,218808603.21
4551,51,51,51,VN00051,51,TRX04551,949966188.95,0.0
4552,52,52,52,VN00052,52,TRX04552,0.0,657156863.56
4553,53,53,53,VN00053,53,TRX04553,0.0,369741197.55
4554,54,54,54,VN00054,54,TRX04554,0.0,853040451.85
4555,55,55,55,VN00055,55,TRX04555,284959553.36,0.0
4556,56,56,56,VN00056,56,TRX04556,0.0,557417439.69
4557,57,57,57,VN00057,57,TRX04557,0.0,457398996.4
4558,58,58,58,VN00058,58,TRX04558,521122585.32,0.0
4559,59,59,59,VN00059,59,TRX04559,212984138.55,0.0
4560,60,60,60,VN00060,60,TRX04560,0.0,908404894.01
4561,61,61,61,VN00061,61,TRX04561,0.0,77600848.56
4562,62,62,62,VN00062,62,TRX04562,783254919.77,0.0
4563,63,63,63,VN00063,63,TRX04563,0.0,672680616.32
4564,64,64,64,VN00064,64,TRX04564,642723520.98,0.0
4565,65,65,65,VN00065,65,TRX04565,0.0,806003357.71
4566,66,66,66,VN00066,66,TRX04566,0.0,436993463.56
4567,67,67,67,VN00067,67,TRX04567,0.0,884204313.25
4568,68,68,68,VN00068,68,TRX04568,0.0,169335625.28
4569,69,69,69,VN00069,69,TRX04569,558334253.42,0.0
4570,70,70,70,VN00070,70,TRX04570,753286837.33,0.0
4571,71,71,71,VN00071,71,TRX04571,0.0,672504979.27
4572,72,72,72,VN00072,72,TRX04572,0.0,62826784.32
4573,73,73,73,VN00073,73,TRX04573,678196025.7,0.0
4574,74,74,74,VN00074,74,TRX04574,0.0,336144885.36
4575,75,75,75,VN00075,75,TRX04575,0.0,282536607.62
4576,76,76,76,VN00076,76,TRX04576,570185159.86,0.0
4577,77,77,77,VN00077,77,TRX04577,817904506.78,0.0
4578,78,78,78,VN00078,78,TRX04578,0.0,301762647.09
4579,79,79,79,VN00079,79,TRX04579,0.0,672063129.32
4580,80,80,80,VN00080,80,TRX04580,868598509.24,0.0
4581,81,81,81,VN00081,81,TRX04581,762383545.1,0.0
4582,82,82,82,VN00082,82,TRX04582,0.0,213059522.02
4583,83,83,83,VN00083,83,TRX04583,82340943.54,0.0
4584,84,84,84,VN00084,84,TRX04584,0.0,453907541.22
4585,85,85,85,VN00085,85,TRX04585,408346472.13,0.0
4586,86,86,86,VN00086,86,TRX04586,369028429.29,0.0
4587,87,87,87,VN00087,87,TRX04587,0.0,198612171.64
4588,88,88,88,VN00088,88,TRX04588,0.0,518516097.74
4589,89,89,89,VN00089,89,TRX04589,442848689.29,0.0
4590,90,90,90,VN00090,90,TRX04590,361959817.25,0.0
4591,91,91,91,VN00091,91,TRX04591,0.0,283978162.19
4592,92,92,92,VN00092,92,TRX04592,0.0,511569172.33
4593,93,93,93,VN00093,93,TRX04593,0.0,728500152.41
4594,94,94,94,VN00094,94,TRX04594,0.0,201488425.97
4595,95,95,95,VN00095,95,TRX04595,0.0,887277748.92
4596,96,96,96,VN00096,96,TRX04596,375671363.29,0.0
4597,97,97,97,VN00097,97,TRX04597,840722522.15,0.0
4598,98,98,98,VN00098,98,TRX04598,0.0,755404729.15
4599,99,99,99,VN00099,99,TRX04599,0.0,690162834.52
4600,100,100,100,VN00100,100,TRX04600,0.0,308916965.43
4601,101,101,101,VN00101,101,TRX04601,265215465.58,0.0
4602,102,102,102,VN00102,102,TRX04602,743526159.37,0.0
4603,103,103,103,VN00103,103,TRX04603,649753583.93,0.0
4604,104,104,104,VN00104,104,TRX04604,0.0,180996319.11
4605,105,105,105,VN00105,105,TRX04605,285071588.49,0.0
4606,106,106,106,VN00106,106,TRX04606,266814758.45,0.0
4607,107,107,107,VN00107,107,TRX04607,0.0,819616447.76
4608,108,108,108,VN00108,108,TRX04608,0.0,40064398.01
4609,109,109,109,VN00109,109,TRX04609,512974056.78,0.0
4610,110,110,110,VN00110,110,TRX04610,960139103.3,0.0
4611,111,111,111,VN00111,111,TRX04611,0.0,298523983.6
4612,112,112,112,VN00112,112,TRX04612,505302847.28,0.0
4613,113,113,113,VN00113,113,TRX04613,373066739.9,0.0
4614,114,114,114,VN00114,114,TRX04614,0.0,509103728.53
4615,115,115,115,VN00115,115,TRX04615,0.0,183801237.71
4616,116,116,116,VN00116,116,TRX04616,994625486.53,0.0
4617,117,117,117,VN00117,117,TRX04617,317361424.78,0.0
4618,118,118,118,VN00118,118,TRX04618,0.0,562866970.48
4619,119,119,119,VN00119,119,TRX04619,119141626.02,0.0
4620,120,120,120,VN00120,120,TRX04620,871925269.05,0.0
4621,121,121,121,VN00121,121,TRX04621,0.0,992705283.75
4622,122,122,122,VN00122,122,TRX04622,321377255.23,0.0
4623,123,123,123,VN00123,123,TRX04623,0.0,953673646.08
4624,124,124,124,VN00124,124,TRX04624,749895531.99,0.0
4625,125,125,125,VN00125,125,TRX04625,0.0,892607061.65
4626,126,126,126,VN00126,126,TRX04626,0.0,246658538.12
4627,127,127,127,VN00127,127,TRX04627,142703882.33,0.0
4628,128,128,128,VN00128,128,TRX04628,0.0,474333344.8
4629,129,129,129,VN00129,129,TRX04629,0.0,70403731.0
4630,130,130,130,VN00130,130,TRX04630,91183167.65,0.0
4631,131,131,131,VN00131,131,TRX04631,0.0,324960918.48
4632,132,132,132,VN00132,132,TRX04632,66114699.58,0.0
4633,133,133,133,VN00133,133,TRX04633,981960301.55,0.0
4634,134,134,134,VN00134,134,TRX04634,0.0,920874384.74
4635,135,135,135,VN00135,135,TRX04635,0.0,340890285.18
4636,136,136,136,VN00136,136,TRX04636,855396485.33,0.0
4637,137,137,137,VN00137,137,TRX04637,0.0,960783967.27
4638,138,138,138,VN00138,138,TRX04638,0.0,525326529.57
4639,139,139,139,VN00139,139,TRX04639,672857431.1,0.0
4640,140,140,140,VN00140,140,TRX04640,0.0,509963135.96
4641,141,141,141,VN00141,141,TRX04641,0.0,676880704.02
4642,142,142,142,VN00142,142,TRX04642,203308976.19,0.0
4643,143,143,143,VN00143,143,TRX04643,151401641.83,0.0
4644,144,144,144,VN00144,144,TRX04644,0.0,838560697.94
4645,145,145,145,VN00145,145,TRX04645,839589753.5,0.0
4646,146,146,146,VN00146,146,TRX04646,0.0,219052089.65
4647,147,147,147,VN00147,147,TRX04647,0.0,882834887.97
4648,148,148,148,VN00148,148,TRX04648,613920292.88,0.0
4649,149,149,149,VN00149,149,TRX04649,230782711.23,0.0
4650,150,150,150,VN00150,150,TRX04650,0.0,602194520.71
4651,151,151,151,VN00151,151,TRX04651,0.0,231653550.22
4652,152,152,152,VN00152,152,TRX04652,638408498.43,0.0
4653,153,153,153,VN00153,153,TRX04653,448286039.18,0.0
4654,154,154,154,VN00154,154,TRX04654,673586537.37,0.0
4655,155,155,155,VN00155,155,TRX04655,0.0,370904693.2
4656,156,156,156,VN00156,156,TRX04656,974037603.67,0.0
4657,157,157,157,VN00157,157,TRX04657,0.0,480538487.69
4658,158,158,158,VN00158,158,TRX04658,0.0,574897504.95
4659,159,159,159,VN00159,159,TRX04659,0.0,838554956.76
4660,160,160,160,VN00160,160,TRX04660,0.0,459904263.27
4661,161,161,161,VN00161,161,TRX04661,0.0,83430534.05
4662,162,162,162,VN00162,162,TRX04662,462213800.98,0.0
4663,163,163,163,VN00163,163,TRX04663,0.0,952169656.01
4664,164,164,164,VN00164,164,TRX04664,39545260.8,0.0
4665,165,165,165,VN00165,165,TRX04665,0.0,804893106.64
4666,166,166,166,VN00166,166,TRX04666,673105079.06,0.0
4667,167,167,167,VN00167,167,TRX04667,0.0,524876195.96
4668,168,168,168,VN00168,168,TRX04668,0.0,831558916.17
4669,169,169,169,VN00169,169,TRX04669,0.0,973246755.26
4670,170,170,170,VN00170,170,TRX04670,0.0,377429853.03
4671,171,171,171,VN00171,171,TRX04671,858962227.41,0.0
4672,172,172,172,VN00172,172,TRX04672,672336692.15,0.0
4673,173,173,173,VN00173,173,TRX04673,0.0,9541028.48
4674,174,174,174,VN00174,174,TRX04674,0.0,423596282.61
4675,175,175,175,VN00175,175,TRX04675,0.0,908972147.54
4676,176,176,176,VN00176,176,TRX04676,0.0,297673903.44
4677,177,177,177,VN00177,177,TRX04677,0.0,420955507.16
4678,178,178,178,VN00178,178,TRX04678,0.0,15831798.01
4679,179,179,179,VN00179,179,TRX04679,0.0,240877051.98
4680,180,180,180,VN00180,180,TRX04680,0.0,757675869.72
4681,181,181,181,VN00181,181,TRX04681,308444812.28,0.0
4682,182,182,182,VN00182,182,TRX04682,584082729.03,0.0
4683,183,183,183,VN00183,183,TRX04683,829463086.48,0.0
4684,184,184,184,VN00184,184,TRX04684,0.0,571298850.73
4685,185,185,185,VN00185,185,TRX04685,0.0,57325942.81
4686,186,186,186,VN00186,186,TRX04686,224531139.26,0.0
4687,187,187,187,VN00187,187,TRX04687,411431075.13,0.0
4688,188,188,188,VN00188,188,TRX04688,0.0,944725510.29
4689,189,189,189,VN00189,189,TRX04689,921587832.07,0.0
4690,190,190,190,VN00190,190,TRX04690,360992801.37,0.0
4691,191,191,191,VN00191,191,TRX04691,0.0,89223627.4
4692,192,192,192,VN00192,192,TRX04692,100780735.97,0.0
4693,193,193,193,VN00193,193,TRX04693,0.0,988993567.85
4694,194,194,194,VN00194,194,TRX04694,709939592.88,0.0
4695,195,195,195,VN00195,195,TRX04695,0.0,375219146.96
4696,196,196,196,VN00196,196,TRX04696,0.0,641672027.42
4697,197,197,197,VN00197,197,TRX04697,448052184.64,0.0
4698,198,198,198,VN00198,198,TRX04698,0.0,549773601.41
4699,199,199,199,VN00199,199,TRX04699,0.0,274486798.58
4700,200,200,200,VN00200,200,TRX04700,0.0,396305060.89
4701,201,201,201,VN00201,201,TRX04701,0.0,204716769.36
4702,202,202,202,VN00202,202,TRX04702,901462911.06,0.0
4703,203,203,203,VN00203,203,TRX04703,626671558.3,0.0
4704,204,204,204,VN00204,204,TRX04704,939247968.46,0.0
4705,205,205,205,VN00205,205,TRX04705,0.0,612429060.48
4706,206,206,206,VN00206,206,TRX04706,909256576.98,0.0
4707,207,207,207,VN00207,207,TRX04707,0.0,97156400.42
4708,208,208,208,VN00208,208,TRX04708,0.0,635941927.63
4709,209,209,209,VN00209,209,TRX04709,0.0,332421079.56
4710,210,210,210,VN00210,210,TRX04710,643898975.47,0.0
4711,211,211,211,VN00211,211,TRX04711,0.0,831093759.67
4712,212,212,212,VN00212,212,TRX04712,978336499.3,0.0
4713,213,213,213,VN00213,213,TRX04713,0.0,380507512.8
4714,214,214,214,VN00214,214,TRX04714,590410050.67,0.0
4715,215,215,215,VN00215,215,TRX04715,0.0,441174110.74
4716,216,216,216,VN00216,216,TRX04716,0.0,996543103.94
4717,217,217,217,VN00217,217,TRX04717,871735076.05,0.0
4718,218,218,218,VN00218,218,TRX04718,0.0,865853162.26
4719,219,219,219,VN00219,219,TRX04719,0.0,686766321.77
4720,220,220,220,VN00220,220,TRX04720,0.0,221418298.57
4721,221,221,221,VN00221,221,TRX04721,0.0,169965633.24
4722,222,222,222,VN00222,222,TRX04722,0.0,375500170.78
4723,223,223,223,VN00223,223,TRX04723,0.0,225520300.67
4724,224,224,224,VN00224,224,TRX04724,0.0,953440818.15
4725,225,225,225,VN00225,225,TRX04725,0.0,368707756.24
4726,226,226,226,VN00226,226,TRX04726,0.0,24290420.45
4727,227,227,227,VN00227,227,TRX04727,712739422.95,0.0
4728,228,228,228,VN00228,228,TRX04728,0.0,824598402.17
4729,229,229,229,VN00229,229,TRX04729,0.0,848049540.58
4730,230,230,230,VN00230,230,TRX04730,0.0,923630940.19
4731,231,231,231,VN00231,231,TRX04731,704693417.73,0.0
4732,232,232,232,VN00232,232,TRX04732,249580885.11,0.0
4733,233,233,233,VN00233,233,TRX04733,0.0,966626211.65
4734,234,234,234,VN00234,234,TRX04734,0.0,225566478.84
4735,235,235,235,VN00235,235,TRX04735,0.0,566260140.13
4736,236,236,236,VN00236,236,TRX04736,0.0,692492495.52
4737,237,237,237,VN00237,237,TRX04737,0.0,13109392.24
4738,238,238,238,VN00238,238,TRX04738,0.0,146316846.77
4739,239,239,239,VN00239,239,TRX04739,0.0,866807345.5
4740,240,240,240,VN00240,240,TRX04740,15351054.23,0.0
4741,241,241,241,VN00241,241,TRX04741,0.0,46202706.66
4742,242,242,242,VN00242,242,TRX04742,0.0,770415860.51
4743,243,243,243,VN00243,243,TRX04743,0.0,700265412.53
4744,244,244,244,VN00244,244,TRX04744,97661753.43,0.0
4745,245,245,245,VN00245,245,TRX04745,228544281.52,0.0
4746,246,246,246,VN00246,246,TRX04746,492046926.99,0.0
4747,247,247,247,VN00247,247,TRX04747,0.0,844852951.97
4748,248,248,248,VN00248,248,TRX04748,0.0,875335485.38
4749,249,249,249,VN00249,249,TRX04749,0.0,918658430.99
4750,250,250,250,VN00250,250,TRX04750,0.0,151372507.7
4751,1,1,1,VN00001,1,TRX04751,346546298.24,0.0
4752,2,2,2,VN00002,2,TRX04752,714506741.16,0.0
4753,3,3,3,VN00003,3,TRX04753,0.0,926204016.54
4754,4,4,4,VN00004,4,TRX04754,0.0,945742682.92
4755,5,5,5,VN00005,5,TRX04755,387812508.02,0.0
4756,6,6,6,VN00006,6,TRX04756,0.0,109494986.15
4757,7,7,7,VN00007,7,TRX04757,0.0,339438380.03
4758,8,8,8,VN00008,8,TRX04758,0.0,479901418.11
4759,9,9,9,VN00009,9,TRX04759,629258300.23,0.0
4760,10,10,10,VN00010,10,TRX04760,0.0,366886808.17
4761,11,11,11,VN00011,11,TRX04761,0.0,804335619.77
4762,12,12,12,VN00012,12,TRX04762,0.0,194185918.78
4763,13,13,13,VN00013,13,TRX04763,959314650.96,0.0
4764,14,14,14,VN00014,14,TRX04764,738754547.8,0.0
4765,15,15,15,VN00015,15,TRX04765,0.0,542509351.08
4766,16,16,16,VN00016,16,TRX04766,146648280.26,0.0
4767,17,17,17,VN00017,17,TRX04767,0.0,659506149.81
4768,18,18,18,VN00018,18,TRX04768,200728315.35,0.0
4769,19,19,19,VN00019,19,TRX04769,0.0,595771117.73
4770,20,20,20,VN00020,20,TRX04770,628224628.45,0.0
4771,21,21,21,VN00021,21,TRX04771,0.0,462014598.39
4772,22,22,22,VN00022,22,TRX04772,975906045.61,0.0
4773,23,23,23,VN00023,23,TRX04773,753356989.19,0.0
4774,24,24,24,VN00024,24,TRX04774,0.0,609456461.41
4775,25,25,25,VN00025,25,TRX04775,0.0,29467797.01
4776,26,26,26,VN00026,26,TRX04776,366507938.28,0.0
4777,27,27,27,VN00027,27,TRX04777,0.0,595503969.34
4778,28,28,28,VN00028,28,TRX04778,0.0,78757311.03
4779,29,29,29,VN00029,29,TRX04779,373555274.3,0.0
4780,30,30,30,VN00030,30,TRX04780,770685739.76,0.0
4781,31,31,31,VN00031,31,TRX04781,734754555.55,0.0
4782,32,32,32,VN00032,32,TRX04782,190917720.22,0.0
4783,33,33,33,VN00033,33,TRX04783,283330525.02,0.0
4784,34,34,34,VN00034,34,TRX04784,0.0,667322545.64
4785,35,35,35,VN00035,35,TRX04785,719404818.72,0.0
4786,36,36,36,VN00036,36,TRX04786,929081121.05,0.0
4787,37,37,37,VN00037,37,TRX04787,0.0,829314764.46
4788,38,38,38,VN00038,38,TRX04788,265327422.66,0.0
4789,39,39,39,VN00039,39,TRX04789,0.0,239733644.93
4790,40,40,40,VN00040,40,TRX04790,0.0,905478718.15
4791,41,41,41,VN00041,41,TRX04791,0.0,348414194.88
4792,42,42,42,VN00042,42,TRX04792,986365509.35,0.0
4793,43,43,43,VN00043,43,TRX04793,951468566.73,0.0
4794,44,44,44,VN00044,44,TRX04794,0.0,108987328.42
4795,45,45,45,VN00045,45,TRX04795,180502723.26,0.0
4796,46,46,46,VN00046,46,TRX04796,145741697.72,0.0
4797,47,47,47,VN00047,47,TRX04797,0.0,652038858.11
4798,48,48,48,VN00048,48,TRX04798,0.0,545700634.41
4799,49,49,49,VN00049,49,TRX04799,0.0,666579394.07
4800,50,50,50,VN00050,50,TRX04800,198251593.23,0.0
4801,51,51,51,VN00051,51,TRX04801,0.0,972328434.71
4802,52,52,52,VN00052,52,TRX04802,0.0,571997229.0
4803,53,53,53,VN00053,53,TRX04803,0.0,22404997.27
4804,54,54,54,VN00054,54,TRX04804,809501282.39,0.0
4805,55,55,55,VN00055,55,TRX04805,0.0,373321878.75
4806,56,56,56,VN00056,56,TRX04806,0.0,573220844.26
4807,57,57,57,VN00057,57,TRX04807,0.0,424781119.51
4808,58,58,58,VN00058,58,TRX04808,0.0,910010799.5
4809,59,59,59,VN00059,59,TRX04809,0.0,181296053.74
4810,60,60,60,VN00060,60,TRX04810,420737384.07,0.0
4811,61,61,61,VN00061,61,TRX04811,409856602.31,0.0
4812,62,62,62,VN00062,62,TRX04812,0.0,136608345.04
4813,63,63,63,VN00063,63,TRX04813,0.0,87540673.4
4814,64,64,64,VN00064,64,TRX04814,853215065.76,0.0
4815,65,65,65,VN00065,65,TRX04815,0.0,143353002.78
4816,66,66,66,VN00066,66,TRX04816,0.0,791098487.24
4817,67,67,67,VN00067,67,TRX04817,0.0,110182587.73
4818,68,68,68,VN00068,68,TRX04818,118755570.65,0.0
4819,69,69,69,VN00069,69,TRX04819,0.0,239674708.71
4820,70,70,70,VN00070,70,TRX04820,0.0,8253414.0
4821,71,71,71,VN00071,71,TRX04821,0.0,65845400.82
4822,72,72,72,VN00072,72,TRX04822,0.0,136674866.65
4823,73,73,73,VN00073,73,TRX04823,462886558.55,0.0
4824,74,74,74,VN00074,74,TRX04824,58755074.54,0.0
4825,75,75,75,VN00075,75,TRX04825,442533846.66,0.0
4826,76,76,76,VN00076,76,TRX04826,0.0,372589875.28
4827,77,77,77,VN00077,77,TRX04827,0.0,591861064.9
4828,78,78,78,VN00078,78,TRX04828,0.0,178328837.8
4829,79,79,79,VN00079,79,TRX04829,0.0,802962649.72
4830,80,80,80,VN00080,80,TRX04830,329255679.52,0.0
4831,81,81,81,VN00081,81,TRX04831,0.0,700170829.43
4832,82,82,82,VN00082,82,TRX04832,0.0,55614491.4
4833,83,83,83,VN00083,83,TRX04833,26528921.49,0.0
4834,84,84,84,VN00084,84,TRX04834,372233381.18,0.0
4835,85,85,85,VN00085,85,TRX04835,565436029.08,0.0
4836,86,86,86,VN00086,86,TRX04836,0.0,225550509.2
4837,87,87,87,VN00087,87,TRX04837,0.0,834156654.81
4838,88,88,88,VN00088,88,TRX04838,0.0,565112087.7
4839,89,89,89,VN00089,89,TRX04839,357360608.29,0.0
4840,90,90,90,VN00090,90,TRX04840,0.0,56979914.45
4841,91,91,91,VN00091,91,TRX04841,0.0,31537228.19
4842,92,92,92,VN00092,92,TRX04842,457502963.59,0.0
4843,93,93,93,VN00093,93,TRX04843,0.0,929061892.86
4844,94,94,94,VN00094,94,TRX04844,0.0,823534778.68
4845,95,95,95,VN00095,95,TRX04845,352650865.8,0.0
4846,96,96,96,VN00096,96,TRX04846,466005366.14,0.0
4847,97,97,97,VN00097,97,TRX04847,516062344.84,0.0
4848,98,98,98,VN00098,98,TRX04848,0.0,826708284.79
4849,99,99,99,VN00099,99,TRX04849,0.0,886660047.99
4850,100,100,100,VN00100,100,TRX04850,0.0,890236311.17
4851,101,101,101,VN00101,101,TRX04851,364028498.79,0.0
4852,102,102,102,VN00102,102,TRX04852,92624759.61,0.0
4853,103,103,103,VN00103,103,TRX04853,197204241.7,0.0
4854,104,104,104,VN00104,104,TRX04854,102603210.6,0.0
4855,105,105,105,VN00105,105,TRX04855,0.0,317658877.03
4856,106,106,106,VN00106,106,TRX04856,0.0,665371873.97
4857,107,107,107,VN00107,107,TRX04857,445292279.83,0.0
4858,108,108,108,VN00108,108,TRX04858,0.0,257754594.32
4859,109,109,109,VN00109,109,TRX04859,567031806.84,0.0
4860,110,110,110,VN00110,110,TRX04860,0.0,180720790.89
4861,111,111,111,VN00111,111,TRX04861,0.0,408351596.84
4862,112,112,112,VN00112,112,TRX04862,817788728.19,0.0
4863,113,113,113,VN00113,113,TRX04863,565749691.03,0.0
4864,114,114,114,VN00114,114,TRX04864,529452222.79,0.0
4865,115,115,115,VN00115,115,TRX04865,0.0,919780357.34
4866,116,116,116,VN00116,116,TRX04866,0.0,912989286.06
4867,117,117,117,VN00117,117,TRX04867,524938569.21,0.0
4868,118,118,118,VN00118,118,TRX04868,0.0,15060627.66
4869,119,119,119,VN00119,119,TRX04869,486122937.19,0.0
4870,120,120,120,VN00120,120,TRX04870,418299075.94,0.0
4871,121,121,121,VN00121,121,TRX04871,0.0,335846512.2
4872,122,122,122,VN00122,122,TRX04872,48102634.03,0.0
4873,123,123,123,VN00123,123,TRX04873,858791723.06,0.0
4874,124,124,124,VN00124,124,TRX04874,0.0,427689231.19
4875,125,125,125,VN00125,125,TRX04875,0.0,759091770.28
4876,126,126,126,VN00126,126,TRX04876,0.0,322786003.02
4877,127,127,127,VN00127,127,TRX04877,453251855.31,0.0
4878,128,128,128,VN00128,128,TRX04878,562668305.79,0.0
4879,129,129,129,VN00129,129,TRX04879,729776368.24,0.0
4880,130,130,130,VN00130,130,TRX04880,0.0,868955388.24
4881,131,131,131,VN00131,131,TRX04881,316847125.75,0.0
4882,132,132,132,VN00132,132,TRX04882,137602390.99,0.0
4883,133,133,133,VN00133,133,TRX04883,727482778.68,0.0
4884,134,134,134,VN00134,134,TRX04884,0.0,848098974.27
4885,135,135,135,VN00135,135,TRX04885,836215460.09,0.0
4886,136,136,136,VN00136,136,TRX04886,480703516.36,0.0
4887,137,137,137,VN00137,137,TRX04887,113921981.45,0.0
4888,138,138,138,VN00138,138,TRX04888,999890064.55,0.0
4889,139,139,139,VN00139,139,TRX04889,817524693.99,0.0
4890,140,140,140,VN00140,140,TRX04890,0.0,563245717.57
4891,141,141,141,VN00141,141,TRX04891,0.0,43099111.97
4892,142,142,142,VN00142,142,TRX04892,0.0,38345651.85
4893,143,143,143,VN00143,143,TRX04893,0.0,343835127.8
4894,144,144,144,VN00144,144,TRX04894,0.0,238242304.61
4895,145,145,145,VN00145,145,TRX04895,0.0,806040975.9
4896,146,146,146,VN00146,146,TRX04896,98337125.04,0.0
4897,147,147,147,VN00147,147,TRX04897,961458386.99,0.0
4898,148,148,148,VN00148,148,TRX04898,0.0,703934722.51
4899,149,149,149,VN00149,149,TRX04899,0.0,735650011.69
4900,150,150,150,VN00150,150,TRX04900,0.0,19154042.78
4901,151,151,151,VN00151,151,TRX04901,649866000.51,0.0
4902,152,152,152,VN00152,152,TRX04902,0.0,647573170.54
4903,153,153,153,VN00153,153,TRX04903,559754755.98,0.0
4904,154,154,154,VN00154,154,TRX04904,626755567.11,0.0
4905,155,155,155,VN00155,155,TRX04905,413986179.93,0.0
4906,156,156,156,VN00156,156,TRX04906,802807040.64,0.0
4907,157,157,157,VN00157,157,TRX04907,0.0,750114935.57
4908,158,158,158,VN00158,158,TRX04908,854693650.3,0.0
4909,159,159,159,VN00159,159,TRX04909,94222610.57,0.0
4910,160,160,160,VN00160,160,TRX04910,0.0,946545313.44
4911,161,161,161,VN00161,161,TRX04911,729154233.49,0.0
4912,162,162,162,VN00162,162,TRX04912,17116532.04,0.0
4913,163,163,163,VN00163,163,TRX04913,0.0,625946953.83
4914,164,164,164,VN00164,164,TRX04914,360135436.34,0.0
4915,165,165,165,VN00165,165,TRX04915,0.0,765782536.71
4916,166,166,166,VN00166,166,TRX04916,829227392.0,0.0
4917,167,167,167,VN00167,167,TRX04917,0.0,424016029.66
4918,168,168,168,VN00168,168,TRX04918,794417418.53,0.0
4919,169,169,169,VN00169,169,TRX04919,136183633.01,0.0
4920,170,170,170,VN00170,170,TRX04920,781599410.88,0.0
4921,171,171,171,VN00171,171,TRX04921,685861972.46,0.0
4922,172,172,172,VN00172,172,TRX04922,0.0,153728596.19
4923,173,173,173,VN00173,173,TRX04923,0.0,172681495.14
4924,174,174,174,VN00174,174,TRX04924,0.0,447442208.9
4925,175,175,175,VN00175,175,TRX04925,730990582.75,0.0
4926,176,176,176,VN00176,176,TRX04926,0.0,665445719.72
4927,177,177,177,VN00177,177,TRX04927,0.0,471896852.64
4928,178,178,178,VN00178,178,TRX04928,560762589.02,0.0
4929,179,179,179,VN00179,179,TRX04929,902976757.45,0.0
4930,180,180,180,VN00180,180,TRX04930,550056969.28,0.0
4931,181,181,181,VN00181,181,TRX04931,900244120.81,0.0
4932,182,182,182,VN00182,182,TRX04932,0.0,712145146.15
4933,183,183,183,VN00183,183,TRX04933,432408551.33,0.0
4934,184,184,184,VN00184,184,TRX04934,0.0,613459939.01
4935,185,185,185,VN00185,185,TRX04935,349450177.12,0.0
4936,186,186,186,VN00186,186,TRX04936,0.0,620592754.35
4937,187,187,187,VN00187,187,TRX04937,161019280.41,0.0
4938,188,188,188,VN00188,188,TRX04938,0.0,574755001.43
4939,189,189,189,VN00189,189,TRX04939,0.0,53710559.29
4940,190,190,190,VN00190,190,TRX04940,0.0,372967101.83
4941,191,191,191,VN00191,191,TRX04941,0.0,255764195.84
4942,192,192,192,VN00192,192,TRX04942,0.0,976348776.37
4943,193,193,193,VN00193,193,TRX04943,0.0,35104416.78
4944,194,194,194,VN00194,194,TRX04944,0.0,535272077.49
4945,195,195,195,VN00195,195,TRX04945,0.0,846768766.57
4946,196,196,196,VN00196,196,TRX04946,0.0,379645402.95
4947,197,197,197,VN00197,197,TRX04947,669951380.27,0.0
4948,198,198,198,VN00198,198,TRX04948,0.0,952504471.69
4949,199,199,199,VN00199,199,TRX04949,894817510.98,0.0
4950,200,200,200,VN00200,200,TRX04950,0.0,943810191.59
4951,201,201,201,VN00201,201,TRX04951,0.0,421488042.04
4952,202,202,202,VN00202,202,TRX04952,541723050.14,0.0
4953,203,203,203,VN00203,203,TRX04953,0.0,91072896.7
4954,204,204,204,VN00204,204,TRX04954,34237036.1,0.0
4955,205,205,205,VN00205,205,TRX04955,0.0,277038159.52
4956,206,206,206,VN00206,206,TRX04956,400992812.24,0.0
4957,207,207,207,VN00207,207,TRX04957,847721073.51,0.0
4958,208,208,208,VN00208,208,TRX04958,0.0,27292573.03
4959,209,209,209,VN00209,209,TRX04959,0.0,788145804.52
4960,210,210,210,VN00210,210,TRX04960,0.0,152139988.41
4961,211,211,211,VN00211,211,TRX04961,0.0,790146448.34
4962,212,212,212,VN00212,212,TRX04962,428784249.86,0.0
4963,213,213,213,VN00213,213,TRX04963,0.0,167599623.72
4964,214,214,214,VN00214,214,TRX04964,0.0,866502046.27
4965,215,215,215,VN00215,215,TRX04965,0.0,941473686.24
4966,216,216,216,VN00216,216,TRX04966,445594999.72,0.0
4967,217,217,217,VN00217,217,TRX04967,0.0,205144290.27
4968,218,218,218,VN00218,218,TRX04968,0.0,779991914.02
4969,219,219,219,VN00219,219,TRX04969,743871242.2,0.0
4970,220,220,220,VN00220,220,TRX04970,0.0,952259800.72
4971,221,221,221,VN00221,221,TRX04971,0.0,374831744.6
4972,222,222,222,VN00222,222,TRX04972,0.0,658196385.25
4973,223,223,223,VN00223,223,TRX04973,644279532.78,0.0
4974,224,224,224,VN00224,224,TRX04974,0.0,341570750.34
4975,225,225,225,VN00225,225,TRX04975,0.0,692443835.33
4976,226,226,226,VN00226,226,TRX04976,500406740.9,0.0
4977,227,227,227,VN00227,227,TRX04977,0.0,373254031.84
4978,228,228,228,VN00228,228,TRX04978,0.0,209987439.04
4979,229,229,229,VN00229,229,TRX04979,0.0,277454683.3
4980,230,230,230,VN00230,230,TRX04980,687949653.68,0.0
4981,231,231,231,VN00231,231,TRX04981,0.0,617938348.89
4982,232,232,232,VN00232,232,TRX04982,856015002.85,0.0
4983,233,233,233,VN00233,233,TRX04983,621954782.03,0.0
4984,234,234,234,VN00234,234,TRX04984,0.0,206845557.46
4985,235,235,235,VN00235,235,TRX04985,0.0,528157580.7
4986,236,236,236,VN00236,236,TRX04986,0.0,846470858.9
4987,237,237,237,VN00237,237,TRX04987,0.0,510719938.71
4988,238,238,238,VN00238,238,TRX04988,0.0,6339463.18
4989,239,239,239,VN00239,239,TRX04989,0.0,154145645.75
4990,240,240,240,VN00240,240,TRX04990,0.0,515250317.16
4991,241,241,241,VN00241,241,TRX04991,0.0,35891842.81
4992,242,242,242,VN00242,242,TRX04992,973341525.19,0.0
4993,243,243,243,VN00243,243,TRX04993,255427826.07,0.0
4994,244,244,244,VN00244,244,TRX04994,79483396.59,0.0
4995,245,245,245,VN00245,245,TRX04995,842864474.57,0.0
4996,246,246,246,VN00246,246,TRX04996,501648421.83,0.0
4997,247,247,247,VN00247,247,TRX04997,0.0,984988461.81
4998,248,248,248,VN00248,248,TRX04998,0.0,676902254.1
4999,249,249,249,VN00249,249,TRX04999,0.0,305782690.42
5000,250,250,250,VN00250,250,TRX05000,0.0,117332737.63
5001,1,1,1,VN00001,1,TRX05001,541305380.84,0.0
5002,2,2,2,VN00002,2,TRX05002,0.0,698003885.06
5003,3,3,3,VN00003,3,TRX05003,837664578.16,0.0
5004,4,4,4,VN00004,4,TRX05004,580741622.47,0.0
5005,5,5,5,VN00005,5,TRX05005,493180572.55,0.0
5006,6,6,6,VN00006,6,TRX05006,605736571.37,0.0
5007,7,7,7,VN00007,7,TRX05007,334416668.48,0.0
5008,8,8,8,VN00008,8,TRX05008,804797823.44,0.0
5009,9,9,9,VN00009,9,TRX05009,590833225.22,0.0
5010,10,10,10,VN00010,10,TRX05010,0.0,486502824.07
5011,11,11,11,VN00011,11,TRX05011,590998089.71,0.0
5012,12,12,12,VN00012,12,TRX05012,0.0,992714211.95
5013,13,13,13,VN00013,13,TRX05013,0.0,417550757.38
5014,14,14,14,VN00014,14,TRX05014,860638492.98,0.0
5015,15,15,15,VN00015,15,TRX05015,0.0,94954541.73
5016,16,16,16,VN00016,16,TRX05016,0.0,350392088.55
5017,17,17,17,VN00017,17,TRX05017,0.0,241299679.36
5018,18,18,18,VN00018,18,TRX05018,0.0,598304467.61
5019,19,19,19,VN00019,19,TRX05019,0.0,177250095.33
5020,20,20,20,VN00020,20,TRX05020,127134903.31,0.0
5021,21,21,21,VN00021,21,TRX05021,0.0,836633452.6
5022,22,22,22,VN00022,22,TRX05022,0.0,380256877.17
5023,23,23,23,VN00023,23,TRX05023,0.0,911271279.37
5024,24,24,24,VN00024,24,TRX05024,588161263.91,0.0
5025,25,25,25,VN00025,25,TRX05025,0.0,975151387.84
5026,26,26,26,VN00026,26,TRX05026,0.0,101339130.04
5027,27,27,27,VN00027,27,TRX05027,436880570.34,0.0
5028,28,28,28,VN00028,28,TRX05028,873709626.94,0.0
5029,29,29,29,VN00029,29,TRX05029,0.0,486812200.68
5030,30,30,30,VN00030,30,TRX05030,544553495.18,0.0
5031,31,31,31,VN00031,31,TRX05031,351300607.27,0.0
5032,32,32,32,VN00032,32,TRX05032,0.0,76658977.42
5033,33,33,33,VN00033,33,TRX05033,0.0,363619957.72
5034,34,34,34,VN00034,34,TRX05034,872546817.16,0.0
5035,35,35,35,VN00035,35,TRX05035,423738014.6,0.0
5036,36,36,36,VN00036,36,TRX05036,108379246.85,0.0
5037,37,37,37,VN00037,37,TRX05037,325211069.78,0.0
5038,38,38,38,VN00038,38,TRX05038,0.0,604847686.05
5039,39,39,39,VN00039,39,TRX05039,0.0,301600543.85
5040,40,40,40,VN00040,40,TRX05040,0.0,876753268.41
5041,41,41,41,VN00041,41,TRX05041,958696503.17,0.0
5042,42,42,42,VN00042,42,TRX05042,379024862.21,0.0
5043,43,43,43,VN00043,43,TRX05043,0.0,606523340.58
5044,44,44,44,VN00044,44,TRX05044,0.0,803387733.82
5045,45,45,45,VN00045,45,TRX05045,0.0,118807231.21
5046,46,46,46,VN00046,46,TRX05046,0.0,768655963.58
5047,47,47,47,VN00047,47,TRX05047,0.0,262190450.87
5048,48,48,48,VN00048,48,TRX05048,38268589.24,0.0
5049,49,49,49,VN00049,49,TRX05049,700534695.55,0.0
5050,50,50,50,VN00050,50,TRX05050,759074570.83,0.0
5051,51,51,51,VN00051,51,TRX05051,594615156.87,0.0
5052,52,52,52,VN00052,52,TRX05052,0.0,868259435.38
5053,53,53,53,VN00053,53,TRX05053,195610193.0,0.0
5054,54,54,54,VN00054,54,TRX05054,193963038.02,0.0
5055,55,55,55,VN00055,55,TRX05055,0.0,510948259.15
5056,56,56,56,VN00056,56,TRX05056,0.0,993756582.62
5057,57,57,57,VN00057,57,TRX05057,0.0,462308833.75
5058,58,58,58,VN00058,58,TRX05058,0.0,927864566.2
5059,59,59,59,VN00059,59,TRX05059,0.0,154936458.36
5060,60,60,60,VN00060,60,TRX05060,0.0,97298421.9
5061,61,61,61,VN00061,61,TRX05061,667860399.07,0.0
5062,62,62,62,VN00062,62,TRX05062,20006052.43,0.0
5063,63,63,63,VN00063,63,TRX05063,953536066.86,0.0
5064,64,64,64,VN00064,64,TRX05064,0.0,523219956.71
5065,65,65,65,VN00065,65,TRX05065,0.0,884595024.95
5066,66,66,66,VN00066,66,TRX05066,604948834.0,0.0
5067,67,67,67,VN00067,67,TRX05067,0.0,215581782.75
5068,68,68,68,VN00068,68,TRX05068,134387738.65,0.0
5069,69,69,69,VN00069,69,TRX05069,0.0,785784882.48
5070,70,70,70,VN00070,70,TRX05070,0.0,324003794.8
5071,71,71,71,VN00071,71,TRX05071,0.0,963668466.53
5072,72,72,72,VN00072,72,TRX05072,0.0,8884806.6
5073,73,73,73,VN00073,73,TRX05073,755708959.78,0.0
5074,74,74,74,VN00074,74,TRX05074,0.0,5913794.1
5075,75,75,75,VN00075,75,TRX05075,581516914.18,0.0
5076,76,76,76,VN00076,76,TRX05076,0.0,901081563.31
5077,77,77,77,VN00077,77,TRX05077,0.0,173472290.18
5078,78,78,78,VN00078,78,TRX05078,189340471.26,0.0
5079,79,79,79,VN00079,79,TRX05079,0.0,139301673.67
5080,80,80,80,VN00080,80,TRX05080,220820359.17,0.0
5081,81,81,81,VN00081,81,TRX05081,908709881.6,0.0
5082,82,82,82,VN00082,82,TRX05082,152583467.31,0.0
5083,83,83,83,VN00083,83,TRX05083,667421100.09,0.0
5084,84,84,84,VN00084,84,TRX05084,0.0,117195224.24
5085,85,85,85,VN00085,85,TRX05085,0.0,594571625.45
5086,86,86,86,VN00086,86,TRX05086,0.0,909031845.52
5087,87,87,87,VN00087,87,TRX05087,355813794.91,0.0
5088,88,88,88,VN00088,88,TRX05088,0.0,40663014.51
5089,89,89,89,VN00089,89,TRX05089,116939976.43,0.0
5090,90,90,90,VN00090,90,TRX05090,0.0,588467949.43
5091,91,91,91,VN00091,91,TRX05091,40342549.59,0.0
5092,92,92,92,VN00092,92,TRX05092,0.0,768888104.09
5093,93,93,93,VN00093,93,TRX05093,0.0,186907870.89
5094,94,94,94,VN00094,94,TRX05094,0.0,482499677.32
5095,95,95,95,VN00095,95,TRX05095,87521820.98,0.0
5096,96,96,96,VN00096,96,TRX05096,0.0,408795058.56
5097,97,97,97,VN00097,97,TRX05097,270780331.45,0.0
5098,98,98,98,VN00098,98,TRX05098,0.0,816955189.59
5099,99,99,99,VN00099,99,TRX05099,0.0,596924785.36
5100,100,100,100,VN00100,100,TRX05100,339586921.05,0.0
5101,101,101,101,VN00101,101,TRX05101,0.0,276855250.49
5102,102,102,102,VN00102,102,TRX05102,0.0,570313201.81
5103,103,103,103,VN00103,103,TRX05103,0.0,344265726.54
5104,104,104,104,VN00104,104,TRX05104,282489478.38,0.0
5105,105,105,105,VN00105,105,TRX05105,156112257.13,0.0
5106,106,106,106,VN00106,106,TRX05106,0.0,689795434.08
5107,107,107,107,VN00107,107,TRX05107,0.0,116448370.36
5108,108,108,108,VN00108,108,TRX05108,922293445.3,0.0
5109,109,109,109,VN00109,109,TRX05109,993844763.15,0.0
5110,110,110,110,VN00110,110,TRX05110,0.0,450574540.57
5111,111,111,111,VN00111,111,TRX05111,461693551.03,0.0
5112,112,112,112,VN00112,112,TRX05112,0.0,912003245.86
5113,113,113,113,VN00113,113,TRX05113,823347830.99,0.0
5114,114,114,114,VN00114,114,TRX05114,0.0,549989989.97
5115,115,115,115,VN00115,115,TRX05115,0.0,626991977.21
5116,116,116,116,VN00116,116,TRX05116,0.0,394082926.88
5117,117,117,117,VN00117,117,TRX05117,0.0,748959951.78
5118,118,118,118,VN00118,118,TRX05118,0.0,271365103.71
5119,119,119,119,VN00119,119,TRX05119,993791542.55,0.0
5120,120,120,120,VN00120,120,TRX05120,446639841.32,0.0
5121,121,121,121,VN00121,121,TRX05121,0.0,829297660.62
5122,122,122,122,VN00122,122,TRX05122,517919853.58,0.0
5123,123,123,123,VN00123,123,TRX05123,248742600.24,0.0
5124,124,124,124,VN00124,124,TRX05124,617094272.44,0.0
5125,125,125,125,VN00125,125,TRX05125,821321055.0,0.0
5126,126,126,126,VN00126,126,TRX05126,422801531.99,0.0
5127,127,127,127,VN00127,127,TRX05127,0.0,774035632.54
5128,128,128,128,VN00128,128,TRX05128,592169139.88,0.0
5129,129,129,129,VN00129,129,TRX05129,169338953.06,0.0
5130,130,130,130,VN00130,130,TRX05130,214212260.35,0.0
5131,131,131,131,VN00131,131,TRX05131,0.0,341856617.29
5132,132,132,132,VN00132,132,TRX05132,0.0,285181738.91
5133,133,133,133,VN00133,133,TRX05133,444250793.67,0.0
5134,134,134,134,VN00134,134,TRX05134,0.0,388489224.74
5135,135,135,135,VN00135,135,TRX05135,758862683.76,0.0
5136,136,136,136,VN00136,136,TRX05136,798426513.11,0.0
5137,137,137,137,VN00137,137,TRX05137,647599713.34,0.0
5138,138,138,138,VN00138,138,TRX05138,0.0,191053884.66
5139,139,139,139,VN00139,139,TRX05139,0.0,983095018.73
5140,140,140,140,VN00140,140,TRX05140,924476640.43,0.0
5141,141,141,141,VN00141,141,TRX05141,0.0,668196831.82
5142,142,142,142,VN00142,142,TRX05142,836256126.24,0.0
5143,143,143,143,VN00143,143,TRX05143,647921580.78,0.0
5144,144,144,144,VN00144,144,TRX05144,573225240.51,0.0
5145,145,145,145,VN00145,145,TRX05145,0.0,795860396.01
5146,146,146,146,VN00146,146,TRX05146,0.0,225432167.99
5147,147,147,147,VN00147,147,TRX05147,781318302.13,0.0
5148,148,148,148,VN00148,148,TRX05148,0.0,538940793.4
5149,149,149,149,VN00149,149,TRX05149,0.0,271662447.09
5150,150,150,150,VN00150,150,TRX05150,0.0,620564485.5
5151,151,151,151,VN00151,151,TRX05151,902662132.79,0.0
5152,152,152,152,VN00152,152,TRX05152,550015622.82,0.0
5153,153,153,153,VN00153,153,TRX05153,233727591.43,0.0
5154,154,154,154,VN00154,154,TRX05154,0.0,588989662.08
5155,155,155,155,VN00155,155,TRX05155,0.0,780578957.22
5156,156,156,156,VN00156,156,TRX05156,734799295.47,0.0
5157,157,157,157,VN00157,157,TRX05157,808438711.17,0.0
5158,158,158,158,VN00158,158,TRX05158,935214782.32,0.0
5159,159,159,159,VN00159,159,TRX05159,0.0,574326082.17
5160,160,160,160,VN00160,160,TRX05160,0.0,457639697.4
5161,161,161,161,VN00161,161,TRX05161,802566606.76,0.0
5162,162,162,162,VN00162,162,TRX05162,0.0,427378249.23
5163,163,163,163,VN00163,163,TRX05163,327151364.22,0.0
5164,164,164,164,VN00164,164,TRX05164,207985811.88,0.0
5165,165,165,165,VN00165,165,TRX05165,0.0,810090564.15
5166,166,166,166,VN00166,166,TRX05166,884732629.74,0.0
5167,167,167,167,VN00167,167,TRX05167,0.0,891676998.26
5168,168,168,168,VN00168,168,TRX05168,579003681.59,0.0
5169,169,169,169,VN00169,169,TRX05169,698902170.55,0.0
5170,170,170,170,VN00170,170,TRX05170,0.0,784365621.97
5171,171,171,171,VN00171,171,TRX05171,557405294.53,0.0
5172,172,172,172,VN00172,172,TRX05172,0.0,954681625.7
5173,173,173,173,VN00173,173,TRX05173,523429565.69,0.0
5174,174,174,174,VN00174,174,TRX05174,191947488.11,0.0
5175,175,175,175,VN00175,175,TRX05175,0.0,537861740.25
5176,176,176,176,VN00176,176,TRX05176,0.0,101674278.24
5177,177,177,177,VN00177,177,TRX05177,0.0,207768753.48
5178,178,178,178,VN00178,178,TRX05178,121333398.36,0.0
5179,179,179,179,VN00179,179,TRX05179,0.0,354078182.64
5180,180,180,180,VN00180,180,TRX05180,0.0,4407100.78
5181,181,181,181,VN00181,181,TRX05181,0.0,274148106.82
5182,182,182,182,VN00182,182,TRX05182,0.0,368211414.38
5183,183,183,183,VN00183,183,TRX05183,0.0,588047483.69
5184,184,184,184,VN00184,184,TRX05184,0.0,457958025.96
5185,185,185,185,VN00185,185,TRX05185,0.0,595355252.66
5186,186,186,186,VN00186,186,TRX05186,890564019.32,0.0
5187,187,187,187,VN00187,187,TRX05187,767409591.44,0.0
5188,188,188,188,VN00188,188,TRX05188,261723530.09,0.0
5189,189,189,189,VN00189,189,TRX05189,548429176.41,0.0
5190,190,190,190,VN00190,190,TRX05190,453180773.24,0.0
5191,191,191,191,VN00191,191,TRX05191,0.0,867841890.13
5192,192,192,192,VN00192,192,TRX05192,249964686.27,0.0
5193,193,193,193,VN00193,193,TRX05193,608530193.87,0.0
5194,194,194,194,VN00194,194,TRX05194,0.0,382142443.26
5195,195,195,195,VN00195,195,TRX05195,0.0,699860025.94
5196,196,196,196,VN00196,196,TRX05196,469976779.79,0.0
5197,197,197,197,VN00197,197,TRX05197,0.0,106842827.7
5198,198,198,198,VN00198,198,TRX05198,672468828.72,0.0
5199,199,199,199,VN00199,199,TRX05199,0.0,5910658.26
5200,200,200,200,VN00200,200,TRX05200,188032502.41,0.0
5201,201,201,201,VN00201,201,TRX05201,868693042.62,0.0
5202,202,202,202,VN00202,202,TRX05202,0.0,435547668.26
5203,203,203,203,VN00203,203,TRX05203,0.0,264778507.04
5204,204,204,204,VN00204,204,TRX05204,485503097.58,0.0
5205,205,205,205,VN00205,205,TRX05205,0.0,783314104.0
5206,206,206,206,VN00206,206,TRX05206,0.0,430780277.79
5207,207,207,207,VN00207,207,TRX05207,820166529.71,0.0
5208,208,208,208,VN00208,208,TRX05208,642857514.35,0.0
5209,209,209,209,VN00209,209,TRX05209,803923253.81,0.0
5210,210,210,210,VN00210,210,TRX05210,725781843.49,0.0
5211,211,211,211,VN00211,211,TRX05211,764376885.06,0.0
5212,212,212,212,VN00212,212,TRX05212,0.0,943863115.58
5213,213,213,213,VN00213,213,TRX05213,0.0,994022091.01
5214,214,214,214,VN00214,214,TRX05214,787972636.81,0.0
5215,215,215,215,VN00215,215,TRX05215,0.0,229026791.48
5216,216,216,216,VN00216,216,TRX05216,0.0,630475441.02
5217,217,217,217,VN00217,217,TRX05217,272097254.26,0.0
5218,218,218,218,VN00218,218,TRX05218,0.0,912729958.87
5219,219,219,219,VN00219,219,TRX05219,0.0,661780892.74
5220,220,220,220,VN00220,220,TRX05220,0.0,434253589.28
5221,221,221,221,VN00221,221,TRX05221,0.0,750094885.11
5222,222,222,222,VN00222,222,TRX05222,635587280.04,0.0
5223,223,223,223,VN00223,223,TRX05223,0.0,132115015.72
5224,224,224,224,VN00224,224,TRX05224,0.0,303167682.39
5225,225,225,225,VN00225,225,TRX05225,456052310.28,0.0
5226,226,226,226,VN00226,226,TRX05226,0.0,518869491.12
5227,227,227,227,VN00227,227,TRX05227,0.0,700197083.79
5228,228,228,228,VN00228,228,TRX05228,0.0,131804730.51
5229,229,229,229,VN00229,229,TRX05229,947533044.88,0.0
5230,230,230,230,VN00230,230,TRX05230,974560734.81,0.0
5231,231,231,231,VN00231,231,TRX05231,0.0,882730216.9
5232,232,232,232,VN00232,232,TRX05232,0.0,709000848.27
5233,233,233,233,VN00233,233,TRX05233,0.0,475492522.23
5234,234,234,234,VN00234,234,TRX05234,316119090.87,0.0
5235,235,235,235,VN00235,235,TRX05235,0.0,29266782.69
5236,236,236,236,VN00236,236,TRX05236,400499711.72,0.0
5237,237,237,237,VN00237,237,TRX05237,715691365.06,0.0
5238,238,238,238,VN00238,238,TRX05238,612347338.69,0.0
5239,239,239,239,VN00239,239,TRX05239,0.0,585701546.49
5240,240,240,240,VN00240,240,TRX05240,0.0,978621479.65
5241,241,241,241,VN00241,241,TRX05241,0.0,194218244.95
5242,242,242,242,VN00242,242,TRX05242,773024653.45,0.0
5243,243,243,243,VN00243,243,TRX05243,0.0,299246299.14
5244,244,244,244,VN00244,244,TRX05244,0.0,101320451.26
5245,245,245,245,VN00245,245,TRX05245,0.0,911169513.5
5246,246,246,246,VN00246,246,TRX05246,0.0,899594194.33
5247,247,247,247,VN00247,247,TRX05247,221332036.87,0.0
5248,248,248,248,VN00248,248,TRX05248,978772343.89,0.0
5249,249,249,249,VN00249,249,TRX05249,0.0,957236016.55
5250,250,250,250,VN00250,250,TRX05250,395251436.31,0.0
5251,1,1,1,VN00001,1,TRX05251,0.0,979293709.13
5252,2,2,2,VN00002,2,TRX05252,0.0,73617415.88
5253,3,3,3,VN00003,3,TRX05253,654219194.06,0.0
5254,4,4,4,VN00004,4,TRX05254,0.0,439493380.08
5255,5,5,5,VN00005,5,TRX05255,107580549.18,0.0
5256,6,6,6,VN00006,6,TRX05256,477111197.17,0.0
5257,7,7,7,VN00007,7,TRX05257,323407740.59,0.0
5258,8,8,8,VN00008,8,TRX05258,633977045.82,0.0
5259,9,9,9,VN00009,9,TRX05259,495380587.55,0.0
5260,10,10,10,VN00010,10,TRX05260,341630485.82,0.0
5261,11,11,11,VN00011,11,TRX05261,202488202.72,0.0
5262,12,12,12,VN00012,12,TRX05262,144821906.44,0.0
5263,13,13,13,VN00013,13,TRX05263,743273062.24,0.0
5264,14,14,14,VN00014,14,TRX05264,0.0,789823895.08
5265,15,15,15,VN00015,15,TRX05265,0.0,343487411.6
5266,16,16,16,VN00016,16,TRX05266,672991513.16,0.0
5267,17,17,17,VN00017,17,TRX05267,626011749.5,0.0
5268,18,18,18,VN00018,18,TRX05268,0.0,389789567.18
5269,19,19,19,VN00019,19,TRX05269,638748268.27,0.0
5270,20,20,20,VN00020,20,TRX05270,0.0,157683699.74
5271,21,21,21,VN00021,21,TRX05271,570237750.42,0.0
5272,22,22,22,VN00022,22,TRX05272,580804164.3,0.0
5273,23,23,23,VN00023,23,TRX05273,0.0,572883433.81
5274,24,24,24,VN00024,24,TRX05274,0.0,892641596.84
5275,25,25,25,VN00025,25,TRX05275,0.0,92925930.78
5276,26,26,26,VN00026,26,TRX05276,0.0,923270444.78
5277,27,27,27,VN00027,27,TRX05277,106357588.77,0.0
5278,28,28,28,VN00028,28,TRX05278,317782489.03,0.0
5279,29,29,29,VN00029,29,TRX05279,364652263.72,0.0
5280,30,30,30,VN00030,30,TRX05280,0.0,47907470.15
5281,31,31,31,VN00031,31,TRX05281,737866980.77,0.0
5282,32,32,32,VN00032,32,TRX05282,33955316.14,0.0
5283,33,33,33,VN00033,33,TRX05283,0.0,308028859.06
5284,34,34,34,VN00034,34,TRX05284,103165251.91,0.0
5285,35,35,35,VN00035,35,TRX05285,234772879.1,0.0
5286,36,36,36,VN00036,36,TRX05286,0.0,701088031.94
5287,37,37,37,VN00037,37,TRX05287,638306459.75,0.0
5288,38,38,38,VN00038,38,TRX05288,990147897.58,0.0
5289,39,39,39,VN00039,39,TRX05289,0.0,918859108.46
5290,40,40,40,VN00040,40,TRX05290,68404140.45,0.0
5291,41,41,41,VN00041,41,TRX05291,111334675.24,0.0
5292,42,42,42,VN00042,42,TRX05292,536288011.53,0.0
5293,43,43,43,VN00043,43,TRX05293,0.0,8540042.73
5294,44,44,44,VN00044,44,TRX05294,712366218.9,0.0
5295,45,45,45,VN00045,45,TRX05295,0.0,411697727.08
5296,46,46,46,VN00046,46,TRX05296,25647719.71,0.0
5297,47,47,47,VN00047,47,TRX05297,0.0,224881307.9
5298,48,48,48,VN00048,48,TRX05298,0.0,858724857.94
5299,49,49,49,VN00049,49,TRX05299,0.0,287465323.86
5300,50,50,50,VN00050,50,TRX05300,711679297.17,0.0
5301,51,51,51,VN00051,51,TRX05301,596493113.31,0.0
5302,52,52,52,VN00052,52,TRX05302,702360665.73,0.0
5303,53,53,53,VN00053,53,TRX05303,329859889.72,0.0
5304,54,54,54,VN00054,54,TRX05304,810159933.97,0.0
5305,55,55,55,VN00055,55,TRX05305,68195368.95,0.0
5306,56,56,56,VN00056,56,TRX05306,0.0,293074888.77
5307,57,57,57,VN00057,57,TRX05307,958155029.69,0.0
5308,58,58,58,VN00058,58,TRX05308,570690915.39,0.0
5309,59,59,59,VN00059,59,TRX05309,221867130.92,0.0
5310,60,60,60,VN00060,60,TRX05310,543662378.45,0.0
5311,61,61,61,VN00061,61,TRX05311,248832592.38,0.0
5312,62,62,62,VN00062,62,TRX05312,331595621.62,0.0
5313,63,63,63,VN00063,63,TRX05313,124711.31,0.0
5314,64,64,64,VN00064,64,TRX05314,0.0,236487870.84
5315,65,65,65,VN00065,65,TRX05315,0.0,315295310.7
5316,66,66,66,VN00066,66,TRX05316,0.0,692489387.84
5317,67,67,67,VN00067,67,TRX05317,0.0,258387067.55
5318,68,68,68,VN00068,68,TRX05318,0.0,103018076.48
5319,69,69,69,VN00069,69,TRX05319,18091415.58,0.0
5320,70,70,70,VN00070,70,TRX05320,0.0,176331826.38
5321,71,71,71,VN00071,71,TRX05321,333546843.08,0.0
5322,72,72,72,VN00072,72,TRX05322,0.0,122024859.62
5323,73,73,73,VN00073,73,TRX05323,117380400.53,0.0
5324,74,74,74,VN00074,74,TRX05324,537030493.0,0.0
5325,75,75,75,VN00075,75,TRX05325,778571231.61,0.0
5326,76,76,76,VN00076,76,TRX05326,0.0,486350878.12
5327,77,77,77,VN00077,77,TRX05327,819334289.96,0.0
5328,78,78,78,VN00078,78,TRX05328,688389527.97,0.0
5329,79,79,79,VN00079,79,TRX05329,286442361.29,0.0
5330,80,80,80,VN00080,80,TRX05330,834495527.28,0.0
5331,81,81,81,VN00081,81,TRX05331,0.0,286464598.73
5332,82,82,82,VN00082,82,TRX05332,265968821.84,0.0
5333,83,83,83,VN00083,83,TRX05333,0.0,554658308.81
5334,84,84,84,VN00084,84,TRX05334,0.0,572705248.24
5335,85,85,85,VN00085,85,TRX05335,0.0,598574451.37
5336,86,86,86,VN00086,86,TRX05336,0.0,348255653.2
5337,87,87,87,VN00087,87,TRX05337,404950659.92,0.0
5338,88,88,88,VN00088,88,TRX05338,374076535.97,0.0
5339,89,89,89,VN00089,89,TRX05339,194566382.56,0.0
5340,90,90,90,VN00090,90,TRX05340,482778515.75,0.0
5341,91,91,91,VN00091,91,TRX05341,241490608.09,0.0
5342,92,92,92,VN00092,92,TRX05342,832124096.04,0.0
5343,93,93,93,VN00093,93,TRX05343,0.0,486510763.9
5344,94,94,94,VN00094,94,TRX05344,0.0,12691574.1
5345,95,95,95,VN00095,95,TRX05345,0.0,235166343.7
5346,96,96,96,VN00096,96,TRX05346,56397623.86,0.0
5347,97,97,97,VN00097,97,TRX05347,569910144.81,0.0
5348,98,98,98,VN00098,98,TRX05348,753328304.5,0.0
5349,99,99,99,VN00099,99,TRX05349,0.0,859264349.53
5350,100,100,100,VN00100,100,TRX05350,0.0,757318310.13
5351,101,101,101,VN00101,101,TRX05351,0.0,430810944.51
5352,102,102,102,VN00102,102,TRX05352,0.0,482232649.0
5353,103,103,103,VN00103,103,TRX05353,0.0,862133513.82
5354,104,104,104,VN00104,104,TRX05354,0.0,568830297.28
5355,105,105,105,VN00105,105,TRX05355,0.0,511995632.13
5356,106,106,106,VN00106,106,TRX05356,0.0,986500032.08
5357,107,107,107,VN00107,107,TRX05357,585406237.98,0.0
5358,108,108,108,VN00108,108,TRX05358,0.0,756099941.49
5359,109,109,109,VN00109,109,TRX05359,0.0,945885906.49
5360,110,110,110,VN00110,110,TRX05360,0.0,561715637.33
5361,111,111,111,VN00111,111,TRX05361,865800271.63,0.0
5362,112,112,112,VN00112,112,TRX05362,0.0,29580196.55
5363,113,113,113,VN00113,113,TRX05363,0.0,223635767.28
5364,114,114,114,VN00114,114,TRX05364,664801598.27,0.0
5365,115,115,115,VN00115,115,TRX05365,360327347.52,0.0
5366,116,116,116,VN00116,116,TRX05366,0.0,512450123.16
5367,117,117,117,VN00117,117,TRX05367,0.0,974512718.04
5368,118,118,118,VN00118,118,TRX05368,0.0,14130786.81
5369,119,119,119,VN00119,119,TRX05369,0.0,194343619.83
5370,120,120,120,VN00120,120,TRX05370,0.0,262047638.57
5371,121,121,121,VN00121,121,TRX05371,717362633.77,0.0
5372,122,122,122,VN00122,122,TRX05372,0.0,710884375.45
5373,123,123,123,VN00123,123,TRX05373,317722562.91,0.0
5374,124,124,124,VN00124,124,TRX05374,0.0,628484236.92
5375,125,125,125,VN00125,125,TRX05375,0.0,612587733.42
5376,126,126,126,VN00126,126,TRX05376,0.0,335854985.06
5377,127,127,127,VN00127,127,TRX05377,0.0,903743921.05
5378,128,128,128,VN00128,128,TRX05378,818029934.17,0.0
5379,129,129,129,VN00129,129,TRX05379,0.0,390235288.13
5380,130,130,130,VN00130,130,TRX05380,49502234.13,0.0
5381,131,131,131,VN00131,131,TRX05381,357977405.67,0.0
5382,132,132,132,VN00132,132,TRX05382,675195251.96,0.0
5383,133,133,133,VN00133,133,TRX05383,0.0,178291571.87
5384,134,134,134,VN00134,134,TRX05384,0.0,990547241.52
5385,135,135,135,VN00135,135,TRX05385,0.0,731879087.36
5386,136,136,136,VN00136,136,TRX05386,0.0,406368891.11
5387,137,137,137,VN00137,137,TRX05387,0.0,393203398.2
5388,138,138,138,VN00138,138,TRX05388,817595001.56,0.0
5389,139,139,139,VN00139,139,TRX05389,638457055.04,0.0
5390,140,140,140,VN00140,140,TRX05390,504307194.03,0.0
5391,141,141,141,VN00141,141,TRX05391,0.0,689642058.01
5392,142,142,142,VN00142,142,TRX05392,0.0,685117323.46
5393,143,143,143,VN00143,143,TRX05393,564038632.78,0.0
5394,144,144,144,VN00144,144,TRX05394,923921478.11,0.0
5395,145,145,145,VN00145,145,TRX05395,303979014.95,0.0
5396,146,146,146,VN00146,146,TRX05396,0.0,770240264.44
5397,147,147,147,VN00147,147,TRX05397,0.0,679441927.81
5398,148,148,148,VN00148,148,TRX05398,0.0,137384251.87
5399,149,149,149,VN00149,149,TRX05399,0.0,595133135.61
5400,150,150,150,VN00150,150,TRX05400,0.0,477466069.6
5401,151,151,151,VN00151,151,TRX05401,872427384.57,0.0
5402,152,152,152,VN00152,152,TRX05402,966630235.11,0.0
5403,153,153,153,VN00153,153,TRX05403,0.0,425592103.03
5404,154,154,154,VN00154,154,TRX05404,2429286.45,0.0
5405,155,155,155,VN00155,155,TRX05405,0.0,364691637.0
5406,156,156,156,VN00156,156,TRX05406,0.0,142916785.31
5407,157,157,157,VN00157,157,TRX05407,810884639.25,0.0
5408,158,158,158,VN00158,158,TRX05408,805600840.86,0.0
5409,159,159,159,VN00159,159,TRX05409,121898455.96,0.0
5410,160,160,160,VN00160,160,TRX05410,511896287.67,0.0
5411,161,161,161,VN00161,161,TRX05411,915531107.07,0.0
5412,162,162,162,VN00162,162,TRX05412,0.0,985145173.17
5413,163,163,163,VN00163,163,TRX05413,645308617.75,0.0
5414,164,164,164,VN00164,164,TRX05414,745584594.24,0.0
5415,165,165,165,VN00165,165,TRX05415,0.0,373203870.27
5416,166,166,166,VN00166,166,TRX05416,592987857.17,0.0
5417,167,167,167,VN00167,167,TRX05417,500703624.87,0.0
5418,168,168,168,VN00168,168,TRX05418,464028603.38,0.0
5419,169,169,169,VN00169,169,TRX05419,321147604.2,0.0
5420,170,170,170,VN00170,170,TRX05420,0.0,838312564.34
5421,171,171,171,VN00171,171,TRX05421,181182273.91,0.0
5422,172,172,172,VN00172,172,TRX05422,0.0,164272421.82
5423,173,173,173,VN00173,173,TRX05423,213838557.4,0.0
5424,174,174,174,VN00174,174,TRX05424,49918815.88,0.0
5425,175,175,175,VN00175,175,TRX05425,0.0,305044483.43
5426,176,176,176,VN00176,176,TRX05426,799823451.15,0.0
5427,177,177,177,VN00177,177,TRX05427,230243352.17,0.0
5428,178,178,178,VN00178,178,TRX05428,0.0,338217513.39
5429,179,179,179,VN00179,179,TRX05429,721021923.84,0.0
5430,180,180,180,VN00180,180,TRX05430,628262650.17,0.0
5431,181,181,181,VN00181,181,TRX05431,589402081.4,0.0
5432,182,182,182,VN00182,182,TRX05432,0.0,632924834.29
5433,183,183,183,VN00183,183,TRX05433,0.0,253143187.42
5434,184,184,184,VN00184,184,TRX05434,247808328.12,0.0
5435,185,185,185,VN00185,185,TRX05435,145013011.23,0.0
5436,186,186,186,VN00186,186,TRX05436,584368166.23,0.0
5437,187,187,187,VN00187,187,TRX05437,771305292.78,0.0
5438,188,188,188,VN00188,188,TRX05438,440013394.53,0.0
5439,189,189,189,VN00189,189,TRX05439,0.0,142683962.29
5440,190,190,190,VN00190,190,TRX05440,0.0,812561392.72
5441,191,191,191,VN00191,191,TRX05441,452306167.39,0.0
5442,192,192,192,VN00192,192,TRX05442,746357265.94,0.0
5443,193,193,193,VN00193,193,TRX05443,0.0,931995279.5
5444,194,194,194,VN00194,194,TRX05444,0.0,500450458.79
5445,195,195,195,VN00195,195,TRX05445,334794592.99,0.0
5446,196,196,196,VN00196,196,TRX05446,0.0,900708555.58
5447,197,197,197,VN00197,197,TRX05447,677087413.66,0.0
5448,198,198,198,VN00198,198,TRX05448,415894151.92,0.0
5449,199,199,199,VN00199,199,TRX05449,0.0,426285132.89
5450,200,200,200,VN00200,200,TRX05450,0.0,879325647.32
5451,201,201,201,VN00201,201,TRX05451,0.0,154255135.8
5452,202,202,202,VN00202,202,TRX05452,0.0,789059004.05
5453,203,203,203,VN00203,203,TRX05453,0.0,854101587.7
5454,204,204,204,VN00204,204,TRX05454,0.0,731674269.87
5455,205,205,205,VN00205,205,TRX05455,191224580.01,0.0
5456,206,206,206,VN00206,206,TRX05456,964347562.48,0.0
5457,207,207,207,VN00207,207,TRX05457,700350384.75,0.0
5458,208,208,208,VN00208,208,TRX05458,580336832.05,0.0
5459,209,209,209,VN00209,209,TRX05459,586843614.35,0.0
5460,210,210,210,VN00210,210,TRX05460,0.0,662510464.35
5461,211,211,211,VN00211,211,TRX05461,365892795.05,0.0
5462,212,212,212,VN00212,212,TRX05462,0.0,798922519.18
5463,213,213,213,VN00213,213,TRX05463,0.0,217194806.29
5464,214,214,214,VN00214,214,TRX05464,0.0,406077201.6
5465,215,215,215,VN00215,215,TRX05465,0.0,183928219.5
5466,216,216,216,VN00216,216,TRX05466,634770062.22,0.0
5467,217,217,217,VN00217,217,TRX05467,0.0,583761798.12
5468,218,218,218,VN00218,218,TRX05468,0.0,717841677.66
5469,219,219,219,VN00219,219,TRX05469,518847441.7,0.0
5470,220,220,220,VN00220,220,TRX05470,0.0,765048935.8
5471,221,221,221,VN00221,221,TRX05471,60776294.83,0.0
5472,222,222,222,VN00222,222,TRX05472,472709554.52,0.0
5473,223,223,223,VN00223,223,TRX05473,0.0,175786844.69
5474,224,224,224,VN00224,224,TRX05474,355640481.63,0.0
5475,225,225,225,VN00225,225,TRX05475,0.0,154918422.03
5476,226,226,226,VN00226,226,TRX05476,0.0,326217215.08
5477,227,227,227,VN00227,227,TRX05477,137320434.23,0.0
5478,228,228,228,VN00228,228,TRX05478,0.0,224572467.31
5479,229,229,229,VN00229,229,TRX05479,0.0,177112073.79
5480,230,230,230,VN00230,230,TRX05480,0.0,138792898.07
5481,231,231,231,VN00231,231,TRX05481,0.0,717427830.43
5482,232,232,232,VN00232,232,TRX05482,120136881.68,0.0
5483,233,233,233,VN00233,233,TRX05483,237863325.69,0.0
5484,234,234,234,VN00234,234,TRX05484,0.0,476778354.92
5485,235,235,235,VN00235,235,TRX05485,0.0,690352406.47
5486,236,236,236,VN00236,236,TRX05486,94492716.7,0.0
5487,237,237,237,VN00237,237,TRX05487,0.0,676056787.37
5488,238,238,238,VN00238,238,TRX05488,0.0,601481563.75
5489,239,239,239,VN00239,239,TRX05489,0.0,249894056.86
5490,240,240,240,VN00240,240,TRX05490,175949736.64,0.0
5491,241,241,241,VN00241,241,TRX05491,971460287.89,0.0
5492,242,242,242,VN00242,242,TRX05492,0.0,184157754.8
5493,243,243,243,VN00243,243,TRX05493,0.0,950251323.64
5494,244,244,244,VN00244,244,TRX05494,494866214.24,0.0
5495,245,245,245,VN00245,245,TRX05495,0.0,886798451.15
5496,246,246,246,VN00246,246,TRX05496,88543538.56,0.0
5497,247,247,247,VN00247,247,TRX05497,617818700.06,0.0
5498,248,248,248,VN00248,248,TRX05498,0.0,362663832.02
5499,249,249,249,VN00249,249,TRX05499,651210221.88,0.0
5500,250,250,250,VN00250,250,TRX05500,570972695.01,0.0
5501,1,1,1,VN00001,1,TRX05501,807151474.5,0.0
5502,2,2,2,VN00002,2,TRX05502,0.0,36162105.24
5503,3,3,3,VN00003,3,TRX05503,0.0,776985901.32
5504,4,4,4,VN00004,4,TRX05504,0.0,856509540.64
5505,5,5,5,VN00005,5,TRX05505,0.0,738824470.28
5506,6,6,6,VN00006,6,TRX05506,1396897.2,0.0
5507,7,7,7,VN00007,7,TRX05507,0.0,15943924.8
5508,8,8,8,VN00008,8,TRX05508,0.0,971228673.13
5509,9,9,9,VN00009,9,TRX05509,0.0,429397027.82
5510,10,10,10,VN00010,10,TRX05510,342306922.8,0.0
5511,11,11,11,VN00011,11,TRX05511,0.0,355159115.68
5512,12,12,12,VN00012,12,TRX05512,645678568.08,0.0
5513,13,13,13,VN00013,13,TRX05513,0.0,570078841.31
5514,14,14,14,VN00014,14,TRX05514,77389862.25,0.0
5515,15,15,15,VN00015,15,TRX05515,0.0,82750010.2
5516,16,16,16,VN00016,16,TRX05516,0.0,341835218.12
5517,17,17,17,VN00017,17,TRX05517,0.0,357049625.65
5518,18,18,18,VN00018,18,TRX05518,404735075.38,0.0
5519,19,19,19,VN00019,19,TRX05519,0.0,523670655.24
5520,20,20,20,VN00020,20,TRX05520,0.0,386908913.8
5521,21,21,21,VN00021,21,TRX05521,0.0,619031789.25
5522,22,22,22,VN00022,22,TRX05522,689950699.8,0.0
5523,23,23,23,VN00023,23,TRX05523,0.0,149250516.95
5524,24,24,24,VN00024,24,TRX05524,0.0,102847031.28
5525,25,25,25,VN00025,25,TRX05525,0.0,37702219.96
5526,26,26,26,VN00026,26,TRX05526,835053696.15,0.0
5527,27,27,27,VN00027,27,TRX05527,217925716.1,0.0
5528,28,28,28,VN00028,28,TRX05528,0.0,339177305.92
5529,29,29,29,VN00029,29,TRX05529,123389249.69,0.0
5530,30,30,30,VN00030,30,TRX05530,0.0,933100190.06
5531,31,31,31,VN00031,31,TRX05531,564745943.8,0.0
5532,32,32,32,VN00032,32,TRX05532,460394366.45,0.0
5533,33,33,33,VN00033,33,TRX05533,0.0,544402467.88
5534,34,34,34,VN00034,34,TRX05534,0.0,266665536.48
5535,35,35,35,VN00035,35,TRX05535,0.0,115639557.63
5536,36,36,36,VN00036,36,TRX05536,0.0,771091133.99
5537,37,37,37,VN00037,37,TRX05537,0.0,683355047.91
5538,38,38,38,VN00038,38,TRX05538,0.0,857861175.1
5539,39,39,39,VN00039,39,TRX05539,0.0,358637312.52
5540,40,40,40,VN00040,40,TRX05540,0.0,436808485.52
5541,41,41,41,VN00041,41,TRX05541,833950598.13,0.0
5542,42,42,42,VN00042,42,TRX05542,557757646.85,0.0
5543,43,43,43,VN00043,43,TRX05543,0.0,660766665.04
5544,44,44,44,VN00044,44,TRX05544,186679589.63,0.0
5545,45,45,45,VN00045,45,TRX05545,0.0,922476873.22
5546,46,46,46,VN00046,46,TRX05546,0.0,371226420.94
5547,47,47,47,VN00047,47,TRX05547,0.0,708687878.73
5548,48,48,48,VN00048,48,TRX05548,0.0,745130758.17
5549,49,49,49,VN00049,49,TRX05549,705180836.93,0.0
5550,50,50,50,VN00050,50,TRX05550,636522685.57,0.0
5551,51,51,51,VN00051,51,TRX05551,0.0,663966047.51
5552,52,52,52,VN00052,52,TRX05552,236165210.4,0.0
5553,53,53,53,VN00053,53,TRX05553,831244424.36,0.0
5554,54,54,54,VN00054,54,TRX05554,772474395.11,0.0
5555,55,55,55,VN00055,55,TRX05555,0.0,686287566.53
5556,56,56,56,VN00056,56,TRX05556,631773193.79,0.0
5557,57,57,57,VN00057,57,TRX05557,0.0,491338960.46
5558,58,58,58,VN00058,58,TRX05558,0.0,566758562.95
5559,59,59,59,VN00059,59,TRX05559,741862429.09,0.0
5560,60,60,60,VN00060,60,TRX05560,301781301.39,0.0
5561,61,61,61,VN00061,61,TRX05561,0.0,950661424.95
5562,62,62,62,VN00062,62,TRX05562,327071166.46,0.0
5563,63,63,63,VN00063,63,TRX05563,763028038.97,0.0
5564,64,64,64,VN00064,64,TRX05564,0.0,426401777.65
5565,65,65,65,VN00065,65,TRX05565,0.0,880776411.54
5566,66,66,66,VN00066,66,TRX05566,0.0,428329761.06
5567,67,67,67,VN00067,67,TRX05567,0.0,466970422.92
5568,68,68,68,VN00068,68,TRX05568,0.0,424813362.32
5569,69,69,69,VN00069,69,TRX05569,243080755.68,0.0
5570,70,70,70,VN00070,70,TRX05570,162380865.72,0.0
5571,71,71,71,VN00071,71,TRX05571,746987522.44,0.0
5572,72,72,72,VN00072,72,TRX05572,563503176.93,0.0
5573,73,73,73,VN00073,73,TRX05573,472275958.48,0.0
5574,74,74,74,VN00074,74,TRX05574,889895193.59,0.0
5575,75,75,75,VN00075,75,TRX05575,0.0,23592482.63
5576,76,76,76,VN00076,76,TRX05576,0.0,726944475.07
5577,77,77,77,VN00077,77,TRX05577,0.0,622191762.26
5578,78,78,78,VN00078,78,TRX05578,2429713.05,0.0
5579,79,79,79,VN00079,79,TRX05579,370201082.45,0.0
5580,80,80,80,VN00080,80,TRX05580,503125900.88,0.0
5581,81,81,81,VN00081,81,TRX05581,0.0,659712724.41
5582,82,82,82,VN00082,82,TRX05582,0.0,361072469.26
5583,83,83,83,VN00083,83,TRX05583,221095864.59,0.0
5584,84,84,84,VN00084,84,TRX05584,469046696.68,0.0
5585,85,85,85,VN00085,85,TRX05585,0.0,658401268.57
5586,86,86,86,VN00086,86,TRX05586,0.0,947577549.89
5587,87,87,87,VN00087,87,TRX05587,142750638.4,0.0
5588,88,88,88,VN00088,88,TRX05588,560985505.18,0.0
5589,89,89,89,VN00089,89,TRX05589,134188668.99,0.0
5590,90,90,90,VN00090,90,TRX05590,0.0,187692952.16
5591,91,91,91,VN00091,91,TRX05591,0.0,224003422.88
5592,92,92,92,VN00092,92,TRX05592,0.0,964130318.14
5593,93,93,93,VN00093,93,TRX05593,524164082.62,0.0
5594,94,94,94,VN00094,94,TRX05594,476597250.38,0.0
5595,95,95,95,VN00095,95,TRX05595,0.0,730435742.3
5596,96,96,96,VN00096,96,TRX05596,0.0,302251439.49
5597,97,97,97,VN00097,97,TRX05597,731694946.04,0.0
5598,98,98,98,VN00098,98,TRX05598,822080143.14,0.0
5599,99,99,99,VN00099,99,TRX05599,0.0,217235300.11
5600,100,100,100,VN00100,100,TRX05600,593402084.24,0.0
5601,101,101,101,VN00101,101,TRX05601,0.0,26672630.53
5602,102,102,102,VN00102,102,TRX05602,0.0,105326618.81
5603,103,103,103,VN00103,103,TRX05603,557395647.8,0.0
5604,104,104,104,VN00104,104,TRX05604,0.0,560193980.65
5605,105,105,105,VN00105,105,TRX05605,0.0,315286312.54
5606,106,106,106,VN00106,106,TRX05606,0.0,187817273.02
5607,107,107,107,VN00107,107,TRX05607,690825914.66,0.0
5608,108,108,108,VN00108,108,TRX05608,0.0,315374112.94
5609,109,109,109,VN00109,109,TRX05609,558258582.07,0.0
5610,110,110,110,VN00110,110,TRX05610,820802986.2,0.0
5611,111,111,111,VN00111,111,TRX05611,0.0,776081658.47
5612,112,112,112,VN00112,112,TRX05612,342782681.46,0.0
5613,113,113,113,VN00113,113,TRX05613,737344309.67,0.0
5614,114,114,114,VN00114,114,TRX05614,416041258.98,0.0
5615,115,115,115,VN00115,115,TRX05615,67237280.5,0.0
5616,116,116,116,VN00116,116,TRX05616,0.0,860569766.76
5617,117,117,117,VN00117,117,TRX05617,0.0,468970586.19
5618,118,118,118,VN00118,118,TRX05618,0.0,926580083.44
5619,119,119,119,VN00119,119,TRX05619,761436073.91,0.0
5620,120,120,120,VN00120,120,TRX05620,389734163.01,0.0
5621,121,121,121,VN00121,121,TRX05621,217416393.18,0.0
5622,122,122,122,VN00122,122,TRX05622,236359592.24,0.0
5623,123,123,123,VN00123,123,TRX05623,512364614.98,0.0
5624,124,124,124,VN00124,124,TRX05624,0.0,689483019.94
5625,125,125,125,VN00125,125,TRX05625,562847693.22,0.0
5626,126,126,126,VN00126,126,TRX05626,514449538.64,0.0
5627,127,127,127,VN00127,127,TRX05627,0.0,896708194.6
5628,128,128,128,VN00128,128,TRX05628,133290196.93,0.0
5629,129,129,129,VN00129,129,TRX05629,0.0,468685959.03
5630,130,130,130,VN00130,130,TRX05630,0.0,76219296.28
5631,131,131,131,VN00131,131,TRX05631,0.0,392049564.38
5632,132,132,132,VN00132,132,TRX05632,0.0,662642115.68
5633,133,133,133,VN00133,133,TRX05633,234088938.51,0.0
5634,134,134,134,VN00134,134,TRX05634,0.0,678720919.14
5635,135,135,135,VN00135,135,TRX05635,989292995.09,0.0
5636,136,136,136,VN00136,136,TRX05636,0.0,39096950.32
5637,137,137,137,VN00137,137,TRX05637,737694186.74,0.0
5638,138,138,138,VN00138,138,TRX05638,0.0,638813643.42
5639,139,139,139,VN00139,139,TRX05639,711392570.78,0.0
5640,140,140,140,VN00140,140,TRX05640,267773863.25,0.0
5641,141,141,141,VN00141,141,TRX05641,0.0,566816257.14
5642,142,142,142,VN00142,142,TRX05642,0.0,720159714.52
5643,143,143,143,VN00143,143,TRX05643,0.0,471926068.74
5644,144,144,144,VN00144,144,TRX05644,690822433.08,0.0
5645,145,145,145,VN00145,145,TRX05645,0.0,500530546.78
5646,146,146,146,VN00146,146,TRX05646,722956406.37,0.0
5647,147,147,147,VN00147,147,TRX05647,0.0,442647615.28
5648,148,148,148,VN00148,148,TRX05648,0.0,488216133.93
5649,149,149,149,VN00149,149,TRX05649,0.0,786166782.2
5650,150,150,150,VN00150,150,TRX05650,0.0,817701187.52
5651,151,151,151,VN00151,151,TRX05651,10153558.14,0.0
5652,152,152,152,VN00152,152,TRX05652,0.0,699649090.19
5653,153,153,153,VN00153,153,TRX05653,0.0,742759459.59
5654,154,154,154,VN00154,154,TRX05654,852014970.82,0.0
5655,155,155,155,VN00155,155,TRX05655,0.0,364339268.69
5656,156,156,156,VN00156,156,TRX05656,0.0,918110243.37
5657,157,157,157,VN00157,157,TRX05657,606564268.99,0.0
5658,158,158,158,VN00158,158,TRX05658,93741857.7,0.0
5659,159,159,159,VN00159,159,TRX05659,0.0,862686430.68
5660,160,160,160,VN00160,160,TRX05660,66162485.77,0.0
5661,161,161,161,VN00161,161,TRX05661,27405285.04,0.0
5662,162,162,162,VN00162,162,TRX05662,0.0,541271475.17
5663,163,163,163,VN00163,163,TRX05663,818448408.08,0.0
5664,164,164,164,VN00164,164,TRX05664,0.0,137067604.93
5665,165,165,165,VN00165,165,TRX05665,122147908.24,0.0
5666,166,166,166,VN00166,166,TRX05666,432953292.56,0.0
5667,167,167,167,VN00167,167,TRX05667,0.0,944078466.43
5668,168,168,168,VN00168,168,TRX05668,554599273.81,0.0
5669,169,169,169,VN00169,169,TRX05669,710294818.31,0.0
5670,170,170,170,VN00170,170,TRX05670,850038282.15,0.0
5671,171,171,171,VN00171,171,TRX05671,0.0,525630441.48
5672,172,172,172,VN00172,172,TRX05672,0.0,598320849.19
5673,173,173,173,VN00173,173,TRX05673,302901679.66,0.0
5674,174,174,174,VN00174,174,TRX05674,316639176.56,0.0
5675,175,175,175,VN00175,175,TRX05675,0.0,258330343.28
5676,176,176,176,VN00176,176,TRX05676,642576324.53,0.0
5677,177,177,177,VN00177,177,TRX05677,425886197.93,0.0
5678,178,178,178,VN00178,178,TRX05678,0.0,211726506.71
5679,179,179,179,VN00179,179,TRX05679,210922663.37,0.0
5680,180,180,180,VN00180,180,TRX05680,0.0,686910533.11
5681,181,181,181,VN00181,181,TRX05681,0.0,705237353.82
5682,182,182,182,VN00182,182,TRX05682,0.0,12445542.71
5683,183,183,183,VN00183,183,TRX05683,0.0,688852618.25
5684,184,184,184,VN00184,184,TRX05684,0.0,406215532.05
5685,185,185,185,VN00185,185,TRX05685,0.0,23849122.49
5686,186,186,186,VN00186,186,TRX05686,0.0,11670604.02
5687,187,187,187,VN00187,187,TRX05687,0.0,717524258.38
5688,188,188,188,VN00188,188,TRX05688,0.0,482796267.77
5689,189,189,189,VN00189,189,TRX05689,710354250.65,0.0
5690,190,190,190,VN00190,190,TRX05690,0.0,119400394.84
5691,191,191,191,VN00191,191,TRX05691,678188641.35,0.0
5692,192,192,192,VN00192,192,TRX05692,28833716.91,0.0
5693,193,193,193,VN00193,193,TRX05693,0.0,419880236.56
5694,194,194,194,VN00194,194,TRX05694,0.0,659513170.37
5695,195,195,195,VN00195,195,TRX05695,0.0,924200586.09
5696,196,196,196,VN00196,196,TRX05696,0.0,918557625.28
5697,197,197,197,VN00197,197,TRX05697,0.0,90685800.03
5698,198,198,198,VN00198,198,TRX05698,538691077.89,0.0
5699,199,199,199,VN00199,199,TRX05699,746049411.15,0.0
5700,200,200,200,VN00200,200,TRX05700,850889241.88,0.0
5701,201,201,201,VN00201,201,TRX05701,930141903.0,0.0
5702,202,202,202,VN00202,202,TRX05702,0.0,828072810.71
5703,203,203,203,VN00203,203,TRX05703,215979658.26,0.0
5704,204,204,204,VN00204,204,TRX05704,457313119.45,0.0
5705,205,205,205,VN00205,205,TRX05705,309581443.02,0.0
5706,206,206,206,VN00206,206,TRX05706,110986967.94,0.0
5707,207,207,207,VN00207,207,TRX05707,0.0,456634693.71
5708,208,208,208,VN00208,208,TRX05708,0.0,667444428.21
5709,209,209,209,VN00209,209,TRX05709,0.0,304203183.81
5710,210,210,210,VN00210,210,TRX05710,0.0,680618249.85
5711,211,211,211,VN00211,211,TRX05711,0.0,951037407.45
5712,212,212,212,VN00212,212,TRX05712,0.0,689416526.4
5713,213,213,213,VN00213,213,TRX05713,651499482.23,0.0
5714,214,214,214,VN00214,214,TRX05714,211826069.0,0.0
5715,215,215,215,VN00215,215,TRX05715,458741226.84,0.0
5716,216,216,216,VN00216,216,TRX05716,0.0,685163865.93
5717,217,217,217,VN00217,217,TRX05717,934764752.84,0.0
5718,218,218,218,VN00218,218,TRX05718,490628416.8,0.0
5719,219,219,219,VN00219,219,TRX05719,913022678.11,0.0
5720,220,220,220,VN00220,220,TRX05720,0.0,474237106.3
5721,221,221,221,VN00221,221,TRX05721,894282390.46,0.0
5722,222,222,222,VN00222,222,TRX05722,738858034.06,0.0
5723,223,223,223,VN00223,223,TRX05723,0.0,212449848.11
5724,224,224,224,VN00224,224,TRX05724,233015910.49,0.0
5725,225,225,225,VN00225,225,TRX05725,327765523.83,0.0
5726,226,226,226,VN00226,226,TRX05726,0.0,380642717.83
5727,227,227,227,VN00227,227,TRX05727,0.0,640772024.54
5728,228,228,228,VN00228,228,TRX05728,0.0,823931290.04
5729,229,229,229,VN00229,229,TRX05729,46079179.77,0.0
5730,230,230,230,VN00230,230,TRX05730,0.0,715536563.68
5731,231,231,231,VN00231,231,TRX05731,0.0,636928999.11
5732,232,232,232,VN00232,232,TRX05732,0.0,468917769.54
5733,233,233,233,VN00233,233,TRX05733,920928604.09,0.0
5734,234,234,234,VN00234,234,TRX05734,923193519.34,0.0
5735,235,235,235,VN00235,235,TRX05735,0.0,985800065.55
5736,236,236,236,VN00236,236,TRX05736,611005007.19,0.0
5737,237,237,237,VN00237,237,TRX05737,0.0,429891997.43
5738,238,238,238,VN00238,238,TRX05738,0.0,542265906.66
5739,239,239,239,VN00239,239,TRX05739,515061098.27,0.0
5740,240,240,240,VN00240,240,TRX05740,948427895.3,0.0
5741,241,241,241,VN00241,241,TRX05741,27934048.34,0.0
5742,242,242,242,VN00242,242,TRX05742,0.0,615571408.8
5743,243,243,243,VN00243,243,TRX05743,155570469.06,0.0
5744,244,244,244,VN00244,244,TRX05744,0.0,230547097.01
5745,245,245,245,VN00245,245,TRX05745,557641091.12,0.0
5746,246,246,246,VN00246,246,TRX05746,0.0,981166620.44
5747,247,247,247,VN00247,247,TRX05747,88674444.71,0.0
5748,248,248,248,VN00248,248,TRX05748,0.0,286095792.64
5749,249,249,249,VN00249,249,TRX05749,0.0,510298700.6
5750,250,250,250,VN00250,250,TRX05750,26720223.5,0.0
5751,1,1,1,VN00001,1,TRX05751,0.0,316399037.88
5752,2,2,2,VN00002,2,TRX05752,0.0,464876479.6
5753,3,3,3,VN00003,3,TRX05753,755792825.57,0.0
5754,4,4,4,VN00004,4,TRX05754,0.0,850813709.74
5755,5,5,5,VN00005,5,TRX05755,555254950.65,0.0
5756,6,6,6,VN00006,6,TRX05756,173086296.0,0.0
5757,7,7,7,VN00007,7,TRX05757,692807345.33,0.0
5758,8,8,8,VN00008,8,TRX05758,0.0,608855005.12
5759,9,9,9,VN00009,9,TRX05759,956435500.07,0.0
5760,10,10,10,VN00010,10,TRX05760,0.0,407857420.41
5761,11,11,11,VN00011,11,TRX05761,668009301.5,0.0
5762,12,12,12,VN00012,12,TRX05762,0.0,83481994.76
5763,13,13,13,VN00013,13,TRX05763,562605271.0,0.0
5764,14,14,14,VN00014,14,TRX05764,0.0,835260930.31
5765,15,15,15,VN00015,15,TRX05765,849841082.93,0.0
5766,16,16,16,VN00016,16,TRX05766,794922563.89,0.0
5767,17,17,17,VN00017,17,TRX05767,0.0,269828743.16
5768,18,18,18,VN00018,18,TRX05768,0.0,969503751.71
5769,19,19,19,VN00019,19,TRX05769,0.0,207810693.85
5770,20,20,20,VN00020,20,TRX05770,0.0,378353934.89
5771,21,21,21,VN00021,21,TRX05771,0.0,782874336.07
5772,22,22,22,VN00022,22,TRX05772,789853040.74,0.0
5773,23,23,23,VN00023,23,TRX05773,340124619.74,0.0
5774,24,24,24,VN00024,24,TRX05774,0.0,749981062.18
5775,25,25,25,VN00025,25,TRX05775,288604070.33,0.0
5776,26,26,26,VN00026,26,TRX05776,220255302.1,0.0
5777,27,27,27,VN00027,27,TRX05777,374920305.29,0.0
5778,28,28,28,VN00028,28,TRX05778,642958427.22,0.0
5779,29,29,29,VN00029,29,TRX05779,708759824.41,0.0
5780,30,30,30,VN00030,30,TRX05780,848896772.32,0.0
5781,31,31,31,VN00031,31,TRX05781,581846306.62,0.0
5782,32,32,32,VN00032,32,TRX05782,0.0,559853175.85
5783,33,33,33,VN00033,33,TRX05783,0.0,915054771.71
5784,34,34,34,VN00034,34,TRX05784,0.0,424728508.45
5785,35,35,35,VN00035,35,TRX05785,941005000.81,0.0
5786,36,36,36,VN00036,36,TRX05786,0.0,109184803.15
5787,37,37,37,VN00037,37,TRX05787,306402808.23,0.0
5788,38,38,38,VN00038,38,TRX05788,980775121.99,0.0
5789,39,39,39,VN00039,39,TRX05789,0.0,890322118.19
5790,40,40,40,VN00040,40,TRX05790,924902102.8,0.0
5791,41,41,41,VN00041,41,TRX05791,132116697.36,0.0
5792,42,42,42,VN00042,42,TRX05792,0.0,818000647.61
5793,43,43,43,VN00043,43,TRX05793,73635843.31,0.0
5794,44,44,44,VN00044,44,TRX05794,0.0,188128279.24
5795,45,45,45,VN00045,45,TRX05795,0.0,932959125.97
5796,46,46,46,VN00046,46,TRX05796,489049290.19,0.0
5797,47,47,47,VN00047,47,TRX05797,248224244.74,0.0
5798,48,48,48,VN00048,48,TRX05798,568544827.74,0.0
5799,49,49,49,VN00049,49,TRX05799,793808795.64,0.0
5800,50,50,50,VN00050,50,TRX05800,0.0,741356623.67
5801,51,51,51,VN00051,51,TRX05801,0.0,55946099.2
5802,52,52,52,VN00052,52,TRX05802,0.0,514326884.7
5803,53,53,53,VN00053,53,TRX05803,250702829.79,0.0
5804,54,54,54,VN00054,54,TRX05804,540463709.53,0.0
5805,55,55,55,VN00055,55,TRX05805,0.0,509055513.68
5806,56,56,56,VN00056,56,TRX05806,0.0,5090759.28
5807,57,57,57,VN00057,57,TRX05807,0.0,409014054.88
5808,58,58,58,VN00058,58,TRX05808,294853677.44,0.0
5809,59,59,59,VN00059,59,TRX05809,0.0,712866234.75
5810,60,60,60,VN00060,60,TRX05810,865972605.9,0.0
5811,61,61,61,VN00061,61,TRX05811,0.0,352993068.55
5812,62,62,62,VN00062,62,TRX05812,0.0,835252044.02
5813,63,63,63,VN00063,63,TRX05813,0.0,626398950.03
5814,64,64,64,VN00064,64,TRX05814,0.0,400715838.31
5815,65,65,65,VN00065,65,TRX05815,685112310.7,0.0
5816,66,66,66,VN00066,66,TRX05816,203094683.25,0.0
5817,67,67,67,VN00067,67,TRX05817,0.0,827104408.65
5818,68,68,68,VN00068,68,TRX05818,831491872.06,0.0
5819,69,69,69,VN00069,69,TRX05819,0.0,403336525.59
5820,70,70,70,VN00070,70,TRX05820,963275437.24,0.0
5821,71,71,71,VN00071,71,TRX05821,850071394.78,0.0
5822,72,72,72,VN00072,72,TRX05822,785149132.36,0.0
5823,73,73,73,VN00073,73,TRX05823,0.0,407543362.09
5824,74,74,74,VN00074,74,TRX05824,0.0,414324591.91
5825,75,75,75,VN00075,75,TRX05825,403893830.14,0.0
5826,76,76,76,VN00076,76,TRX05826,0.0,12513339.69
5827,77,77,77,VN00077,77,TRX05827,0.0,664537050.94
5828,78,78,78,VN00078,78,TRX05828,0.0,734602918.07
5829,79,79,79,VN00079,79,TRX05829,986098564.51,0.0
5830,80,80,80,VN00080,80,TRX05830,70057405.85,0.0
5831,81,81,81,VN00081,81,TRX05831,815243237.83,0.0
5832,82,82,82,VN00082,82,TRX05832,0.0,864867633.85
5833,83,83,83,VN00083,83,TRX05833,0.0,134440598.88
5834,84,84,84,VN00084,84,TRX05834,0.0,911527567.15
5835,85,85,85,VN00085,85,TRX05835,0.0,413864254.77
5836,86,86,86,VN00086,86,TRX05836,454004422.17,0.0
5837,87,87,87,VN00087,87,TRX05837,549576655.91,0.0
5838,88,88,88,VN00088,88,TRX05838,613222818.05,0.0
5839,89,89,89,VN00089,89,TRX05839,841033076.7,0.0
5840,90,90,90,VN00090,90,TRX05840,825513417.48,0.0
5841,91,91,91,VN00091,91,TRX05841,0.0,945704904.83
5842,92,92,92,VN00092,92,TRX05842,0.0,805074260.7
5843,93,93,93,VN00093,93,TRX05843,0.0,871015487.13
5844,94,94,94,VN00094,94,TRX05844,0.0,939820285.8
5845,95,95,95,VN00095,95,TRX05845,0.0,384647817.93
5846,96,96,96,VN00096,96,TRX05846,0.0,461327617.56
5847,97,97,97,VN00097,97,TRX05847,193152247.25,0.0
5848,98,98,98,VN00098,98,TRX05848,0.0,195964008.19
5849,99,99,99,VN00099,99,TRX05849,59553744.54,0.0
5850,100,100,100,VN00100,100,TRX05850,0.0,91070973.94
5851,101,101,101,VN00101,101,TRX05851,60770751.09,0.0
5852,102,102,102,VN00102,102,TRX05852,168224939.16,0.0
5853,103,103,103,VN00103,103,TRX05853,493453448.41,0.0
5854,104,104,104,VN00104,104,TRX05854,0.0,192351955.29
5855,105,105,105,VN00105,105,TRX05855,0.0,852203262.49
5856,106,106,106,VN00106,106,TRX05856,0.0,886384331.69
5857,107,107,107,VN00107,107,TRX05857,605742452.14,0.0
5858,108,108,108,VN00108,108,TRX05858,246312622.35,0.0
5859,109,109,109,VN00109,109,TRX05859,0.0,371072174.09
5860,110,110,110,VN00110,110,TRX05860,564531021.09,0.0
5861,111,111,111,VN00111,111,TRX05861,0.0,260916346.98
5862,112,112,112,VN00112,112,TRX05862,0.0,95406513.2
5863,113,113,113,VN00113,113,TRX05863,0.0,483240502.57
5864,114,114,114,VN00114,114,TRX05864,260021740.79,0.0
5865,115,115,115,VN00115,115,TRX05865,654164830.23,0.0
5866,116,116,116,VN00116,116,TRX05866,0.0,49294235.97
5867,117,117,117,VN00117,117,TRX05867,50316018.73,0.0
5868,118,118,118,VN00118,118,TRX05868,630359172.78,0.0
5869,119,119,119,VN00119,119,TRX05869,0.0,755696801.21
5870,120,120,120,VN00120,120,TRX05870,0.0,422768576.81
5871,121,121,121,VN00121,121,TRX05871,542318195.23,0.0
5872,122,122,122,VN00122,122,TRX05872,856692974.73,0.0
5873,123,123,123,VN00123,123,TRX05873,0.0,86699715.53
5874,124,124,124,VN00124,124,TRX05874,0.0,145187298.89
5875,125,125,125,VN00125,125,TRX05875,653397734.16,0.0
5876,126,126,126,VN00126,126,TRX05876,0.0,798303092.34
5877,127,127,127,VN00127,127,TRX05877,0.0,511901037.14
5878,128,128,128,VN00128,128,TRX05878,258108727.56,0.0
5879,129,129,129,VN00129,129,TRX05879,0.0,703481110.76
5880,130,130,130,VN00130,130,TRX05880,0.0,632962738.03
5881,131,131,131,VN00131,131,TRX05881,206356957.63,0.0
5882,132,132,132,VN00132,132,TRX05882,0.0,447582990.15
5883,133,133,133,VN00133,133,TRX05883,191537387.1,0.0
5884,134,134,134,VN00134,134,TRX05884,121554634.02,0.0
5885,135,135,135,VN00135,135,TRX05885,0.0,600264601.66
5886,136,136,136,VN00136,136,TRX05886,0.0,694221516.85
5887,137,137,137,VN00137,137,TRX05887,874233736.63,0.0
5888,138,138,138,VN00138,138,TRX05888,317491699.42,0.0
5889,139,139,139,VN00139,139,TRX05889,432831132.47,0.0
5890,140,140,140,VN00140,140,TRX05890,0.0,594787982.57
5891,141,141,141,VN00141,141,TRX05891,0.0,908007659.4
5892,142,142,142,VN00142,142,TRX05892,0.0,487092114.42
5893,143,143,143,VN00143,143,TRX05893,0.0,171948004.28
5894,144,144,144,VN00144,144,TRX05894,175802068.02,0.0
5895,145,145,145,VN00145,145,TRX05895,0.0,780702789.22
5896,146,146,146,VN00146,146,TRX05896,0.0,377548242.88
5897,147,147,147,VN00147,147,TRX05897,548704991.09,0.0
5898,148,148,148,VN00148,148,TRX05898,0.0,87595911.24
5899,149,149,149,VN00149,149,TRX05899,0.0,17122419.5
5900,150,150,150,VN00150,150,TRX05900,0.0,19376920.14
5901,151,151,151,VN00151,151,TRX05901,0.0,387131851.39
5902,152,152,152,VN00152,152,TRX05902,58315962.78,0.0
5903,153,153,153,VN00153,153,TRX05903,148272315.49,0.0
5904,154,154,154,VN00154,154,TRX05904,0.0,453230635.88
5905,155,155,155,VN00155,155,TRX05905,0.0,115299298.24
5906,156,156,156,VN00156,156,TRX05906,0.0,549019027.85
5907,157,157,157,VN00157,157,TRX05907,0.0,101317188.05
5908,158,158,158,VN00158,158,TRX05908,668254959.6,0.0
5909,159,159,159,VN00159,159,TRX05909,387594487.14,0.0
5910,160,160,160,VN00160,160,TRX05910,276062014.96,0.0
5911,161,161,161,VN00161,161,TRX05911,187556055.82,0.0
5912,162,162,162,VN00162,162,TRX05912,0.0,291296708.22
5913,163,163,163,VN00163,163,TRX05913,0.0,963135043.81
5914,164,164,164,VN00164,164,TRX05914,168789295.67,0.0
5915,165,165,165,VN00165,165,TRX05915,0.0,363719089.87
5916,166,166,166,VN00166,166,TRX05916,0.0,364714077.45
5917,167,167,167,VN00167,167,TRX05917,110502231.81,0.0
5918,168,168,168,VN00168,168,TRX05918,0.0,138429303.26
5919,169,169,169,VN00169,169,TRX05919,0.0,350380064.53
5920,170,170,170,VN00170,170,TRX05920,0.0,259627942.27
5921,171,171,171,VN00171,171,TRX05921,0.0,700239115.31
5922,172,172,172,VN00172,172,TRX05922,742578590.94,0.0
5923,173,173,173,VN00173,173,TRX05923,663536839.41,0.0
5924,174,174,174,VN00174,174,TRX05924,0.0,370637747.38
5925,175,175,175,VN00175,175,TRX05925,0.0,934095151.97
5926,176,176,176,VN00176,176,TRX05926,303494282.14,0.0
5927,177,177,177,VN00177,177,TRX05927,295805154.63,0.0
5928,178,178,178,VN00178,178,TRX05928,272178610.47,0.0
5929,179,179,179,VN00179,179,TRX05929,0.0,539294483.58
5930,180,180,180,VN00180,180,TRX05930,0.0,682389309.7
5931,181,181,181,VN00181,181,TRX05931,277592616.76,0.0
5932,182,182,182,VN00182,182,TRX05932,828843106.72,0.0
5933,183,183,183,VN00183,183,TRX05933,0.0,651619055.03
5934,184,184,184,VN00184,184,TRX05934,0.0,942068445.65
5935,185,185,185,VN00185,185,TRX05935,0.0,242466257.19
5936,186,186,186,VN00186,186,TRX05936,0.0,484733444.13
5937,187,187,187,VN00187,187,TRX05937,382061418.5,0.0
5938,188,188,188,VN00188,188,TRX05938,342677194.56,0.0
5939,189,189,189,VN00189,189,TRX05939,867456426.31,0.0
5940,190,190,190,VN00190,190,TRX05940,277749560.11,0.0
5941,191,191,191,VN00191,191,TRX05941,0.0,532097906.88
5942,192,192,192,VN00192,192,TRX05942,25343932.33,0.0
5943,193,193,193,VN00193,193,TRX05943,506636684.48,0.0
5944,194,194,194,VN00194,194,TRX05944,0.0,926287423.59
5945,195,195,195,VN00195,195,TRX05945,0.0,393153889.94
5946,196,196,196,VN00196,196,TRX05946,0.0,236306803.42
5947,197,197,197,VN00197,197,TRX05947,0.0,176141160.8
5948,198,198,198,VN00198,198,TRX05948,0.0,194568277.82
5949,199,199,199,VN00199,199,TRX05949,396266540.34,0.0
5950,200,200,200,VN00200,200,TRX05950,628094128.35,0.0
5951,201,201,201,VN00201,201,TRX05951,0.0,763360877.29
5952,202,202,202,VN00202,202,TRX05952,892322856.76,0.0
5953,203,203,203,VN00203,203,TRX05953,0.0,426387502.68
5954,204,204,204,VN00204,204,TRX05954,175170195.49,0.0
5955,205,205,205,VN00205,205,TRX05955,718284468.03,0.0
5956,206,206,206,VN00206,206,TRX05956,242905528.23,0.0
5957,207,207,207,VN00207,207,TRX05957,0.0,744439153.45
5958,208,208,208,VN00208,208,TRX05958,31080297.72,0.0
5959,209,209,209,VN00209,209,TRX05959,0.0,414679380.21
5960,210,210,210,VN00210,210,TRX05960,112247170.92,0.0
5961,211,211,211,VN00211,211,TRX05961,675742395.91,0.0
5962,212,212,212,VN00212,212,TRX05962,0.0,436160635.68
5963,213,213,213,VN00213,213,TRX05963,552063340.87,0.0
5964,214,214,214,VN00214,214,TRX05964,0.0,800124458.09
5965,215,215,215,VN00215,215,TRX05965,0.0,423266706.02
5966,216,216,216,VN00216,216,TRX05966,143592854.5,0.0
5967,217,217,217,VN00217,217,TRX05967,157028780.47,0.0
5968,218,218,218,VN00218,218,TRX05968,0.0,997608145.29
5969,219,219,219,VN00219,219,TRX05969,749686923.64,0.0
5970,220,220,220,VN00220,220,TRX05970,338170148.95,0.0
5971,221,221,221,VN00221,221,TRX05971,0.0,533995020.63
5972,222,222,222,VN00222,222,TRX05972,25953813.76,0.0
5973,223,223,223,VN00223,223,TRX05973,0.0,588632314.83
5974,224,224,224,VN00224,224,TRX05974,0.0,399108930.65
5975,225,225,225,VN00225,225,TRX05975,963698421.09,0.0
5976,226,226,226,VN00226,226,TRX05976,971226160.5,0.0
5977,227,227,227,VN00227,227,TRX05977,32822932.64,0.0
5978,228,228,228,VN00228,228,TRX05978,78094439.53,0.0
5979,229,229,229,VN00229,229,TRX05979,0.0,465239787.08
5980,230,230,230,VN00230,230,TRX05980,0.0,158311791.31
5981,231,231,231,VN00231,231,TRX05981,634990996.19,0.0
5982,232,232,232,VN00232,232,TRX05982,0.0,783663385.67
5983,233,233,233,VN00233,233,TRX05983,0.0,28969000.06
5984,234,234,234,VN00234,234,TRX05984,220904633.45,0.0
5985,235,235,235,VN00235,235,TRX05985,673182643.34,0.0
5986,236,236,236,VN00236,236,TRX05986,0.0,183245584.54
5987,237,237,237,VN00237,237,TRX05987,47659921.17,0.0
5988,238,238,238,VN00238,238,TRX05988,0.0,748230815.83
5989,239,239,239,VN00239,239,TRX05989,0.0,298411704.58
5990,240,240,240,VN00240,240,TRX05990,0.0,906516657.49
5991,241,241,241,VN00241,241,TRX05991,0.0,229244997.53
5992,242,242,242,VN00242,242,TRX05992,0.0,961284413.51
5993,243,243,243,VN00243,243,TRX05993,831429499.88,0.0
5994,244,244,244,VN00244,244,TRX05994,0.0,809157589.14
5995,245,245,245,VN00245,245,TRX05995,0.0,779645482.73
5996,246,246,246,VN00246,246,TRX05996,997141084.38,0.0
5997,247,247,247,VN00247,247,TRX05997,0.0,162061383.71
5998,248,248,248,VN00248,248,TRX05998,485732067.79,0.0
5999,249,249,249,VN00249,249,TRX05999,670612934.19,0.0
6000,250,250,250,VN00250,250,TRX06000,0.0,785125022.18
6001,1,1,1,VN00001,1,TRX06001,0.0,953181323.9
6002,2,2,2,VN00002,2,TRX06002,0.0,540085026.65
6003,3,3,3,VN00003,3,TRX06003,475817220.27,0.0
6004,4,4,4,VN00004,4,TRX06004,183037897.24,0.0
6005,5,5,5,VN00005,5,TRX06005,0.0,965691290.98
6006,6,6,6,VN00006,6,TRX06006,903046146.01,0.0
6007,7,7,7,VN00007,7,TRX06007,0.0,952011316.12
6008,8,8,8,VN00008,8,TRX06008,747164364.89,0.0
6009,9,9,9,VN00009,9,TRX06009,261621356.97,0.0
6010,10,10,10,VN00010,10,TRX06010,347239896.86,0.0
6011,11,11,11,VN00011,11,TRX06011,262261408.07,0.0
6012,12,12,12,VN00012,12,TRX06012,211787548.91,0.0
6013,13,13,13,VN00013,13,TRX06013,279062056.56,0.0
6014,14,14,14,VN00014,14,TRX06014,0.0,970776537.38
6015,15,15,15,VN00015,15,TRX06015,188560564.97,0.0
6016,16,16,16,VN00016,16,TRX06016,0.0,282756682.53
6017,17,17,17,VN00017,17,TRX06017,0.0,997241644.82
6018,18,18,18,VN00018,18,TRX06018,668177786.49,0.0
6019,19,19,19,VN00019,19,TRX06019,460230697.52,0.0
6020,20,20,20,VN00020,20,TRX06020,0.0,14795584.6
6021,21,21,21,VN00021,21,TRX06021,0.0,195114849.69
6022,22,22,22,VN00022,22,TRX06022,182164313.65,0.0
6023,23,23,23,VN00023,23,TRX06023,261190792.52,0.0
6024,24,24,24,VN00024,24,TRX06024,406319266.58,0.0
6025,25,25,25,VN00025,25,TRX06025,0.0,781800908.84
6026,26,26,26,VN00026,26,TRX06026,796341328.83,0.0
6027,27,27,27,VN00027,27,TRX06027,173396451.52,0.0
6028,28,28,28,VN00028,28,TRX06028,0.0,905816971.7
6029,29,29,29,VN00029,29,TRX06029,0.0,818614336.61
6030,30,30,30,VN00030,30,TRX06030,0.0,824156590.69
6031,31,31,31,VN00031,31,TRX06031,0.0,340884551.86
6032,32,32,32,VN00032,32,TRX06032,0.0,710920185.73
6033,33,33,33,VN00033,33,TRX06033,545442425.38,0.0
6034,34,34,34,VN00034,34,TRX06034,0.0,740642207.32
6035,35,35,35,VN00035,35,TRX06035,0.0,9331921.46
6036,36,36,36,VN00036,36,TRX06036,0.0,800316832.3
6037,37,37,37,VN00037,37,TRX06037,488005781.6,0.0
6038,38,38,38,VN00038,38,TRX06038,651358849.9,0.0
6039,39,39,39,VN00039,39,TRX06039,329675453.26,0.0
6040,40,40,40,VN00040,40,TRX06040,230824895.92,0.0
6041,41,41,41,VN00041,41,TRX06041,0.0,217712295.07
6042,42,42,42,VN00042,42,TRX06042,0.0,182566108.6
6043,43,43,43,VN00043,43,TRX06043,153849355.69,0.0
6044,44,44,44,VN00044,44,TRX06044,0.0,939878056.28
6045,45,45,45,VN00045,45,TRX06045,658596516.6,0.0
6046,46,46,46,VN00046,46,TRX06046,906163119.62,0.0
6047,47,47,47,VN00047,47,TRX06047,0.0,230074202.52
6048,48,48,48,VN00048,48,TRX06048,948658299.17,0.0
6049,49,49,49,VN00049,49,TRX06049,752992547.29,0.0
6050,50,50,50,VN00050,50,TRX06050,81007835.95,0.0
6051,51,51,51,VN00051,51,TRX06051,827344399.97,0.0
6052,52,52,52,VN00052,52,TRX06052,239275363.05,0.0
6053,53,53,53,VN00053,53,TRX06053,691138035.88,0.0
6054,54,54,54,VN00054,54,TRX06054,523305419.81,0.0
6055,55,55,55,VN00055,55,TRX06055,848156521.78,0.0
6056,56,56,56,VN00056,56,TRX06056,99268424.8,0.0
6057,57,57,57,VN00057,57,TRX06057,671388939.71,0.0
6058,58,58,58,VN00058,58,TRX06058,336122180.24,0.0
6059,59,59,59,VN00059,59,TRX06059,0.0,844763254.29
6060,60,60,60,VN00060,60,TRX06060,183962322.1,0.0
6061,61,61,61,VN00061,61,TRX06061,363597682.96,0.0
6062,62,62,62,VN00062,62,TRX06062,0.0,802326888.61
6063,63,63,63,VN00063,63,TRX06063,0.0,55386983.51
6064,64,64,64,VN00064,64,TRX06064,482562437.84,0.0
6065,65,65,65,VN00065,65,TRX06065,740850541.24,0.0
6066,66,66,66,VN00066,66,TRX06066,0.0,855114125.12
6067,67,67,67,VN00067,67,TRX06067,0.0,631285231.16
6068,68,68,68,VN00068,68,TRX06068,0.0,866819933.36
6069,69,69,69,VN00069,69,TRX06069,807378594.76,0.0
6070,70,70,70,VN00070,70,TRX06070,0.0,823514079.62
6071,71,71,71,VN00071,71,TRX06071,970887354.99,0.0
6072,72,72,72,VN00072,72,TRX06072,526074404.33,0.0
6073,73,73,73,VN00073,73,TRX06073,0.0,782095880.92
6074,74,74,74,VN00074,74,TRX06074,0.0,407259016.81
6075,75,75,75,VN00075,75,TRX06075,0.0,482353572.8
6076,76,76,76,VN00076,76,TRX06076,0.0,539317352.03
6077,77,77,77,VN00077,77,TRX06077,0.0,164042518.15
6078,78,78,78,VN00078,78,TRX06078,0.0,571073533.01
6079,79,79,79,VN00079,79,TRX06079,0.0,528798243.11
6080,80,80,80,VN00080,80,TRX06080,319311848.99,0.0
6081,81,81,81,VN00081,81,TRX06081,0.0,327687153.69
6082,82,82,82,VN00082,82,TRX06082,0.0,4319839.29
6083,83,83,83,VN00083,83,TRX06083,986049490.87,0.0
6084,84,84,84,VN00084,84,TRX06084,427055709.35,0.0
6085,85,85,85,VN00085,85,TRX06085,64085656.19,0.0
6086,86,86,86,VN00086,86,TRX06086,0.0,140454913.29
6087,87,87,87,VN00087,87,TRX06087,0.0,792986574.09
6088,88,88,88,VN00088,88,TRX06088,0.0,413320046.35
6089,89,89,89,VN00089,89,TRX06089,570224352.7,0.0
6090,90,90,90,VN00090,90,TRX06090,0.0,399955671.24
6091,91,91,91,VN00091,91,TRX06091,327603639.35,0.0
6092,92,92,92,VN00092,92,TRX06092,0.0,279276564.25
6093,93,93,93,VN00093,93,TRX06093,0.0,120552677.75
6094,94,94,94,VN00094,94,TRX06094,0.0,825517189.79
6095,95,95,95,VN00095,95,TRX06095,730887457.55,0.0
6096,96,96,96,VN00096,96,TRX06096,0.0,523609518.51
6097,97,97,97,VN00097,97,TRX06097,527453101.71,0.0
6098,98,98,98,VN00098,98,TRX06098,0.0,998922326.39
6099,99,99,99,VN00099,99,TRX06099,0.0,424896916.53
6100,100,100,100,VN00100,100,TRX06100,166935445.05,0.0
6101,101,101,101,VN00101,101,TRX06101,0.0,883224465.38
6102,102,102,102,VN00102,102,TRX06102,0.0,137020560.85
6103,103,103,103,VN00103,103,TRX06103,832626349.96,0.0
6104,104,104,104,VN00104,104,TRX06104,0.0,519878001.5
6105,105,105,105,VN00105,105,TRX06105,496793778.33,0.0
6106,106,106,106,VN00106,106,TRX06106,0.0,855481629.13
6107,107,107,107,VN00107,107,TRX06107,0.0,745324897.06
6108,108,108,108,VN00108,108,TRX06108,0.0,487364348.49
6109,109,109,109,VN00109,109,TRX06109,339945038.15,0.0
6110,110,110,110,VN00110,110,TRX06110,0.0,237549965.13
6111,111,111,111,VN00111,111,TRX06111,867960360.69,0.0
6112,112,112,112,VN00112,112,TRX06112,0.0,12311560.24
6113,113,113,113,VN00113,113,TRX06113,0.0,670945973.18
6114,114,114,114,VN00114,114,TRX06114,447403961.05,0.0
6115,115,115,115,VN00115,115,TRX06115,194296871.06,0.0
6116,116,116,116,VN00116,116,TRX06116,0.0,581902146.79
6117,117,117,117,VN00117,117,TRX06117,361217881.58,0.0
6118,118,118,118,VN00118,118,TRX06118,335108387.86,0.0
6119,119,119,119,VN00119,119,TRX06119,808010158.66,0.0
6120,120,120,120,VN00120,120,TRX06120,0.0,801204467.04
6121,121,121,121,VN00121,121,TRX06121,0.0,175295905.38
6122,122,122,122,VN00122,122,TRX06122,0.0,204409096.92
6123,123,123,123,VN00123,123,TRX06123,0.0,321292136.79
6124,124,124,124,VN00124,124,TRX06124,0.0,662970113.93
6125,125,125,125,VN00125,125,TRX06125,482380702.39,0.0
6126,126,126,126,VN00126,126,TRX06126,952297003.35,0.0
6127,127,127,127,VN00127,127,TRX06127,548247746.42,0.0
6128,128,128,128,VN00128,128,TRX06128,0.0,64498608.83
6129,129,129,129,VN00129,129,TRX06129,39275937.39,0.0
6130,130,130,130,VN00130,130,TRX06130,717966617.8,0.0
6131,131,131,131,VN00131,131,TRX06131,0.0,192748590.93
6132,132,132,132,VN00132,132,TRX06132,0.0,712929765.33
6133,133,133,133,VN00133,133,TRX06133,750158093.13,0.0
6134,134,134,134,VN00134,134,TRX06134,243710315.7,0.0
6135,135,135,135,VN00135,135,TRX06135,0.0,308184307.63
6136,136,136,136,VN00136,136,TRX06136,0.0,143420126.95
6137,137,137,137,VN00137,137,TRX06137,0.0,823997059.81
6138,138,138,138,VN00138,138,TRX06138,0.0,861142696.54
6139,139,139,139,VN00139,139,TRX06139,480710956.78,0.0
6140,140,140,140,VN00140,140,TRX06140,0.0,265439848.19
6141,141,141,141,VN00141,141,TRX06141,193838683.32,0.0
6142,142,142,142,VN00142,142,TRX06142,966213600.77,0.0
6143,143,143,143,VN00143,143,TRX06143,317921261.51,0.0
6144,144,144,144,VN00144,144,TRX06144,0.0,83685672.52
6145,145,145,145,VN00145,145,TRX06145,554254104.04,0.0
6146,146,146,146,VN00146,146,TRX06146,0.0,457012907.36
6147,147,147,147,VN00147,147,TRX06147,0.0,810734309.41
6148,148,148,148,VN00148,148,TRX06148,0.0,834044079.68
6149,149,149,149,VN00149,149,TRX06149,261345682.32,0.0
6150,150,150,150,VN00150,150,TRX06150,637503021.59,0.0
6151,151,151,151,VN00151,151,TRX06151,0.0,492233983.05
6152,152,152,152,VN00152,152,TRX06152,755566913.36,0.0
6153,153,153,153,VN00153,153,TRX06153,598689952.44,0.0
6154,154,154,154,VN00154,154,TRX06154,921781283.26,0.0
6155,155,155,155,VN00155,155,TRX06155,689431198.5,0.0
6156,156,156,156,VN00156,156,TRX06156,0.0,115881653.44
6157,157,157,157,VN00157,157,TRX06157,0.0,928078034.08
6158,158,158,158,VN00158,158,TRX06158,164062039.43,0.0
6159,159,159,159,VN00159,159,TRX06159,0.0,124245449.94
6160,160,160,160,VN00160,160,TRX06160,817410216.4,0.0
6161,161,161,161,VN00161,161,TRX06161,0.0,840517040.26
6162,162,162,162,VN00162,162,TRX06162,0.0,936512619.98
6163,163,163,163,VN00163,163,TRX06163,0.0,683161496.87
6164,164,164,164,VN00164,164,TRX06164,315069311.78,0.0
6165,165,165,165,VN00165,165,TRX06165,639618351.15,0.0
6166,166,166,166,VN00166,166,TRX06166,0.0,493862950.46
6167,167,167,167,VN00167,167,TRX06167,0.0,949806281.18
6168,168,168,168,VN00168,168,TRX06168,667900846.17,0.0
6169,169,169,169,VN00169,169,TRX06169,19612244.69,0.0
6170,170,170,170,VN00170,170,TRX06170,614023243.83,0.0
6171,171,171,171,VN00171,171,TRX06171,0.0,167311594.4
6172,172,172,172,VN00172,172,TRX06172,0.0,17706780.61
6173,173,173,173,VN00173,173,TRX06173,329500174.54,0.0
6174,174,174,174,VN00174,174,TRX06174,0.0,205043072.37
6175,175,175,175,VN00175,175,TRX06175,634117119.01,0.0
6176,176,176,176,VN00176,176,TRX06176,551969038.78,0.0
6177,177,177,177,VN00177,177,TRX06177,828151051.93,0.0
6178,178,178,178,VN00178,178,TRX06178,0.0,233116754.66
6179,179,179,179,VN00179,179,TRX06179,0.0,47305371.38
6180,180,180,180,VN00180,180,TRX06180,838938433.65,0.0
6181,181,181,181,VN00181,181,TRX06181,0.0,507942956.0
6182,182,182,182,VN00182,182,TRX06182,0.0,559310348.85
6183,183,183,183,VN00183,183,TRX06183,0.0,163015675.77
6184,184,184,184,VN00184,184,TRX06184,0.0,62898155.21
6185,185,185,185,VN00185,185,TRX06185,0.0,989877005.83
6186,186,186,186,VN00186,186,TRX06186,0.0,747707529.75
6187,187,187,187,VN00187,187,TRX06187,538633308.98,0.0
6188,188,188,188,VN00188,188,TRX06188,0.0,171706842.24
6189,189,189,189,VN00189,189,TRX06189,703931066.76,0.0
6190,190,190,190,VN00190,190,TRX06190,419280590.67,0.0
6191,191,191,191,VN00191,191,TRX06191,68998347.39,0.0
6192,192,192,192,VN00192,192,TRX06192,977884936.77,0.0
6193,193,193,193,VN00193,193,TRX06193,0.0,667205582.9
6194,194,194,194,VN00194,194,TRX06194,0.0,537415307.26
6195,195,195,195,VN00195,195,TRX06195,551902864.44,0.0
6196,196,196,196,VN00196,196,TRX06196,609374799.05,0.0
6197,197,197,197,VN00197,197,TRX06197,875136904.72,0.0
6198,198,198,198,VN00198,198,TRX06198,924012821.6,0.0
6199,199,199,199,VN00199,199,TRX06199,0.0,27133302.09
6200,200,200,200,VN00200,200,TRX06200,303826894.26,0.0
6201,201,201,201,VN00201,201,TRX06201,0.0,640342938.12
6202,202,202,202,VN00202,202,TRX06202,990355527.26,0.0
6203,203,203,203,VN00203,203,TRX06203,965266510.62,0.0
6204,204,204,204,VN00204,204,TRX06204,786237363.43,0.0
6205,205,205,205,VN00205,205,TRX06205,443366145.45,0.0
6206,206,206,206,VN00206,206,TRX06206,569896060.42,0.0
6207,207,207,207,VN00207,207,TRX06207,0.0,899702756.41
6208,208,208,208,VN00208,208,TRX06208,221570565.32,0.0
6209,209,209,209,VN00209,209,TRX06209,218548482.71,0.0
6210,210,210,210,VN00210,210,TRX06210,0.0,877297013.26
6211,211,211,211,VN00211,211,TRX06211,677749153.81,0.0
6212,212,212,212,VN00212,212,TRX06212,0.0,485207383.19
6213,213,213,213,VN00213,213,TRX06213,0.0,738093234.62
6214,214,214,214,VN00214,214,TRX06214,0.0,467334651.29
6215,215,215,215,VN00215,215,TRX06215,0.0,801090811.01
6216,216,216,216,VN00216,216,TRX06216,59440564.39,0.0
6217,217,217,217,VN00217,217,TRX06217,0.0,876259673.82
6218,218,218,218,VN00218,218,TRX06218,971533971.47,0.0
6219,219,219,219,VN00219,219,TRX06219,0.0,482648404.7
6220,220,220,220,VN00220,220,TRX06220,366206432.25,0.0
6221,221,221,221,VN00221,221,TRX06221,0.0,800705161.03
6222,222,222,222,VN00222,222,TRX06222,0.0,90054426.54
6223,223,223,223,VN00223,223,TRX06223,0.0,51220280.56
6224,224,224,224,VN00224,224,TRX06224,0.0,437313558.31
6225,225,225,225,VN00225,225,TRX06225,552782778.76,0.0
6226,226,226,226,VN00226,226,TRX06226,37779091.96,0.0
6227,227,227,227,VN00227,227,TRX06227,0.0,272174662.22
6228,228,228,228,VN00228,228,TRX06228,743727150.26,0.0
6229,229,229,229,VN00229,229,TRX06229,854412108.55,0.0
6230,230,230,230,VN00230,230,TRX06230,0.0,160219379.97
6231,231,231,231,VN00231,231,TRX06231,658022816.92,0.0
6232,232,232,232,VN00232,232,TRX06232,783996826.21,0.0
6233,233,233,233,VN00233,233,TRX06233,0.0,588560291.67
6234,234,234,234,VN00234,234,TRX06234,0.0,300872651.09
6235,235,235,235,VN00235,235,TRX06235,293989999.38,0.0
6236,236,236,236,VN00236,236,TRX06236,0.0,969867063.76
6237,237,237,237,VN00237,237,TRX06237,0.0,971650876.27
6238,238,238,238,VN00238,238,TRX06238,0.0,87397798.62
6239,239,239,239,VN00239,239,TRX06239,0.0,679756887.01
6240,240,240,240,VN00240,240,TRX06240,421210825.0,0.0
6241,241,241,241,VN00241,241,TRX06241,0.0,46833007.77
6242,242,242,242,VN00242,242,TRX06242,0.0,795592593.62
6243,243,243,243,VN00243,243,TRX06243,0.0,22035122.87
6244,244,244,244,VN00244,244,TRX06244,271799732.29,0.0
6245,245,245,245,VN00245,245,TRX06245,262407264.47,0.0
6246,246,246,246,VN00246,246,TRX06246,0.0,111972752.77
6247,247,247,247,VN00247,247,TRX06247,0.0,409367058.14
6248,248,248,248,VN00248,248,TRX06248,122974929.1,0.0
6249,249,249,249,VN00249,249,TRX06249,0.0,775765207.16
6250,250,250,250,VN00250,250,TRX06250,480142882.65,0.0
6251,1,1,1,VN00001,1,TRX06251,0.0,269015563.28
6252,2,2,2,VN00002,2,TRX06252,0.0,756534141.23
6253,3,3,3,VN00003,3,TRX06253,677027898.24,0.0
6254,4,4,4,VN00004,4,TRX06254,0.0,176625235.23
6255,5,5,5,VN00005,5,TRX06255,0.0,181252187.16
6256,6,6,6,VN00006,6,TRX06256,0.0,777277782.73
6257,7,7,7,VN00007,7,TRX06257,687459815.94,0.0
6258,8,8,8,VN00008,8,TRX06258,141475766.22,0.0
6259,9,9,9,VN00009,9,TRX06259,0.0,150370744.9
6260,10,10,10,VN00010,10,TRX06260,0.0,270911076.35
6261,11,11,11,VN00011,11,TRX06261,331783534.67,0.0
6262,12,12,12,VN00012,12,TRX06262,0.0,395882917.47
6263,13,13,13,VN00013,13,TRX06263,0.0,331446528.77
6264,14,14,14,VN00014,14,TRX06264,0.0,99245825.35
6265,15,15,15,VN00015,15,TRX06265,0.0,325031924.23
6266,16,16,16,VN00016,16,TRX06266,0.0,779028100.86
6267,17,17,17,VN00017,17,TRX06267,32373687.72,0.0
6268,18,18,18,VN00018,18,TRX06268,327237560.44,0.0
6269,19,19,19,VN00019,19,TRX06269,0.0,210342940.46
6270,20,20,20,VN00020,20,TRX06270,498752173.24,0.0
6271,21,21,21,VN00021,21,TRX06271,0.0,571517937.3
6272,22,22,22,VN00022,22,TRX06272,0.0,225908979.19
6273,23,23,23,VN00023,23,TRX06273,903141587.67,0.0
6274,24,24,24,VN00024,24,TRX06274,39554613.59,0.0
6275,25,25,25,VN00025,25,TRX06275,0.0,203240612.85
6276,26,26,26,VN00026,26,TRX06276,171947999.06,0.0
6277,27,27,27,VN00027,27,TRX06277,0.0,478678373.45
6278,28,28,28,VN00028,28,TRX06278,43921970.21,0.0
6279,29,29,29,VN00029,29,TRX06279,0.0,403906686.24
6280,30,30,30,VN00030,30,TRX06280,0.0,960958477.21
6281,31,31,31,VN00031,31,TRX06281,283412660.84,0.0
6282,32,32,32,VN00032,32,TRX06282,668456171.93,0.0
6283,33,33,33,VN00033,33,TRX06283,276129380.98,0.0
6284,34,34,34,VN00034,34,TRX06284,325513548.45,0.0
6285,35,35,35,VN00035,35,TRX06285,1945060.77,0.0
6286,36,36,36,VN00036,36,TRX06286,119978514.52,0.0
6287,37,37,37,VN00037,37,TRX06287,0.0,661114073.83
6288,38,38,38,VN00038,38,TRX06288,0.0,662379118.69
6289,39,39,39,VN00039,39,TRX06289,190956005.64,0.0
6290,40,40,40,VN00040,40,TRX06290,783478316.56,0.0
6291,41,41,41,VN00041,41,TRX06291,0.0,586200385.93
6292,42,42,42,VN00042,42,TRX06292,696461302.35,0.0
6293,43,43,43,VN00043,43,TRX06293,0.0,336264311.53
6294,44,44,44,VN00044,44,TRX06294,0.0,93748937.96
6295,45,45,45,VN00045,45,TRX06295,0.0,170420118.68
6296,46,46,46,VN00046,46,TRX06296,376480876.15,0.0
6297,47,47,47,VN00047,47,TRX06297,577971434.43,0.0
6298,48,48,48,VN00048,48,TRX06298,279320170.04,0.0
6299,49,49,49,VN00049,49,TRX06299,225800646.27,0.0
6300,50,50,50,VN00050,50,TRX06300,0.0,240032648.4
6301,51,51,51,VN00051,51,TRX06301,626079113.34,0.0
6302,52,52,52,VN00052,52,TRX06302,0.0,569708027.76
6303,53,53,53,VN00053,53,TRX06303,0.0,112430869.93
6304,54,54,54,VN00054,54,TRX06304,184690309.35,0.0
6305,55,55,55,VN00055,55,TRX06305,0.0,87889215.11
6306,56,56,56,VN00056,56,TRX06306,614695187.85,0.0
6307,57,57,57,VN00057,57,TRX06307,0.0,296524348.18
6308,58,58,58,VN00058,58,TRX06308,0.0,756035700.94
6309,59,59,59,VN00059,59,TRX06309,769135748.67,0.0
6310,60,60,60,VN00060,60,TRX06310,222702847.52,0.0
6311,61,61,61,VN00061,61,TRX06311,0.0,981476734.1
6312,62,62,62,VN00062,62,TRX06312,558340862.95,0.0
6313,63,63,63,VN00063,63,TRX06313,0.0,85407311.95
6314,64,64,64,VN00064,64,TRX06314,650751408.76,0.0
6315,65,65,65,VN00065,65,TRX06315,0.0,733475846.9
6316,66,66,66,VN00066,66,TRX06316,0.0,367143146.22
6317,67,67,67,VN00067,67,TRX06317,900544125.95,0.0
6318,68,68,68,VN00068,68,TRX06318,429234783.38,0.0
6319,69,69,69,VN00069,69,TRX06319,437786466.26,0.0
6320,70,70,70,VN00070,70,TRX06320,664366954.21,0.0
6321,71,71,71,VN00071,71,TRX06321,807228404.33,0.0
6322,72,72,72,VN00072,72,TRX06322,0.0,613908474.34
6323,73,73,73,VN00073,73,TRX06323,535998249.36,0.0
6324,74,74,74,VN00074,74,TRX06324,0.0,226565910.02
6325,75,75,75,VN00075,75,TRX06325,0.0,927039333.38
6326,76,76,76,VN00076,76,TRX06326,0.0,726707855.9
6327,77,77,77,VN00077,77,TRX06327,303803003.61,0.0
6328,78,78,78,VN00078,78,TRX06328,385353534.84,0.0
6329,79,79,79,VN00079,79,TRX06329,772556538.64,0.0
6330,80,80,80,VN00080,80,TRX06330,697148705.31,0.0
6331,81,81,81,VN00081,81,TRX06331,694721845.67,0.0
6332,82,82,82,VN00082,82,TRX06332,0.0,466266261.36
6333,83,83,83,VN00083,83,TRX06333,705283307.09,0.0
6334,84,84,84,VN00084,84,TRX06334,0.0,492540505.05
6335,85,85,85,VN00085,85,TRX06335,565133392.18,0.0
6336,86,86,86,VN00086,86,TRX06336,340173312.49,0.0
6337,87,87,87,VN00087,87,TRX06337,299262566.9,0.0
6338,88,88,88,VN00088,88,TRX06338,0.0,769749505.03
6339,89,89,89,VN00089,89,TRX06339,398756802.47,0.0
6340,90,90,90,VN00090,90,TRX06340,0.0,697747467.77
6341,91,91,91,VN00091,91,TRX06341,0.0,131744333.94
6342,92,92,92,VN00092,92,TRX06342,643573166.36,0.0
6343,93,93,93,VN00093,93,TRX06343,0.0,587027228.56
6344,94,94,94,VN00094,94,TRX06344,0.0,976361347.46
6345,95,95,95,VN00095,95,TRX06345,0.0,410289651.4
6346,96,96,96,VN00096,96,TRX06346,0.0,806550082.75
6347,97,97,97,VN00097,97,TRX06347,688331713.24,0.0
6348,98,98,98,VN00098,98,TRX06348,0.0,673476117.96
6349,99,99,99,VN00099,99,TRX06349,351536150.63,0.0
6350,100,100,100,VN00100,100,TRX06350,0.0,218693779.3
6351,101,101,101,VN00101,101,TRX06351,291473114.19,0.0
6352,102,102,102,VN00102,102,TRX06352,224547036.9,0.0
6353,103,103,103,VN00103,103,TRX06353,0.0,5791065.25
6354,104,104,104,VN00104,104,TRX06354,945691240.77,0.0
6355,105,105,105,VN00105,105,TRX06355,55148919.75,0.0
6356,106,106,106,VN00106,106,TRX06356,831111635.56,0.0
6357,107,107,107,VN00107,107,TRX06357,361413190.42,0.0
6358,108,108,108,VN00108,108,TRX06358,351814190.8,0.0
6359,109,109,109,VN00109,109,TRX06359,0.0,480340798.65
6360,110,110,110,VN00110,110,TRX06360,608270487.0,0.0
6361,111,111,111,VN00111,111,TRX06361,152573332.81,0.0
6362,112,112,112,VN00112,112,TRX06362,0.0,624780558.06
6363,113,113,113,VN00113,113,TRX06363,0.0,926147589.77
6364,114,114,114,VN00114,114,TRX06364,718347684.92,0.0
6365,115,115,115,VN00115,115,TRX06365,981311210.57,0.0
6366,116,116,116,VN00116,116,TRX06366,609347801.33,0.0
6367,117,117,117,VN00117,117,TRX06367,831698373.08,0.0
6368,118,118,118,VN00118,118,TRX06368,0.0,465079871.2
6369,119,119,119,VN00119,119,TRX06369,0.0,117280510.97
6370,120,120,120,VN00120,120,TRX06370,391628698.63,0.0
6371,121,121,121,VN00121,121,TRX06371,0.0,724574943.12
6372,122,122,122,VN00122,122,TRX06372,0.0,351253699.57
6373,123,123,123,VN00123,123,TRX06373,502916414.74,0.0
6374,124,124,124,VN00124,124,TRX06374,0.0,623072971.63
6375,125,125,125,VN00125,125,TRX06375,0.0,770853145.14
6376,126,126,126,VN00126,126,TRX06376,0.0,392420490.88
6377,127,127,127,VN00127,127,TRX06377,0.0,338216885.05
6378,128,128,128,VN00128,128,TRX06378,464539801.24,0.0
6379,129,129,129,VN00129,129,TRX06379,945623040.75,0.0
6380,130,130,130,VN00130,130,TRX06380,0.0,502380151.76
6381,131,131,131,VN00131,131,TRX06381,0.0,162418664.8
6382,132,132,132,VN00132,132,TRX06382,127633161.8,0.0
6383,133,133,133,VN00133,133,TRX06383,531667970.79,0.0
6384,134,134,134,VN00134,134,TRX06384,364764186.55,0.0
6385,135,135,135,VN00135,135,TRX06385,726767003.21,0.0
6386,136,136,136,VN00136,136,TRX06386,830198682.51,0.0
6387,137,137,137,VN00137,137,TRX06387,0.0,768771813.35
6388,138,138,138,VN00138,138,TRX06388,974975468.21,0.0
6389,139,139,139,VN00139,139,TRX06389,0.0,618606932.15
6390,140,140,140,VN00140,140,TRX06390,701968549.15,0.0
6391,141,141,141,VN00141,141,TRX06391,896951004.53,0.0
6392,142,142,142,VN00142,142,TRX06392,0.0,597313572.28
6393,143,143,143,VN00143,143,TRX06393,457623460.39,0.0
6394,144,144,144,VN00144,144,TRX06394,917177033.15,0.0
6395,145,145,145,VN00145,145,TRX06395,321968884.37,0.0
6396,146,146,146,VN00146,146,TRX06396,955783461.45,0.0
6397,147,147,147,VN00147,147,TRX06397,0.0,854434786.2
6398,148,148,148,VN00148,148,TRX06398,0.0,81620297.05
6399,149,149,149,VN00149,149,TRX06399,0.0,218616808.73
6400,150,150,150,VN00150,150,TRX06400,0.0,77737402.13
6401,151,151,151,VN00151,151,TRX06401,0.0,367867539.1
6402,152,152,152,VN00152,152,TRX06402,0.0,389628278.31
6403,153,153,153,VN00153,153,TRX06403,0.0,109678958.35
6404,154,154,154,VN00154,154,TRX06404,0.0,934829201.86
6405,155,155,155,VN00155,155,TRX06405,0.0,153762600.04
6406,156,156,156,VN00156,156,TRX06406,0.0,682671762.68
6407,157,157,157,VN00157,157,TRX06407,700282081.66,0.0
6408,158,158,158,VN00158,158,TRX06408,0.0,469341541.41
6409,159,159,159,VN00159,159,TRX06409,0.0,754372809.31
6410,160,160,160,VN00160,160,TRX06410,621674556.59,0.0
6411,161,161,161,VN00161,161,TRX06411,0.0,832428183.48
6412,162,162,162,VN00162,162,TRX06412,0.0,311499770.26
6413,163,163,163,VN00163,163,TRX06413,0.0,294757847.27
6414,164,164,164,VN00164,164,TRX06414,357863445.32,0.0
6415,165,165,165,VN00165,165,TRX06415,0.0,791287589.51
6416,166,166,166,VN00166,166,TRX06416,676802237.02,0.0
6417,167,167,167,VN00167,167,TRX06417,862762785.39,0.0
6418,168,168,168,VN00168,168,TRX06418,513228783.89,0.0
6419,169,169,169,VN00169,169,TRX06419,0.0,712183424.96
6420,170,170,170,VN00170,170,TRX06420,308556797.2,0.0
6421,171,171,171,VN00171,171,TRX06421,0.0,360827639.27
6422,172,172,172,VN00172,172,TRX06422,0.0,477396112.02
6423,173,173,173,VN00173,173,TRX06423,652790881.57,0.0
6424,174,174,174,VN00174,174,TRX06424,0.0,977387900.6
6425,175,175,175,VN00175,175,TRX06425,62133438.67,0.0
6426,176,176,176,VN00176,176,TRX06426,0.0,46053542.34
6427,177,177,177,VN00177,177,TRX06427,0.0,954615485.64
6428,178,178,178,VN00178,178,TRX06428,0.0,267119661.33
6429,179,179,179,VN00179,179,TRX06429,0.0,309164382.32
6430,180,180,180,VN00180,180,TRX06430,0.0,584924218.05
6431,181,181,181,VN00181,181,TRX06431,418045203.75,0.0
6432,182,182,182,VN00182,182,TRX06432,0.0,852819720.99
6433,183,183,183,VN00183,183,TRX06433,0.0,277999442.85
6434,184,184,184,VN00184,184,TRX06434,258553201.54,0.0
6435,185,185,185,VN00185,185,TRX06435,0.0,750597663.62
6436,186,186,186,VN00186,186,TRX06436,725442351.52,0.0
6437,187,187,187,VN00187,187,TRX06437,328790424.02,0.0
6438,188,188,188,VN00188,188,TRX06438,0.0,634981365.21
6439,189,189,189,VN00189,189,TRX06439,0.0,376982172.55
6440,190,190,190,VN00190,190,TRX06440,102922641.68,0.0
6441,191,191,191,VN00191,191,TRX06441,249260913.33,0.0
6442,192,192,192,VN00192,192,TRX06442,0.0,868812776.63
6443,193,193,193,VN00193,193,TRX06443,0.0,423142693.93
6444,194,194,194,VN00194,194,TRX06444,419494453.91,0.0
6445,195,195,195,VN00195,195,TRX06445,0.0,737945670.03
6446,196,196,196,VN00196,196,TRX06446,188560958.9,0.0
6447,197,197,197,VN00197,197,TRX06447,0.0,709111628.65
6448,198,198,198,VN00198,198,TRX06448,37490238.27,0.0
6449,199,199,199,VN00199,199,TRX06449,0.0,660571879.07
6450,200,200,200,VN00200,200,TRX06450,0.0,808722298.18
6451,201,201,201,VN00201,201,TRX06451,0.0,596256602.96
6452,202,202,202,VN00202,202,TRX06452,0.0,372359160.19
6453,203,203,203,VN00203,203,TRX06453,0.0,547742784.48
6454,204,204,204,VN00204,204,TRX06454,366916566.33,0.0
6455,205,205,205,VN00205,205,TRX06455,701492549.02,0.0
6456,206,206,206,VN00206,206,TRX06456,0.0,323076702.29
6457,207,207,207,VN00207,207,TRX06457,123292298.34,0.0
6458,208,208,208,VN00208,208,TRX06458,0.0,276057755.75
6459,209,209,209,VN00209,209,TRX06459,906752856.64,0.0
6460,210,210,210,VN00210,210,TRX06460,0.0,607849103.31
6461,211,211,211,VN00211,211,TRX06461,428290783.65,0.0
6462,212,212,212,VN00212,212,TRX06462,402691683.25,0.0
6463,213,213,213,VN00213,213,TRX06463,0.0,464407445.08
6464,214,214,214,VN00214,214,TRX06464,0.0,187145742.88
6465,215,215,215,VN00215,215,TRX06465,866980016.91,0.0
6466,216,216,216,VN00216,216,TRX06466,0.0,740806531.72
6467,217,217,217,VN00217,217,TRX06467,0.0,735756523.05
6468,218,218,218,VN00218,218,TRX06468,401270962.94,0.0
6469,219,219,219,VN00219,219,TRX06469,0.0,712444607.28
6470,220,220,220,VN00220,220,TRX06470,687517614.78,0.0
6471,221,221,221,VN00221,221,TRX06471,831117109.96,0.0
6472,222,222,222,VN00222,222,TRX06472,67484318.95,0.0
6473,223,223,223,VN00223,223,TRX06473,0.0,20808159.02
6474,224,224,224,VN00224,224,TRX06474,531899533.84,0.0
6475,225,225,225,VN00225,225,TRX06475,542596790.02,0.0
6476,226,226,226,VN00226,226,TRX06476,779864540.15,0.0
6477,227,227,227,VN00227,227,TRX06477,0.0,879345832.02
6478,228,228,228,VN00228,228,TRX06478,223933877.24,0.0
6479,229,229,229,VN00229,229,TRX06479,0.0,384141243.17
6480,230,230,230,VN00230,230,TRX06480,37943946.53,0.0
6481,231,231,231,VN00231,231,TRX06481,713749356.53,0.0
6482,232,232,232,VN00232,232,TRX06482,563328694.27,0.0
6483,233,233,233,VN00233,233,TRX06483,720503652.27,0.0
6484,234,234,234,VN00234,234,TRX06484,839862570.25,0.0
6485,235,235,235,VN00235,235,TRX06485,963930039.52,0.0
6486,236,236,236,VN00236,236,TRX06486,0.0,968325269.95
6487,237,237,237,VN00237,237,TRX06487,0.0,558926145.76
6488,238,238,238,VN00238,238,TRX06488,0.0,343728267.19
6489,239,239,239,VN00239,239,TRX06489,0.0,44074716.84
6490,240,240,240,VN00240,240,TRX06490,588657783.71,0.0
6491,241,241,241,VN00241,241,TRX06491,363515067.36,0.0
6492,242,242,242,VN00242,242,TRX06492,423733111.42,0.0
6493,243,243,243,VN00243,243,TRX06493,104436526.24,0.0
6494,244,244,244,VN00244,244,TRX06494,0.0,358413312.16
6495,245,245,245,VN00245,245,TRX06495,0.0,619240110.69
6496,246,246,246,VN00246,246,TRX06496,179793899.42,0.0
6497,247,247,247,VN00247,247,TRX06497,0.0,90127921.8
6498,248,248,248,VN00248,248,TRX06498,0.0,982712652.39
6499,249,249,249,VN00249,249,TRX06499,438311860.1,0.0
6500,250,250,250,VN00250,250,TRX06500,211614100.39,0.0
6501,1,1,1,VN00001,1,TRX06501,50842596.11,0.0
6502,2,2,2,VN00002,2,TRX06502,871575217.14,0.0
6503,3,3,3,VN00003,3,TRX06503,0.0,729195011.9
6504,4,4,4,VN00004,4,TRX06504,0.0,130456637.52
6505,5,5,5,VN00005,5,TRX06505,0.0,197663562.1
6506,6,6,6,VN00006,6,TRX06506,0.0,543027417.08
6507,7,7,7,VN00007,7,TRX06507,280325315.33,0.0
6508,8,8,8,VN00008,8,TRX06508,261483714.57,0.0
6509,9,9,9,VN00009,9,TRX06509,621850723.52,0.0
6510,10,10,10,VN00010,10,TRX06510,0.0,618225232.72
6511,11,11,11,VN00011,11,TRX06511,0.0,504430831.73
6512,12,12,12,VN00012,12,TRX06512,0.0,538261742.53
6513,13,13,13,VN00013,13,TRX06513,0.0,119993200.28
6514,14,14,14,VN00014,14,TRX06514,294866154.57,0.0
6515,15,15,15,VN00015,15,TRX06515,71061919.65,0.0
6516,16,16,16,VN00016,16,TRX06516,624649359.86,0.0
6517,17,17,17,VN00017,17,TRX06517,861878287.21,0.0
6518,18,18,18,VN00018,18,TRX06518,43686707.26,0.0
6519,19,19,19,VN00019,19,TRX06519,161467910.44,0.0
6520,20,20,20,VN00020,20,TRX06520,219575815.28,0.0
6521,21,21,21,VN00021,21,TRX06521,0.0,183174842.29
6522,22,22,22,VN00022,22,TRX06522,286756246.1,0.0
6523,23,23,23,VN00023,23,TRX06523,867051115.86,0.0
6524,24,24,24,VN00024,24,TRX06524,235932673.18,0.0
6525,25,25,25,VN00025,25,TRX06525,576847986.73,0.0
6526,26,26,26,VN00026,26,TRX06526,53703309.17,0.0
6527,27,27,27,VN00027,27,TRX06527,783183456.25,0.0
6528,28,28,28,VN00028,28,TRX06528,991013308.85,0.0
6529,29,29,29,VN00029,29,TRX06529,675825196.69,0.0
6530,30,30,30,VN00030,30,TRX06530,0.0,32275085.39
6531,31,31,31,VN00031,31,TRX06531,0.0,735993179.6
6532,32,32,32,VN00032,32,TRX06532,735536326.53,0.0
6533,33,33,33,VN00033,33,TRX06533,494590822.17,0.0
6534,34,34,34,VN00034,34,TRX06534,207427744.98,0.0
6535,35,35,35,VN00035,35,TRX06535,0.0,189543688.26
6536,36,36,36,VN00036,36,TRX06536,563114601.76,0.0
6537,37,37,37,VN00037,37,TRX06537,0.0,767252984.68
6538,38,38,38,VN00038,38,TRX06538,0.0,923357900.87
6539,39,39,39,VN00039,39,TRX06539,0.0,223528864.57
6540,40,40,40,VN00040,40,TRX06540,798800877.88,0.0
6541,41,41,41,VN00041,41,TRX06541,170475261.05,0.0
6542,42,42,42,VN00042,42,TRX06542,577100995.96,0.0
6543,43,43,43,VN00043,43,TRX06543,0.0,516625680.85
6544,44,44,44,VN00044,44,TRX06544,0.0,108745247.28
6545,45,45,45,VN00045,45,TRX06545,0.0,261545355.46
6546,46,46,46,VN00046,46,TRX06546,0.0,662106219.57
6547,47,47,47,VN00047,47,TRX06547,412668123.6,0.0
6548,48,48,48,VN00048,48,TRX06548,0.0,354141122.79
6549,49,49,49,VN00049,49,TRX06549,0.0,50080681.35
6550,50,50,50,VN00050,50,TRX06550,638871512.72,0.0
6551,51,51,51,VN00051,51,TRX06551,438888386.52,0.0
6552,52,52,52,VN00052,52,TRX06552,916536744.16,0.0
6553,53,53,53,VN00053,53,TRX06553,0.0,711479684.92
6554,54,54,54,VN00054,54,TRX06554,422544169.71,0.0
6555,55,55,55,VN00055,55,TRX06555,0.0,889203593.72
6556,56,56,56,VN00056,56,TRX06556,756777144.35,0.0
6557,57,57,57,VN00057,57,TRX06557,13784084.48,0.0
6558,58,58,58,VN00058,58,TRX06558,622043354.31,0.0
6559,59,59,59,VN00059,59,TRX06559,55177374.52,0.0
6560,60,60,60,VN00060,60,TRX06560,0.0,944130827.65
6561,61,61,61,VN00061,61,TRX06561,0.0,916593097.82
6562,62,62,62,VN00062,62,TRX06562,819460843.69,0.0
6563,63,63,63,VN00063,63,TRX06563,675863210.7,0.0
6564,64,64,64,VN00064,64,TRX06564,985636065.75,0.0
6565,65,65,65,VN00065,65,TRX06565,146955975.53,0.0
6566,66,66,66,VN00066,66,TRX06566,0.0,453501119.48
6567,67,67,67,VN00067,67,TRX06567,0.0,509007291.22
6568,68,68,68,VN00068,68,TRX06568,187734633.02,0.0
6569,69,69,69,VN00069,69,TRX06569,406164699.44,0.0
6570,70,70,70,VN00070,70,TRX06570,223993742.78,0.0
6571,71,71,71,VN00071,71,TRX06571,19136411.87,0.0
6572,72,72,72,VN00072,72,TRX06572,439208230.8,0.0
6573,73,73,73,VN00073,73,TRX06573,0.0,497206965.0
6574,74,74,74,VN00074,74,TRX06574,0.0,121978650.93
6575,75,75,75,VN00075,75,TRX06575,0.0,482591060.73
6576,76,76,76,VN00076,76,TRX06576,0.0,713688673.15
6577,77,77,77,VN00077,77,TRX06577,0.0,745355821.13
6578,78,78,78,VN00078,78,TRX06578,0.0,18636155.68
6579,79,79,79,VN00079,79,TRX06579,0.0,265323792.37
6580,80,80,80,VN00080,80,TRX06580,0.0,205634992.42
6581,81,81,81,VN00081,81,TRX06581,0.0,625911995.63
6582,82,82,82,VN00082,82,TRX06582,638495016.26,0.0
6583,83,83,83,VN00083,83,TRX06583,892253603.61,0.0
6584,84,84,84,VN00084,84,TRX06584,0.0,416937163.31
6585,85,85,85,VN00085,85,TRX06585,0.0,980122927.35
6586,86,86,86,VN00086,86,TRX06586,515719486.2,0.0
6587,87,87,87,VN00087,87,TRX06587,442064749.1,0.0
6588,88,88,88,VN00088,88,TRX06588,974475740.41,0.0
6589,89,89,89,VN00089,89,TRX06589,0.0,657565712.32
6590,90,90,90,VN00090,90,TRX06590,0.0,520461715.25
6591,91,91,91,VN00091,91,TRX06591,820563271.18,0.0
6592,92,92,92,VN00092,92,TRX06592,872171671.81,0.0
6593,93,93,93,VN00093,93,TRX06593,219525788.8,0.0
6594,94,94,94,VN00094,94,TRX06594,0.0,595173504.14
6595,95,95,95,VN00095,95,TRX06595,133607961.07,0.0
6596,96,96,96,VN00096,96,TRX06596,637962888.2,0.0
6597,97,97,97,VN00097,97,TRX06597,0.0,669999973.29
6598,98,98,98,VN00098,98,TRX06598,0.0,701214286.0
6599,99,99,99,VN00099,99,TRX06599,0.0,457482906.86
6600,100,100,100,VN00100,100,TRX06600,867418993.77,0.0
6601,101,101,101,VN00101,101,TRX06601,0.0,223260815.92
6602,102,102,102,VN00102,102,TRX06602,837965178.2,0.0
6603,103,103,103,VN00103,103,TRX06603,534442503.76,0.0
6604,104,104,104,VN00104,104,TRX06604,153341355.45,0.0
6605,105,105,105,VN00105,105,TRX06605,0.0,248210886.76
6606,106,106,106,VN00106,106,TRX06606,0.0,986097333.95
6607,107,107,107,VN00107,107,TRX06607,0.0,312022842.12
6608,108,108,108,VN00108,108,TRX06608,0.0,983849556.44
6609,109,109,109,VN00109,109,TRX06609,500268989.58,0.0
6610,110,110,110,VN00110,110,TRX06610,185955288.51,0.0
6611,111,111,111,VN00111,111,TRX06611,0.0,122972816.11
6612,112,112,112,VN00112,112,TRX06612,444464531.55,0.0
6613,113,113,113,VN00113,113,TRX06613,22365852.6,0.0
6614,114,114,114,VN00114,114,TRX06614,0.0,834808382.7
6615,115,115,115,VN00115,115,TRX06615,0.0,234711383.9
6616,116,116,116,VN00116,116,TRX06616,0.0,621438600.25
6617,117,117,117,VN00117,117,TRX06617,0.0,499129719.43
6618,118,118,118,VN00118,118,TRX06618,657831132.68,0.0
6619,119,119,119,VN00119,119,TRX06619,101232275.27,0.0
6620,120,120,120,VN00120,120,TRX06620,0.0,214837229.13
6621,121,121,121,VN00121,121,TRX06621,848937551.94,0.0
6622,122,122,122,VN00122,122,TRX06622,0.0,342437633.95
6623,123,123,123,VN00123,123,TRX06623,0.0,235524276.05
6624,124,124,124,VN00124,124,TRX06624,0.0,694302622.1
6625,125,125,125,VN00125,125,TRX06625,648007152.15,0.0
6626,126,126,126,VN00126,126,TRX06626,584926070.52,0.0
6627,127,127,127,VN00127,127,TRX06627,0.0,532545436.97
6628,128,128,128,VN00128,128,TRX06628,0.0,280505091.28
6629,129,129,129,VN00129,129,TRX06629,903281030.51,0.0
6630,130,130,130,VN00130,130,TRX06630,138338134.09,0.0
6631,131,131,131,VN00131,131,TRX06631,348224404.49,0.0
6632,132,132,132,VN00132,132,TRX06632,719332069.9,0.0
6633,133,133,133,VN00133,133,TRX06633,0.0,93762019.88
6634,134,134,134,VN00134,134,TRX06634,357306760.08,0.0
6635,135,135,135,VN00135,135,TRX06635,0.0,966414692.86
6636,136,136,136,VN00136,136,TRX06636,0.0,920570206.83
6637,137,137,137,VN00137,137,TRX06637,0.0,327742611.24
6638,138,138,138,VN00138,138,TRX06638,0.0,503707243.56
6639,139,139,139,VN00139,139,TRX06639,0.0,725916189.11
6640,140,140,140,VN00140,140,TRX06640,0.0,255836546.4
6641,141,141,141,VN00141,141,TRX06641,637495371.02,0.0
6642,142,142,142,VN00142,142,TRX06642,0.0,988633766.44
6643,143,143,143,VN00143,143,TRX06643,272722737.23,0.0
6644,144,144,144,VN00144,144,TRX06644,0.0,938554736.74
6645,145,145,145,VN00145,145,TRX06645,0.0,500944476.46
6646,146,146,146,VN00146,146,TRX06646,0.0,354067598.52
6647,147,147,147,VN00147,147,TRX06647,128218788.7,0.0
6648,148,148,148,VN00148,148,TRX06648,0.0,600468097.47
6649,149,149,149,VN00149,149,TRX06649,0.0,545701066.74
6650,150,150,150,VN00150,150,TRX06650,634943960.85,0.0
6651,151,151,151,VN00151,151,TRX06651,356826910.97,0.0
6652,152,152,152,VN00152,152,TRX06652,549054677.96,0.0
6653,153,153,153,VN00153,153,TRX06653,0.0,658335590.67
6654,154,154,154,VN00154,154,TRX06654,0.0,52571854.94
6655,155,155,155,VN00155,155,TRX06655,0.0,684790770.27
6656,156,156,156,VN00156,156,TRX06656,287541468.16,0.0
6657,157,157,157,VN00157,157,TRX06657,0.0,449318262.09
6658,158,158,158,VN00158,158,TRX06658,0.0,95410515.88
6659,159,159,159,VN00159,159,TRX06659,4325839.85,0.0
6660,160,160,160,VN00160,160,TRX06660,536252090.33,0.0
6661,161,161,161,VN00161,161,TRX06661,375699034.18,0.0
6662,162,162,162,VN00162,162,TRX06662,361832227.7,0.0
6663,163,163,163,VN00163,163,TRX06663,799337338.44,0.0
6664,164,164,164,VN00164,164,TRX06664,0.0,765982622.9
6665,165,165,165,VN00165,165,TRX06665,0.0,968789196.42
6666,166,166,166,VN00166,166,TRX06666,0.0,211354332.47
6667,167,167,167,VN00167,167,TRX06667,0.0,412211481.68
6668,168,168,168,VN00168,168,TRX06668,0.0,42381517.42
6669,169,169,169,VN00169,169,TRX06669,399681778.35,0.0
6670,170,170,170,VN00170,170,TRX06670,878659556.19,0.0
6671,171,171,171,VN00171,171,TRX06671,334693262.87,0.0
6672,172,172,172,VN00172,172,TRX06672,573730549.61,0.0
6673,173,173,173,VN00173,173,TRX06673,3454604.93,0.0
6674,174,174,174,VN00174,174,TRX06674,178931259.91,0.0
6675,175,175,175,VN00175,175,TRX06675,0.0,946441250.37
6676,176,176,176,VN00176,176,TRX06676,0.0,921500917.55
6677,177,177,177,VN00177,177,TRX06677,318517720.0,0.0
6678,178,178,178,VN00178,178,TRX06678,0.0,174351829.0
6679,179,179,179,VN00179,179,TRX06679,466054132.04,0.0
6680,180,180,180,VN00180,180,TRX06680,3173825.1,0.0
6681,181,181,181,VN00181,181,TRX06681,0.0,206143043.78
6682,182,182,182,VN00182,182,TRX06682,0.0,149545212.34
6683,183,183,183,VN00183,183,TRX06683,139877201.34,0.0
6684,184,184,184,VN00184,184,TRX06684,9962194.99,0.0
6685,185,185,185,VN00185,185,TRX06685,2750901.58,0.0
6686,186,186,186,VN00186,186,TRX06686,0.0,906405928.11
6687,187,187,187,VN00187,187,TRX06687,0.0,655438214.68
6688,188,188,188,VN00188,188,TRX06688,0.0,735712188.94
6689,189,189,189,VN00189,189,TRX06689,0.0,884599351.57
6690,190,190,190,VN00190,190,TRX06690,0.0,328923326.4
6691,191,191,191,VN00191,191,TRX06691,543653789.77,0.0
6692,192,192,192,VN00192,192,TRX06692,186963527.43,0.0
6693,193,193,193,VN00193,193,TRX06693,698588436.44,0.0
6694,194,194,194,VN00194,194,TRX06694,173556727.91,0.0
6695,195,195,195,VN00195,195,TRX06695,0.0,693002707.98
6696,196,196,196,VN00196,196,TRX06696,0.0,516637056.83
6697,197,197,197,VN00197,197,TRX06697,736334076.85,0.0
6698,198,198,198,VN00198,198,TRX06698,790198484.61,0.0
6699,199,199,199,VN00199,199,TRX06699,0.0,643017685.16
6700,200,200,200,VN00200,200,TRX06700,0.0,572821782.24
6701,201,201,201,VN00201,201,TRX06701,0.0,799976100.94
6702,202,202,202,VN00202,202,TRX06702,336806679.09,0.0
6703,203,203,203,VN00203,203,TRX06703,725943236.45,0.0
6704,204,204,204,VN00204,204,TRX06704,0.0,268824761.97
6705,205,205,205,VN00205,205,TRX06705,0.0,22450099.85
6706,206,206,206,VN00206,206,TRX06706,436942109.12,0.0
6707,207,207,207,VN00207,207,TRX06707,228154552.01,0.0
6708,208,208,208,VN00208,208,TRX06708,239007052.81,0.0
6709,209,209,209,VN00209,209,TRX06709,0.0,395154288.14
6710,210,210,210,VN00210,210,TRX06710,0.0,661833715.54
6711,211,211,211,VN00211,211,TRX06711,127153886.55,0.0
6712,212,212,212,VN00212,212,TRX06712,0.0,538667387.88
6713,213,213,213,VN00213,213,TRX06713,436660666.14,0.0
6714,214,214,214,VN00214,214,TRX06714,0.0,996069677.0
6715,215,215,215,VN00215,215,TRX06715,0.0,692720384.75
6716,216,216,216,VN00216,216,TRX06716,0.0,880827683.78
6717,217,217,217,VN00217,217,TRX06717,0.0,835754704.95
6718,218,218,218,VN00218,218,TRX06718,0.0,165109672.42
6719,219,219,219,VN00219,219,TRX06719,131264422.85,0.0
6720,220,220,220,VN00220,220,TRX06720,0.0,70871091.49
6721,221,221,221,VN00221,221,TRX06721,118442354.76,0.0
6722,222,222,222,VN00222,222,TRX06722,830085174.26,0.0
6723,223,223,223,VN00223,223,TRX06723,744626309.25,0.0
6724,224,224,224,VN00224,224,TRX06724,59978815.23,0.0
6725,225,225,225,VN00225,225,TRX06725,0.0,330468492.57
6726,226,226,226,VN00226,226,TRX06726,0.0,948474363.87
6727,227,227,227,VN00227,227,TRX06727,0.0,199009152.16
6728,228,228,228,VN00228,228,TRX06728,0.0,531420586.81
6729,229,229,229,VN00229,229,TRX06729,0.0,924348535.39
6730,230,230,230,VN00230,230,TRX06730,139640800.27,0.0
6731,231,231,231,VN00231,231,TRX06731,0.0,542034938.69
6732,232,232,232,VN00232,232,TRX06732,0.0,403016186.88
6733,233,233,233,VN00233,233,TRX06733,0.0,231878793.76
6734,234,234,234,VN00234,234,TRX06734,730921204.11,0.0
6735,235,235,235,VN00235,235,TRX06735,975788455.69,0.0
6736,236,236,236,VN00236,236,TRX06736,172088712.42,0.0
6737,237,237,237,VN00237,237,TRX06737,576373556.04,0.0
6738,238,238,238,VN00238,238,TRX06738,0.0,44253889.76
6739,239,239,239,VN00239,239,TRX06739,0.0,322589952.54
6740,240,240,240,VN00240,240,TRX06740,0.0,222646996.16
6741,241,241,241,VN00241,241,TRX06741,0.0,565035296.07
6742,242,242,242,VN00242,242,TRX06742,0.0,491937551.05
6743,243,243,243,VN00243,243,TRX06743,842765189.95,0.0
6744,244,244,244,VN00244,244,TRX06744,0.0,998738649.71
6745,245,245,245,VN00245,245,TRX06745,922256204.61,0.0
6746,246,246,246,VN00246,246,TRX06746,646705642.5,0.0
6747,247,247,247,VN00247,247,TRX06747,0.0,132562585.15
6748,248,248,248,VN00248,248,TRX06748,653916914.09,0.0
6749,249,249,249,VN00249,249,TRX06749,0.0,451322781.78
6750,250,250,250,VN00250,250,TRX06750,0.0,194941669.13
6751,1,1,1,VN00001,1,TRX06751,0.0,741180306.9
6752,2,2,2,VN00002,2,TRX06752,977461164.57,0.0
6753,3,3,3,VN00003,3,TRX06753,0.0,515726798.87
6754,4,4,4,VN00004,4,TRX06754,0.0,246442659.84
6755,5,5,5,VN00005,5,TRX06755,991137637.51,0.0
6756,6,6,6,VN00006,6,TRX06756,0.0,474779422.51
6757,7,7,7,VN00007,7,TRX06757,0.0,996408050.11
6758,8,8,8,VN00008,8,TRX06758,931955056.23,0.0
6759,9,9,9,VN00009,9,TRX06759,587230043.5,0.0
6760,10,10,10,VN00010,10,TRX06760,0.0,397581537.97
6761,11,11,11,VN00011,11,TRX06761,0.0,413066981.45
6762,12,12,12,VN00012,12,TRX06762,35181165.48,0.0
6763,13,13,13,VN00013,13,TRX06763,0.0,466344267.26
6764,14,14,14,VN00014,14,TRX06764,0.0,966664459.76
6765,15,15,15,VN00015,15,TRX06765,0.0,996215058.99
6766,16,16,16,VN00016,16,TRX06766,0.0,956469204.12
6767,17,17,17,VN00017,17,TRX06767,744751042.27,0.0
6768,18,18,18,VN00018,18,TRX06768,0.0,442601822.89
6769,19,19,19,VN00019,19,TRX06769,252330337.4,0.0
6770,20,20,20,VN00020,20,TRX06770,0.0,538074775.86
6771,21,21,21,VN00021,21,TRX06771,0.0,385464324.86
6772,22,22,22,VN00022,22,TRX06772,122506853.97,0.0
6773,23,23,23,VN00023,23,TRX06773,635113261.83,0.0
6774,24,24,24,VN00024,24,TRX06774,0.0,619146940.66
6775,25,25,25,VN00025,25,TRX06775,0.0,458586761.24
6776,26,26,26,VN00026,26,TRX06776,0.0,679130400.76
6777,27,27,27,VN00027,27,TRX06777,277645933.01,0.0
6778,28,28,28,VN00028,28,TRX06778,0.0,925282037.91
6779,29,29,29,VN00029,29,TRX06779,524474199.99,0.0
6780,30,30,30,VN00030,30,TRX06780,388476272.24,0.0
6781,31,31,31,VN00031,31,TRX06781,0.0,617815048.62
6782,32,32,32,VN00032,32,TRX06782,637860705.35,0.0
6783,33,33,33,VN00033,33,TRX06783,953438638.57,0.0
6784,34,34,34,VN00034,34,TRX06784,451552252.07,0.0
6785,35,35,35,VN00035,35,TRX06785,0.0,864151145.82
6786,36,36,36,VN00036,36,TRX06786,0.0,229596947.23
6787,37,37,37,VN00037,37,TRX06787,0.0,736946852.19
6788,38,38,38,VN00038,38,TRX06788,493222749.78,0.0
6789,39,39,39,VN00039,39,TRX06789,0.0,45240542.54
6790,40,40,40,VN00040,40,TRX06790,0.0,877007042.37
6791,41,41,41,VN00041,41,TRX06791,616223749.2,0.0
6792,42,42,42,VN00042,42,TRX06792,0.0,529933476.52
6793,43,43,43,VN00043,43,TRX06793,0.0,923286394.58
6794,44,44,44,VN00044,44,TRX06794,0.0,765432721.56
6795,45,45,45,VN00045,45,TRX06795,0.0,938478648.15
6796,46,46,46,VN00046,46,TRX06796,0.0,218918824.22
6797,47,47,47,VN00047,47,TRX06797,117452705.45,0.0
6798,48,48,48,VN00048,48,TRX06798,784773592.56,0.0
6799,49,49,49,VN00049,49,TRX06799,98087339.3,0.0
6800,50,50,50,VN00050,50,TRX06800,0.0,438558542.45
6801,51,51,51,VN00051,51,TRX06801,0.0,100689371.61
6802,52,52,52,VN00052,52,TRX06802,923693464.04,0.0
6803,53,53,53,VN00053,53,TRX06803,895866390.56,0.0
6804,54,54,54,VN00054,54,TRX06804,0.0,66241243.67
6805,55,55,55,VN00055,55,TRX06805,0.0,862569511.9
6806,56,56,56,VN00056,56,TRX06806,0.0,204990989.7
6807,57,57,57,VN00057,57,TRX06807,0.0,830148114.25
6808,58,58,58,VN00058,58,TRX06808,977307257.18,0.0
6809,59,59,59,VN00059,59,TRX06809,865450183.32,0.0
6810,60,60,60,VN00060,60,TRX06810,640705131.49,0.0
6811,61,61,61,VN00061,61,TRX06811,611545840.98,0.0
6812,62,62,62,VN00062,62,TRX06812,404061361.68,0.0
6813,63,63,63,VN00063,63,TRX06813,25653670.28,0.0
6814,64,64,64,VN00064,64,TRX06814,583209875.61,0.0
6815,65,65,65,VN00065,65,TRX06815,472806936.46,0.0
6816,66,66,66,VN00066,66,TRX06816,908275671.66,0.0
6817,67,67,67,VN00067,67,TRX06817,0.0,722349442.17
6818,68,68,68,VN00068,68,TRX06818,746216855.14,0.0
6819,69,69,69,VN00069,69,TRX06819,0.0,470735441.4
6820,70,70,70,VN00070,70,TRX06820,93852419.41,0.0
6821,71,71,71,VN00071,71,TRX06821,515586917.44,0.0
6822,72,72,72,VN00072,72,TRX06822,0.0,844115247.13
6823,73,73,73,VN00073,73,TRX06823,888575804.23,0.0
6824,74,74,74,VN00074,74,TRX06824,0.0,4079084.65
6825,75,75,75,VN00075,75,TRX06825,0.0,135112831.98
6826,76,76,76,VN00076,76,TRX06826,0.0,644864776.06
6827,77,77,77,VN00077,77,TRX06827,0.0,44011349.86
6828,78,78,78,VN00078,78,TRX06828,0.0,600125417.72
6829,79,79,79,VN00079,79,TRX06829,708191457.06,0.0
6830,80,80,80,VN00080,80,TRX06830,707100581.64,0.0
6831,81,81,81,VN00081,81,TRX06831,0.0,571034278.64
6832,82,82,82,VN00082,82,TRX06832,569042179.45,0.0
6833,83,83,83,VN00083,83,TRX06833,788715580.87,0.0
6834,84,84,84,VN00084,84,TRX06834,0.0,794126754.82
6835,85,85,85,VN00085,85,TRX06835,0.0,447728535.24
6836,86,86,86,VN00086,86,TRX06836,0.0,736314924.48
6837,87,87,87,VN00087,87,TRX06837,242380932.69,0.0
6838,88,88,88,VN00088,88,TRX06838,0.0,898515484.18
6839,89,89,89,VN00089,89,TRX06839,514184568.88,0.0
6840,90,90,90,VN00090,90,TRX06840,167834544.17,0.0
6841,91,91,91,VN00091,91,TRX06841,239888496.14,0.0
6842,92,92,92,VN00092,92,TRX06842,0.0,971330611.8
6843,93,93,93,VN00093,93,TRX06843,0.0,692519428.41
6844,94,94,94,VN00094,94,TRX06844,90368257.54,0.0
6845,95,95,95,VN00095,95,TRX06845,245087438.53,0.0
6846,96,96,96,VN00096,96,TRX06846,720672129.84,0.0
6847,97,97,97,VN00097,97,TRX06847,0.0,766781602.91
6848,98,98,98,VN00098,98,TRX06848,252122022.94,0.0
6849,99,99,99,VN00099,99,TRX06849,895485793.45,0.0
6850,100,100,100,VN00100,100,TRX06850,338809481.29,0.0
6851,101,101,101,VN00101,101,TRX06851,848937480.77,0.0
6852,102,102,102,VN00102,102,TRX06852,511931152.16,0.0
6853,103,103,103,VN00103,103,TRX06853,0.0,901634823.42
6854,104,104,104,VN00104,104,TRX06854,468678664.77,0.0
6855,105,105,105,VN00105,105,TRX06855,756375432.83,0.0
6856,106,106,106,VN00106,106,TRX06856,389374736.58,0.0
6857,107,107,107,VN00107,107,TRX06857,646774845.73,0.0
6858,108,108,108,VN00108,108,TRX06858,599239308.99,0.0
6859,109,109,109,VN00109,109,TRX06859,0.0,885055133.02
6860,110,110,110,VN00110,110,TRX06860,0.0,600477355.55
6861,111,111,111,VN00111,111,TRX06861,0.0,922275592.45
6862,112,112,112,VN00112,112,TRX06862,0.0,181215708.01
6863,113,113,113,VN00113,113,TRX06863,0.0,47738544.93
6864,114,114,114,VN00114,114,TRX06864,859994256.26,0.0
6865,115,115,115,VN00115,115,TRX06865,296991859.62,0.0
6866,116,116,116,VN00116,116,TRX06866,328816776.8,0.0
6867,117,117,117,VN00117,117,TRX06867,0.0,681920049.3
6868,118,118,118,VN00118,118,TRX06868,0.0,719072475.14
6869,119,119,119,VN00119,119,TRX06869,775430627.29,0.0
6870,120,120,120,VN00120,120,TRX06870,472699104.05,0.0
6871,121,121,121,VN00121,121,TRX06871,0.0,283470749.67
6872,122,122,122,VN00122,122,TRX06872,0.0,443824483.71
6873,123,123,123,VN00123,123,TRX06873,0.0,579982734.94
6874,124,124,124,VN00124,124,TRX06874,676664695.89,0.0
6875,125,125,125,VN00125,125,TRX06875,385599880.56,0.0
6876,126,126,126,VN00126,126,TRX06876,614103517.33,0.0
6877,127,127,127,VN00127,127,TRX06877,233497460.53,0.0
6878,128,128,128,VN00128,128,TRX06878,0.0,642620597.44
6879,129,129,129,VN00129,129,TRX06879,93262528.9,0.0
6880,130,130,130,VN00130,130,TRX06880,0.0,969266581.41
6881,131,131,131,VN00131,131,TRX06881,0.0,304880737.91
6882,132,132,132,VN00132,132,TRX06882,263919541.68,0.0
6883,133,133,133,VN00133,133,TRX06883,0.0,88995613.09
6884,134,134,134,VN00134,134,TRX06884,924682604.11,0.0
6885,135,135,135,VN00135,135,TRX06885,227124125.43,0.0
6886,136,136,136,VN00136,136,TRX06886,517223570.3,0.0
6887,137,137,137,VN00137,137,TRX06887,589618385.26,0.0
6888,138,138,138,VN00138,138,TRX06888,0.0,524402266.47
6889,139,139,139,VN00139,139,TRX06889,580546318.78,0.0
6890,140,140,140,VN00140,140,TRX06890,0.0,212113179.62
6891,141,141,141,VN00141,141,TRX06891,871700673.42,0.0
6892,142,142,142,VN00142,142,TRX06892,594130511.38,0.0
6893,143,143,143,VN00143,143,TRX06893,0.0,641441631.3
6894,144,144,144,VN00144,144,TRX06894,0.0,983458505.92
6895,145,145,145,VN00145,145,TRX06895,0.0,613021575.91
6896,146,146,146,VN00146,146,TRX06896,0.0,936926731.47
6897,147,147,147,VN00147,147,TRX06897,818044637.83,0.0
6898,148,148,148,VN00148,148,TRX06898,977267146.94,0.0
6899,149,149,149,VN00149,149,TRX06899,559146549.35,0.0
6900,150,150,150,VN00150,150,TRX06900,247353193.76,0.0
6901,151,151,151,VN00151,151,TRX06901,0.0,398751800.0
6902,152,152,152,VN00152,152,TRX06902,676918448.77,0.0
6903,153,153,153,VN00153,153,TRX06903,952968804.58,0.0
6904,154,154,154,VN00154,154,TRX06904,0.0,701143415.87
6905,155,155,155,VN00155,155,TRX06905,0.0,688787435.65
6906,156,156,156,VN00156,156,TRX06906,0.0,931766797.38
6907,157,157,157,VN00157,157,TRX06907,178009626.19,0.0
6908,158,158,158,VN00158,158,TRX06908,211742010.11,0.0
6909,159,159,159,VN00159,159,TRX06909,0.0,878961546.93
6910,160,160,160,VN00160,160,TRX06910,507117655.19,0.0
6911,161,161,161,VN00161,161,TRX06911,773243399.88,0.0
6912,162,162,162,VN00162,162,TRX06912,0.0,108732246.64
6913,163,163,163,VN00163,163,TRX06913,104247546.47,0.0
6914,164,164,164,VN00164,164,TRX06914,0.0,239097000.05
6915,165,165,165,VN00165,165,TRX06915,0.0,917130757.82
6916,166,166,166,VN00166,166,TRX06916,0.0,607655909.52
6917,167,167,167,VN00167,167,TRX06917,558125580.43,0.0
6918,168,168,168,VN00168,168,TRX06918,734772136.49,0.0
6919,169,169,169,VN00169,169,TRX06919,0.0,640300488.83
6920,170,170,170,VN00170,170,TRX06920,323172484.24,0.0
6921,171,171,171,VN00171,171,TRX06921,445798143.74,0.0
6922,172,172,172,VN00172,172,TRX06922,0.0,35335725.29
6923,173,173,173,VN00173,173,TRX06923,0.0,273922422.31
6924,174,174,174,VN00174,174,TRX06924,0.0,55581727.39
6925,175,175,175,VN00175,175,TRX06925,200458835.74,0.0
6926,176,176,176,VN00176,176,TRX06926,310868487.73,0.0
6927,177,177,177,VN00177,177,TRX06927,645766900.37,0.0
6928,178,178,178,VN00178,178,TRX06928,269994823.34,0.0
6929,179,179,179,VN00179,179,TRX06929,0.0,771150880.27
6930,180,180,180,VN00180,180,TRX06930,291149290.69,0.0
6931,181,181,181,VN00181,181,TRX06931,0.0,944101938.49
6932,182,182,182,VN00182,182,TRX06932,0.0,432547239.49
6933,183,183,183,VN00183,183,TRX06933,738312086.09,0.0
6934,184,184,184,VN00184,184,TRX06934,0.0,850515867.55
6935,185,185,185,VN00185,185,TRX06935,0.0,404755696.3
6936,186,186,186,VN00186,186,TRX06936,0.0,739675876.68
6937,187,187,187,VN00187,187,TRX06937,272632635.5,0.0
6938,188,188,188,VN00188,188,TRX06938,0.0,605900467.53
6939,189,189,189,VN00189,189,TRX06939,0.0,301894234.24
6940,190,190,190,VN00190,190,TRX06940,67000993.01,0.0
6941,191,191,191,VN00191,191,TRX06941,638080466.12,0.0
6942,192,192,192,VN00192,192,TRX06942,962292765.42,0.0
6943,193,193,193,VN00193,193,TRX06943,734893324.64,0.0
6944,194,194,194,VN00194,194,TRX06944,979429300.47,0.0
6945,195,195,195,VN00195,195,TRX06945,965290455.12,0.0
6946,196,196,196,VN00196,196,TRX06946,0.0,7926052.87
6947,197,197,197,VN00197,197,TRX06947,0.0,498539132.36
6948,198,198,198,VN00198,198,TRX06948,813927127.82,0.0
6949,199,199,199,VN00199,199,TRX06949,0.0,634708399.98
6950,200,200,200,VN00200,200,TRX06950,321506432.66,0.0
6951,201,201,201,VN00201,201,TRX06951,933610647.43,0.0
6952,202,202,202,VN00202,202,TRX06952,47899308.33,0.0
6953,203,203,203,VN00203,203,TRX06953,397086512.31,0.0
6954,204,204,204,VN00204,204,TRX06954,977301630.17,0.0
6955,205,205,205,VN00205,205,TRX06955,0.0,229890090.79
6956,206,206,206,VN00206,206,TRX06956,46511751.51,0.0
6957,207,207,207,VN00207,207,TRX06957,341170716.28,0.0
6958,208,208,208,VN00208,208,TRX06958,78789542.67,0.0
6959,209,209,209,VN00209,209,TRX06959,587519877.66,0.0
6960,210,210,210,VN00210,210,TRX06960,616854338.41,0.0
6961,211,211,211,VN00211,211,TRX06961,0.0,101261865.07
6962,212,212,212,VN00212,212,TRX06962,995597386.93,0.0
6963,213,213,213,VN00213,213,TRX06963,0.0,803873476.74
6964,214,214,214,VN00214,214,TRX06964,0.0,54676399.9
6965,215,215,215,VN00215,215,TRX06965,0.0,73102518.8
6966,216,216,216,VN00216,216,TRX06966,681741008.72,0.0
6967,217,217,217,VN00217,217,TRX06967,153403838.34,0.0
6968,218,218,218,VN00218,218,TRX06968,614965128.5,0.0
6969,219,219,219,VN00219,219,TRX06969,186407449.86,0.0
6970,220,220,220,VN00220,220,TRX06970,0.0,676788394.12
6971,221,221,221,VN00221,221,TRX06971,971501557.39,0.0
6972,222,222,222,VN00222,222,TRX06972,655337023.75,0.0
6973,223,223,223,VN00223,223,TRX06973,0.0,491753611.12
6974,224,224,224,VN00224,224,TRX06974,135071696.76,0.0
6975,225,225,225,VN00225,225,TRX06975,781493060.56,0.0
6976,226,226,226,VN00226,226,TRX06976,0.0,953773116.35
6977,227,227,227,VN00227,227,TRX06977,0.0,406053000.95
6978,228,228,228,VN00228,228,TRX06978,0.0,694534289.69
6979,229,229,229,VN00229,229,TRX06979,0.0,582233518.25
6980,230,230,230,VN00230,230,TRX06980,0.0,589074398.48
6981,231,231,231,VN00231,231,TRX06981,0.0,565201773.71
6982,232,232,232,VN00232,232,TRX06982,708729680.69,0.0
6983,233,233,233,VN00233,233,TRX06983,744348521.77,0.0
6984,234,234,234,VN00234,234,TRX06984,0.0,105129652.7
6985,235,235,235,VN00235,235,TRX06985,0.0,216149660.91
6986,236,236,236,VN00236,236,TRX06986,0.0,161692862.77
6987,237,237,237,VN00237,237,TRX06987,419828560.71,0.0
6988,238,238,238,VN00238,238,TRX06988,0.0,460686465.08
6989,239,239,239,VN00239,239,TRX06989,129721923.26,0.0
6990,240,240,240,VN00240,240,TRX06990,0.0,445177179.56
6991,241,241,241,VN00241,241,TRX06991,461092288.22,0.0
6992,242,242,242,VN00242,242,TRX06992,0.0,130676286.11
6993,243,243,243,VN00243,243,TRX06993,0.0,372103253.41
6994,244,244,244,VN00244,244,TRX06994,0.0,112348434.3
6995,245,245,245,VN00245,245,TRX06995,822511773.79,0.0
6996,246,246,246,VN00246,246,TRX06996,651329120.04,0.0
6997,247,247,247,VN00247,247,TRX06997,0.0,438687551.04
6998,248,248,248,VN00248,248,TRX06998,841622641.9,0.0
6999,249,249,249,VN00249,249,TRX06999,0.0,958864845.29
7000,250,250,250,VN00250,250,TRX07000,0.0,843619637.52
7001,1,1,1,VN00001,1,TRX07001,0.0,57090453.11
7002,2,2,2,VN00002,2,TRX07002,521495066.75,0.0
7003,3,3,3,VN00003,3,TRX07003,0.0,292818567.36
7004,4,4,4,VN00004,4,TRX07004,48083758.74,0.0
7005,5,5,5,VN00005,5,TRX07005,627713001.22,0.0
7006,6,6,6,VN00006,6,TRX07006,0.0,136142783.57
7007,7,7,7,VN00007,7,TRX07007,0.0,983676504.18
7008,8,8,8,VN00008,8,TRX07008,279108307.99,0.0
7009,9,9,9,VN00009,9,TRX07009,0.0,151837049.41
7010,10,10,10,VN00010,10,TRX07010,459895758.1,0.0
7011,11,11,11,VN00011,11,TRX07011,0.0,316967642.85
7012,12,12,12,VN00012,12,TRX07012,0.0,590928438.78
7013,13,13,13,VN00013,13,TRX07013,0.0,49979764.24
7014,14,14,14,VN00014,14,TRX07014,0.0,923555347.55
7015,15,15,15,VN00015,15,TRX07015,332332228.7,0.0
7016,16,16,16,VN00016,16,TRX07016,0.0,580860636.68
7017,17,17,17,VN00017,17,TRX07017,0.0,451150953.15
7018,18,18,18,VN00018,18,TRX07018,141450693.41,0.0
7019,19,19,19,VN00019,19,TRX07019,471518490.45,0.0
7020,20,20,20,VN00020,20,TRX07020,0.0,842317894.98
7021,21,21,21,VN00021,21,TRX07021,41812649.37,0.0
7022,22,22,22,VN00022,22,TRX07022,719833341.62,0.0
7023,23,23,23,VN00023,23,TRX07023,515830682.6,0.0
7024,24,24,24,VN00024,24,TRX07024,0.0,819463702.31
7025,25,25,25,VN00025,25,TRX07025,682523766.17,0.0
7026,26,26,26,VN00026,26,TRX07026,0.0,197313860.65
7027,27,27,27,VN00027,27,TRX07027,0.0,140567127.15
7028,28,28,28,VN00028,28,TRX07028,20568287.98,0.0
7029,29,29,29,VN00029,29,TRX07029,0.0,86088258.26
7030,30,30,30,VN00030,30,TRX07030,0.0,797491931.13
7031,31,31,31,VN00031,31,TRX07031,508910616.02,0.0
7032,32,32,32,VN00032,32,TRX07032,326164587.06,0.0
7033,33,33,33,VN00033,33,TRX07033,912176728.17,0.0
7034,34,34,34,VN00034,34,TRX07034,0.0,278929204.74
7035,35,35,35,VN00035,35,TRX07035,0.0,487637833.06
7036,36,36,36,VN00036,36,TRX07036,550920709.43,0.0
7037,37,37,37,VN00037,37,TRX07037,0.0,114616797.31
7038,38,38,38,VN00038,38,TRX07038,0.0,743870562.24
7039,39,39,39,VN00039,39,TRX07039,0.0,497873570.6
7040,40,40,40,VN00040,40,TRX07040,740856827.71,0.0
7041,41,41,41,VN00041,41,TRX07041,19595067.26,0.0
7042,42,42,42,VN00042,42,TRX07042,809041072.97,0.0
7043,43,43,43,VN00043,43,TRX07043,0.0,774415181.14
7044,44,44,44,VN00044,44,TRX07044,870084692.51,0.0
7045,45,45,45,VN00045,45,TRX07045,620736045.26,0.0
7046,46,46,46,VN00046,46,TRX07046,0.0,987786074.61
7047,47,47,47,VN00047,47,TRX07047,0.0,329487228.1
7048,48,48,48,VN00048,48,TRX07048,416534993.28,0.0
7049,49,49,49,VN00049,49,TRX07049,0.0,578790877.88
7050,50,50,50,VN00050,50,TRX07050,0.0,773830814.85
7051,51,51,51,VN00051,51,TRX07051,0.0,116034935.07
7052,52,52,52,VN00052,52,TRX07052,0.0,708953458.08
7053,53,53,53,VN00053,53,TRX07053,454496095.14,0.0
7054,54,54,54,VN00054,54,TRX07054,0.0,417583074.9
7055,55,55,55,VN00055,55,TRX07055,444269008.09,0.0
7056,56,56,56,VN00056,56,TRX07056,0.0,52323823.78
7057,57,57,57,VN00057,57,TRX07057,211648436.06,0.0
7058,58,58,58,VN00058,58,TRX07058,989395851.93,0.0
7059,59,59,59,VN00059,59,TRX07059,452071977.55,0.0
7060,60,60,60,VN00060,60,TRX07060,0.0,872746424.63
7061,61,61,61,VN00061,61,TRX07061,0.0,471971295.62
7062,62,62,62,VN00062,62,TRX07062,381696812.64,0.0
7063,63,63,63,VN00063,63,TRX07063,297488.96,0.0
7064,64,64,64,VN00064,64,TRX07064,394147762.93,0.0
7065,65,65,65,VN00065,65,TRX07065,0.0,428120822.19
7066,66,66,66,VN00066,66,TRX07066,458725584.43,0.0
7067,67,67,67,VN00067,67,TRX07067,0.0,81035995.07
7068,68,68,68,VN00068,68,TRX07068,627763907.41,0.0
7069,69,69,69,VN00069,69,TRX07069,0.0,767593348.16
7070,70,70,70,VN00070,70,TRX07070,619174758.65,0.0
7071,71,71,71,VN00071,71,TRX07071,0.0,950096659.82
7072,72,72,72,VN00072,72,TRX07072,0.0,368499679.86
7073,73,73,73,VN00073,73,TRX07073,204829159.24,0.0
7074,74,74,74,VN00074,74,TRX07074,531061821.76,0.0
7075,75,75,75,VN00075,75,TRX07075,0.0,786713416.23
7076,76,76,76,VN00076,76,TRX07076,0.0,895611395.9
7077,77,77,77,VN00077,77,TRX07077,663301205.09,0.0
7078,78,78,78,VN00078,78,TRX07078,0.0,866666469.8
7079,79,79,79,VN00079,79,TRX07079,0.0,660009685.51
7080,80,80,80,VN00080,80,TRX07080,0.0,36117190.84
7081,81,81,81,VN00081,81,TRX07081,0.0,245976556.24
7082,82,82,82,VN00082,82,TRX07082,234513303.49,0.0
7083,83,83,83,VN00083,83,TRX07083,0.0,871053943.51
7084,84,84,84,VN00084,84,TRX07084,534512351.65,0.0
7085,85,85,85,VN00085,85,TRX07085,645592442.75,0.0
7086,86,86,86,VN00086,86,TRX07086,0.0,20142195.74
7087,87,87,87,VN00087,87,TRX07087,0.0,560715554.67
7088,88,88,88,VN00088,88,TRX07088,0.0,948519090.05
7089,89,89,89,VN00089,89,TRX07089,0.0,455142943.01
7090,90,90,90,VN00090,90,TRX07090,740807067.3,0.0
7091,91,91,91,VN00091,91,TRX07091,0.0,9137054.77
7092,92,92,92,VN00092,92,TRX07092,122534862.78,0.0
7093,93,93,93,VN00093,93,TRX07093,0.0,357878038.88
7094,94,94,94,VN00094,94,TRX07094,0.0,266897681.83
7095,95,95,95,VN00095,95,TRX07095,0.0,686104599.97
7096,96,96,96,VN00096,96,TRX07096,406635359.21,0.0
7097,97,97,97,VN00097,97,TRX07097,0.0,702907775.41
7098,98,98,98,VN00098,98,TRX07098,0.0,816115774.89
7099,99,99,99,VN00099,99,TRX07099,0.0,157235672.34
7100,100,100,100,VN00100,100,TRX07100,277833076.81,0.0
7101,101,101,101,VN00101,101,TRX07101,679363817.06,0.0
7102,102,102,102,VN00102,102,TRX07102,864398363.4,0.0
7103,103,103,103,VN00103,103,TRX07103,521504490.4,0.0
7104,104,104,104,VN00104,104,TRX07104,700803013.28,0.0
7105,105,105,105,VN00105,105,TRX07105,834786307.3,0.0
7106,106,106,106,VN00106,106,TRX07106,0.0,419372261.77
7107,107,107,107,VN00107,107,TRX07107,0.0,580346398.49
7108,108,108,108,VN00108,108,TRX07108,730182039.74,0.0
7109,109,109,109,VN00109,109,TRX07109,124984476.82,0.0
7110,110,110,110,VN00110,110,TRX07110,455056307.38,0.0
7111,111,111,111,VN00111,111,TRX07111,177506022.81,0.0
7112,112,112,112,VN00112,112,TRX07112,463253755.03,0.0
7113,113,113,113,VN00113,113,TRX07113,0.0,243246461.13
7114,114,114,114,VN00114,114,TRX07114,739988431.31,0.0
7115,115,115,115,VN00115,115,TRX07115,820676588.95,0.0
7116,116,116,116,VN00116,116,TRX07116,828060106.77,0.0
7117,117,117,117,VN00117,117,TRX07117,807191759.5,0.0
7118,118,118,118,VN00118,118,TRX07118,0.0,32836792.19
7119,119,119,119,VN00119,119,TRX07119,291044584.85,0.0
7120,120,120,120,VN00120,120,TRX07120,239519781.25,0.0
7121,121,121,121,VN00121,121,TRX07121,0.0,999452815.57
7122,122,122,122,VN00122,122,TRX07122,0.0,847656191.76
7123,123,123,123,VN00123,123,TRX07123,0.0,110204957.47
7124,124,124,124,VN00124,124,TRX07124,787377758.42,0.0
7125,125,125,125,VN00125,125,TRX07125,0.0,447537715.68
7126,126,126,126,VN00126,126,TRX07126,109328877.28,0.0
7127,127,127,127,VN00127,127,TRX07127,0.0,187431847.17
7128,128,128,128,VN00128,128,TRX07128,0.0,316968081.43
7129,129,129,129,VN00129,129,TRX07129,203229574.02,0.0
7130,130,130,130,VN00130,130,TRX07130,987031089.37,0.0
7131,131,131,131,VN00131,131,TRX07131,0.0,274652082.57
7132,132,132,132,VN00132,132,TRX07132,799511655.31,0.0
7133,133,133,133,VN00133,133,TRX07133,0.0,903131220.01
7134,134,134,134,VN00134,134,TRX07134,65630448.6,0.0
7135,135,135,135,VN00135,135,TRX07135,0.0,906331226.39
7136,136,136,136,VN00136,136,TRX07136,684514895.94,0.0
7137,137,137,137,VN00137,137,TRX07137,643825002.43,0.0
7138,138,138,138,VN00138,138,TRX07138,871624431.45,0.0
7139,139,139,139,VN00139,139,TRX07139,0.0,168292115.72
7140,140,140,140,VN00140,140,TRX07140,0.0,269283524.52
7141,141,141,141,VN00141,141,TRX07141,562926828.05,0.0
7142,142,142,142,VN00142,142,TRX07142,0.0,348887799.46
7143,143,143,143,VN00143,143,TRX07143,0.0,496875518.98
7144,144,144,144,VN00144,144,TRX07144,0.0,875669857.57
7145,145,145,145,VN00145,145,TRX07145,0.0,232925073.23
7146,146,146,146,VN00146,146,TRX07146,781481334.84,0.0
7147,147,147,147,VN00147,147,TRX07147,817547808.75,0.0
7148,148,148,148,VN00148,148,TRX07148,0.0,559710731.01
7149,149,149,149,VN00149,149,TRX07149,265852287.43,0.0
7150,150,150,150,VN00150,150,TRX07150,103225702.53,0.0
7151,151,151,151,VN00151,151,TRX07151,0.0,716816652.25
7152,152,152,152,VN00152,152,TRX07152,179194638.57,0.0
7153,153,153,153,VN00153,153,TRX07153,0.0,947739568.77
7154,154,154,154,VN00154,154,TRX07154,0.0,448725396.93
7155,155,155,155,VN00155,155,TRX07155,810978767.11,0.0
7156,156,156,156,VN00156,156,TRX07156,89984462.53,0.0
7157,157,157,157,VN00157,157,TRX07157,0.0,263314668.94
7158,158,158,158,VN00158,158,TRX07158,930118523.79,0.0
7159,159,159,159,VN00159,159,TRX07159,0.0,833196679.0
7160,160,160,160,VN00160,160,TRX07160,0.0,630859786.43
7161,161,161,161,VN00161,161,TRX07161,0.0,547377421.62
7162,162,162,162,VN00162,162,TRX07162,0.0,938021463.97
7163,163,163,163,VN00163,163,TRX07163,457758638.85,0.0
7164,164,164,164,VN00164,164,TRX07164,0.0,123357983.28
7165,165,165,165,VN00165,165,TRX07165,711993987.75,0.0
7166,166,166,166,VN00166,166,TRX07166,0.0,158344614.05
7167,167,167,167,VN00167,167,TRX07167,0.0,17311501.74
7168,168,168,168,VN00168,168,TRX07168,0.0,722222102.32
7169,169,169,169,VN00169,169,TRX07169,0.0,578778569.88
7170,170,170,170,VN00170,170,TRX07170,900589862.22,0.0
7171,171,171,171,VN00171,171,TRX07171,105009290.65,0.0
7172,172,172,172,VN00172,172,TRX07172,525235152.99,0.0
7173,173,173,173,VN00173,173,TRX07173,0.0,294401344.04
7174,174,174,174,VN00174,174,TRX07174,664064647.53,0.0
7175,175,175,175,VN00175,175,TRX07175,891141434.87,0.0
7176,176,176,176,VN00176,176,TRX07176,0.0,761803999.49
7177,177,177,177,VN00177,177,TRX07177,0.0,836520048.06
7178,178,178,178,VN00178,178,TRX07178,0.0,986559086.81
7179,179,179,179,VN00179,179,TRX07179,964805734.08,0.0
7180,180,180,180,VN00180,180,TRX07180,182044794.1,0.0
7181,181,181,181,VN00181,181,TRX07181,626708415.38,0.0
7182,182,182,182,VN00182,182,TRX07182,0.0,810940586.96
7183,183,183,183,VN00183,183,TRX07183,0.0,158997218.25
7184,184,184,184,VN00184,184,TRX07184,293534321.86,0.0
7185,185,185,185,VN00185,185,TRX07185,767166131.79,0.0
7186,186,186,186,VN00186,186,TRX07186,761622743.05,0.0
7187,187,187,187,VN00187,187,TRX07187,0.0,152334120.77
7188,188,188,188,VN00188,188,TRX07188,0.0,840954170.74
7189,189,189,189,VN00189,189,TRX07189,468019567.62,0.0
7190,190,190,190,VN00190,190,TRX07190,665209943.49,0.0
7191,191,191,191,VN00191,191,TRX07191,804800042.46,0.0
7192,192,192,192,VN00192,192,TRX07192,844995958.68,0.0
7193,193,193,193,VN00193,193,TRX07193,693862326.86,0.0
7194,194,194,194,VN00194,194,TRX07194,0.0,34350243.51
7195,195,195,195,VN00195,195,TRX07195,0.0,292743292.86
7196,196,196,196,VN00196,196,TRX07196,734722562.53,0.0
7197,197,197,197,VN00197,197,TRX07197,0.0,623133036.6
7198,198,198,198,VN00198,198,TRX07198,515075861.12,0.0
7199,199,199,199,VN00199,199,TRX07199,24726833.58,0.0
7200,200,200,200,VN00200,200,TRX07200,149240811.94,0.0
7201,201,201,201,VN00201,201,TRX07201,309676580.64,0.0
7202,202,202,202,VN00202,202,TRX07202,464459559.98,0.0
7203,203,203,203,VN00203,203,TRX07203,569684293.9,0.0
7204,204,204,204,VN00204,204,TRX07204,201416534.07,0.0
7205,205,205,205,VN00205,205,TRX07205,0.0,387153397.66
7206,206,206,206,VN00206,206,TRX07206,637175299.38,0.0
7207,207,207,207,VN00207,207,TRX07207,447053118.89,0.0
7208,208,208,208,VN00208,208,TRX07208,542427143.02,0.0
7209,209,209,209,VN00209,209,TRX07209,330809805.32,0.0
7210,210,210,210,VN00210,210,TRX07210,0.0,438231453.22
7211,211,211,211,VN00211,211,TRX07211,775758167.4,0.0
7212,212,212,212,VN00212,212,TRX07212,295347849.32,0.0
7213,213,213,213,VN00213,213,TRX07213,17927035.79,0.0
7214,214,214,214,VN00214,214,TRX07214,750534328.3,0.0
7215,215,215,215,VN00215,215,TRX07215,0.0,614673810.82
7216,216,216,216,VN00216,216,TRX07216,273124882.52,0.0
7217,217,217,217,VN00217,217,TRX07217,0.0,596219727.75
7218,218,218,218,VN00218,218,TRX07218,0.0,269611640.66
7219,219,219,219,VN00219,219,TRX07219,0.0,958870749.53
7220,220,220,220,VN00220,220,TRX07220,0.0,787403109.93
7221,221,221,221,VN00221,221,TRX07221,532752869.53,0.0
7222,222,222,222,VN00222,222,TRX07222,0.0,512595957.1
7223,223,223,223,VN00223,223,TRX07223,62177696.67,0.0
7224,224,224,224,VN00224,224,TRX07224,653433769.19,0.0
7225,225,225,225,VN00225,225,TRX07225,0.0,269899402.85
7226,226,226,226,VN00226,226,TRX07226,60508908.34,0.0
7227,227,227,227,VN00227,227,TRX07227,270710726.85,0.0
7228,228,228,228,VN00228,228,TRX07228,0.0,982177733.3
7229,229,229,229,VN00229,229,TRX07229,0.0,996644717.38
7230,230,230,230,VN00230,230,TRX07230,0.0,478471302.69
7231,231,231,231,VN00231,231,TRX07231,881053076.84,0.0
7232,232,232,232,VN00232,232,TRX07232,120774913.62,0.0
7233,233,233,233,VN00233,233,TRX07233,0.0,977257217.02
7234,234,234,234,VN00234,234,TRX07234,0.0,368450235.27
7235,235,235,235,VN00235,235,TRX07235,408075672.19,0.0
7236,236,236,236,VN00236,236,TRX07236,291754229.29,0.0
7237,237,237,237,VN00237,237,TRX07237,0.0,238545292.22
7238,238,238,238,VN00238,238,TRX07238,0.0,792583002.12
7239,239,239,239,VN00239,239,TRX07239,715693946.14,0.0
7240,240,240,240,VN00240,240,TRX07240,176605255.73,0.0
7241,241,241,241,VN00241,241,TRX07241,414703268.77,0.0
7242,242,242,242,VN00242,242,TRX07242,0.0,503745420.4
7243,243,243,243,VN00243,243,TRX07243,0.0,349476903.44
7244,244,244,244,VN00244,244,TRX07244,229394070.06,0.0
7245,245,245,245,VN00245,245,TRX07245,586256923.33,0.0
7246,246,246,246,VN00246,246,TRX07246,0.0,19221584.54
7247,247,247,247,VN00247,247,TRX07247,250345276.21,0.0
7248,248,248,248,VN00248,248,TRX07248,514474941.45,0.0
7249,249,249,249,VN00249,249,TRX07249,0.0,905503633.82
7250,250,250,250,VN00250,250,TRX07250,998851358.33,0.0
7251,1,1,1,VN00001,1,TRX07251,194276936.5,0.0
7252,2,2,2,VN00002,2,TRX07252,631766746.86,0.0
7253,3,3,3,VN00003,3,TRX07253,63290692.0,0.0
7254,4,4,4,VN00004,4,TRX07254,880724038.79,0.0
7255,5,5,5,VN00005,5,TRX07255,0.0,894398552.05
7256,6,6,6,VN00006,6,TRX07256,474301714.92,0.0
7257,7,7,7,VN00007,7,TRX07257,0.0,520455988.41
7258,8,8,8,VN00008,8,TRX07258,540190236.6,0.0
7259,9,9,9,VN00009,9,TRX07259,0.0,63363145.67
7260,10,10,10,VN00010,10,TRX07260,0.0,506153443.94
7261,11,11,11,VN00011,11,TRX07261,783370906.36,0.0
7262,12,12,12,VN00012,12,TRX07262,896885110.54,0.0
7263,13,13,13,VN00013,13,TRX07263,0.0,33326154.26
7264,14,14,14,VN00014,14,TRX07264,446123527.23,0.0
7265,15,15,15,VN00015,15,TRX07265,810155192.53,0.0
7266,16,16,16,VN00016,16,TRX07266,683571278.6,0.0
7267,17,17,17,VN00017,17,TRX07267,0.0,722039148.15
7268,18,18,18,VN00018,18,TRX07268,0.0,887967033.94
7269,19,19,19,VN00019,19,TRX07269,587019215.38,0.0
7270,20,20,20,VN00020,20,TRX07270,41805030.08,0.0
7271,21,21,21,VN00021,21,TRX07271,125740250.04,0.0
7272,22,22,22,VN00022,22,TRX07272,0.0,179181185.8
7273,23,23,23,VN00023,23,TRX07273,0.0,691937126.35
7274,24,24,24,VN00024,24,TRX07274,0.0,156581665.91
7275,25,25,25,VN00025,25,TRX07275,459326350.31,0.0
7276,26,26,26,VN00026,26,TRX07276,797414813.64,0.0
7277,27,27,27,VN00027,27,TRX07277,0.0,956517341.1
7278,28,28,28,VN00028,28,TRX07278,0.0,583478273.9
7279,29,29,29,VN00029,29,TRX07279,0.0,755989735.8
7280,30,30,30,VN00030,30,TRX07280,334367940.99,0.0
7281,31,31,31,VN00031,31,TRX07281,0.0,468842519.51
7282,32,32,32,VN00032,32,TRX07282,0.0,403819235.63
7283,33,33,33,VN00033,33,TRX07283,0.0,449614618.41
7284,34,34,34,VN00034,34,TRX07284,638139538.2,0.0
7285,35,35,35,VN00035,35,TRX07285,0.0,474720384.51
7286,36,36,36,VN00036,36,TRX07286,185221098.63,0.0
7287,37,37,37,VN00037,37,TRX07287,0.0,868267829.44
7288,38,38,38,VN00038,38,TRX07288,624084407.73,0.0
7289,39,39,39,VN00039,39,TRX07289,0.0,613801758.21
7290,40,40,40,VN00040,40,TRX07290,0.0,398320298.72
7291,41,41,41,VN00041,41,TRX07291,0.0,15602351.41
7292,42,42,42,VN00042,42,TRX07292,172916332.81,0.0
7293,43,43,43,VN00043,43,TRX07293,683113635.98,0.0
7294,44,44,44,VN00044,44,TRX07294,330864956.57,0.0
7295,45,45,45,VN00045,45,TRX07295,367395042.8,0.0
7296,46,46,46,VN00046,46,TRX07296,431724991.29,0.0
7297,47,47,47,VN00047,47,TRX07297,0.0,831399610.15
7298,48,48,48,VN00048,48,TRX07298,16771954.22,0.0
7299,49,49,49,VN00049,49,TRX07299,0.0,177477899.27
7300,50,50,50,VN00050,50,TRX07300,652913648.25,0.0
7301,51,51,51,VN00051,51,TRX07301,0.0,5217758.66
7302,52,52,52,VN00052,52,TRX07302,0.0,358843107.22
7303,53,53,53,VN00053,53,TRX07303,0.0,613726087.62
7304,54,54,54,VN00054,54,TRX07304,0.0,758647546.18
7305,55,55,55,VN00055,55,TRX07305,0.0,68234431.84
7306,56,56,56,VN00056,56,TRX07306,344224799.41,0.0
7307,57,57,57,VN00057,57,TRX07307,0.0,68980644.1
7308,58,58,58,VN00058,58,TRX07308,12002755.76,0.0
7309,59,59,59,VN00059,59,TRX07309,184042595.85,0.0
7310,60,60,60,VN00060,60,TRX07310,0.0,556676119.84
7311,61,61,61,VN00061,61,TRX07311,0.0,165772738.33
7312,62,62,62,VN00062,62,TRX07312,0.0,818616597.61
7313,63,63,63,VN00063,63,TRX07313,609253739.2,0.0
7314,64,64,64,VN00064,64,TRX07314,286598776.91,0.0
7315,65,65,65,VN00065,65,TRX07315,365298042.16,0.0
7316,66,66,66,VN00066,66,TRX07316,0.0,943763526.08
7317,67,67,67,VN00067,67,TRX07317,238184614.65,0.0
7318,68,68,68,VN00068,68,TRX07318,0.0,178473004.72
7319,69,69,69,VN00069,69,TRX07319,0.0,905780425.16
7320,70,70,70,VN00070,70,TRX07320,422726051.09,0.0
7321,71,71,71,VN00071,71,TRX07321,211525185.85,0.0
7322,72,72,72,VN00072,72,TRX07322,124522836.44,0.0
7323,73,73,73,VN00073,73,TRX07323,0.0,844634642.12
7324,74,74,74,VN00074,74,TRX07324,888126320.56,0.0
7325,75,75,75,VN00075,75,TRX07325,0.0,320732215.18
7326,76,76,76,VN00076,76,TRX07326,235344700.47,0.0
7327,77,77,77,VN00077,77,TRX07327,0.0,824378425.51
7328,78,78,78,VN00078,78,TRX07328,0.0,24629842.56
7329,79,79,79,VN00079,79,TRX07329,254536200.94,0.0
7330,80,80,80,VN00080,80,TRX07330,0.0,599191453.29
7331,81,81,81,VN00081,81,TRX07331,0.0,606451576.74
7332,82,82,82,VN00082,82,TRX07332,0.0,104354308.16
7333,83,83,83,VN00083,83,TRX07333,0.0,73662003.85
7334,84,84,84,VN00084,84,TRX07334,769800555.79,0.0
7335,85,85,85,VN00085,85,TRX07335,0.0,919479460.42
7336,86,86,86,VN00086,86,TRX07336,0.0,676312435.08
7337,87,87,87,VN00087,87,TRX07337,0.0,930675248.09
7338,88,88,88,VN00088,88,TRX07338,776855653.21,0.0
7339,89,89,89,VN00089,89,TRX07339,181324532.45,0.0
7340,90,90,90,VN00090,90,TRX07340,648133243.33,0.0
7341,91,91,91,VN00091,91,TRX07341,0.0,116315900.45
7342,92,92,92,VN00092,92,TRX07342,2537773.54,0.0
7343,93,93,93,VN00093,93,TRX07343,0.0,673084200.73
7344,94,94,94,VN00094,94,TRX07344,31341053.97,0.0
7345,95,95,95,VN00095,95,TRX07345,643587581.74,0.0
7346,96,96,96,VN00096,96,TRX07346,0.0,135999663.16
7347,97,97,97,VN00097,97,TRX07347,0.0,595462670.37
7348,98,98,98,VN00098,98,TRX07348,0.0,175600934.75
7349,99,99,99,VN00099,99,TRX07349,0.0,858077258.97
7350,100,100,100,VN00100,100,TRX07350,408683408.67,0.0
7351,101,101,101,VN00101,101,TRX07351,0.0,764899678.49
7352,102,102,102,VN00102,102,TRX07352,254997162.23,0.0
7353,103,103,103,VN00103,103,TRX07353,580330325.7,0.0
7354,104,104,104,VN00104,104,TRX07354,22918061.5,0.0
7355,105,105,105,VN00105,105,TRX07355,0.0,714786438.2
7356,106,106,106,VN00106,106,TRX07356,344961876.04,0.0
7357,107,107,107,VN00107,107,TRX07357,248028548.87,0.0
7358,108,108,108,VN00108,108,TRX07358,449701747.28,0.0
7359,109,109,109,VN00109,109,TRX07359,149588196.42,0.0
7360,110,110,110,VN00110,110,TRX07360,0.0,207017264.87
7361,111,111,111,VN00111,111,TRX07361,992149376.29,0.0
7362,112,112,112,VN00112,112,TRX07362,0.0,822170740.07
7363,113,113,113,VN00113,113,TRX07363,60730297.92,0.0
7364,114,114,114,VN00114,114,TRX07364,0.0,323058706.17
7365,115,115,115,VN00115,115,TRX07365,0.0,104404616.3
7366,116,116,116,VN00116,116,TRX07366,617933712.86,0.0
7367,117,117,117,VN00117,117,TRX07367,848305515.15,0.0
7368,118,118,118,VN00118,118,TRX07368,687740502.61,0.0
7369,119,119,119,VN00119,119,TRX07369,0.0,537434072.17
7370,120,120,120,VN00120,120,TRX07370,121084426.34,0.0
7371,121,121,121,VN00121,121,TRX07371,829393596.72,0.0
7372,122,122,122,VN00122,122,TRX07372,889595909.34,0.0
7373,123,123,123,VN00123,123,TRX07373,0.0,306457611.9
7374,124,124,124,VN00124,124,TRX07374,30233841.72,0.0
7375,125,125,125,VN00125,125,TRX07375,0.0,921911959.22
7376,126,126,126,VN00126,126,TRX07376,957652401.19,0.0
7377,127,127,127,VN00127,127,TRX07377,0.0,522233097.06
7378,128,128,128,VN00128,128,TRX07378,856892046.08,0.0
7379,129,129,129,VN00129,129,TRX07379,0.0,770557784.64
7380,130,130,130,VN00130,130,TRX07380,163287671.74,0.0
7381,131,131,131,VN00131,131,TRX07381,400125086.47,0.0
7382,132,132,132,VN00132,132,TRX07382,0.0,375681768.17
7383,133,133,133,VN00133,133,TRX07383,829448942.74,0.0
7384,134,134,134,VN00134,134,TRX07384,0.0,860424618.23
7385,135,135,135,VN00135,135,TRX07385,0.0,593789088.9
7386,136,136,136,VN00136,136,TRX07386,657746857.72,0.0
7387,137,137,137,VN00137,137,TRX07387,0.0,414225567.29
7388,138,138,138,VN00138,138,TRX07388,0.0,307997505.38
7389,139,139,139,VN00139,139,TRX07389,548605514.04,0.0
7390,140,140,140,VN00140,140,TRX07390,384203251.25,0.0
7391,141,141,141,VN00141,141,TRX07391,0.0,165621137.16
7392,142,142,142,VN00142,142,TRX07392,0.0,648529515.37
7393,143,143,143,VN00143,143,TRX07393,0.0,41509233.39
7394,144,144,144,VN00144,144,TRX07394,0.0,710717930.58
7395,145,145,145,VN00145,145,TRX07395,0.0,695588792.21
7396,146,146,146,VN00146,146,TRX07396,0.0,135386527.25
7397,147,147,147,VN00147,147,TRX07397,0.0,523454913.43
7398,148,148,148,VN00148,148,TRX07398,0.0,284832931.82
7399,149,149,149,VN00149,149,TRX07399,0.0,939580151.27
7400,150,150,150,VN00150,150,TRX07400,0.0,866790817.21
7401,151,151,151,VN00151,151,TRX07401,967759174.4,0.0
7402,152,152,152,VN00152,152,TRX07402,0.0,112417606.56
7403,153,153,153,VN00153,153,TRX07403,848281612.07,0.0
7404,154,154,154,VN00154,154,TRX07404,684823547.91,0.0
7405,155,155,155,VN00155,155,TRX07405,0.0,982623987.76
7406,156,156,156,VN00156,156,TRX07406,0.0,679546906.29
7407,157,157,157,VN00157,157,TRX07407,0.0,308134390.32
7408,158,158,158,VN00158,158,TRX07408,230897099.81,0.0
7409,159,159,159,VN00159,159,TRX07409,0.0,348274588.4
7410,160,160,160,VN00160,160,TRX07410,592844445.91,0.0
7411,161,161,161,VN00161,161,TRX07411,0.0,424237037.67
7412,162,162,162,VN00162,162,TRX07412,221435663.82,0.0
7413,163,163,163,VN00163,163,TRX07413,67828578.43,0.0
7414,164,164,164,VN00164,164,TRX07414,186790812.1,0.0
7415,165,165,165,VN00165,165,TRX07415,0.0,817396919.91
7416,166,166,166,VN00166,166,TRX07416,0.0,619914828.21
7417,167,167,167,VN00167,167,TRX07417,0.0,19822519.34
7418,168,168,168,VN00168,168,TRX07418,560962393.14,0.0
7419,169,169,169,VN00169,169,TRX07419,389657696.63,0.0
7420,170,170,170,VN00170,170,TRX07420,26879250.07,0.0
7421,171,171,171,VN00171,171,TRX07421,0.0,792626917.62
7422,172,172,172,VN00172,172,TRX07422,0.0,95608915.23
7423,173,173,173,VN00173,173,TRX07423,484435999.25,0.0
7424,174,174,174,VN00174,174,TRX07424,733136092.49,0.0
7425,175,175,175,VN00175,175,TRX07425,60938239.59,0.0
7426,176,176,176,VN00176,176,TRX07426,276526475.59,0.0
7427,177,177,177,VN00177,177,TRX07427,33759003.57,0.0
7428,178,178,178,VN00178,178,TRX07428,0.0,714644504.07
7429,179,179,179,VN00179,179,TRX07429,0.0,942597782.27
7430,180,180,180,VN00180,180,TRX07430,0.0,415132975.91
7431,181,181,181,VN00181,181,TRX07431,247813123.13,0.0
7432,182,182,182,VN00182,182,TRX07432,274818969.33,0.0
7433,183,183,183,VN00183,183,TRX07433,0.0,146331928.19
7434,184,184,184,VN00184,184,TRX07434,637682583.97,0.0
7435,185,185,185,VN00185,185,TRX07435,777606839.94,0.0
7436,186,186,186,VN00186,186,TRX07436,0.0,336153673.18
7437,187,187,187,VN00187,187,TRX07437,0.0,948154038.82
7438,188,188,188,VN00188,188,TRX07438,0.0,479511648.28
7439,189,189,189,VN00189,189,TRX07439,727236196.1,0.0
7440,190,190,190,VN00190,190,TRX07440,0.0,285578393.59
7441,191,191,191,VN00191,191,TRX07441,0.0,640776041.77
7442,192,192,192,VN00192,192,TRX07442,702499286.05,0.0
7443,193,193,193,VN00193,193,TRX07443,38973359.38,0.0
7444,194,194,194,VN00194,194,TRX07444,0.0,503683389.58
7445,195,195,195,VN00195,195,TRX07445,135843967.35,0.0
7446,196,196,196,VN00196,196,TRX07446,619908037.72,0.0
7447,197,197,197,VN00197,197,TRX07447,0.0,183374554.91
7448,198,198,198,VN00198,198,TRX07448,0.0,785224394.74
7449,199,199,199,VN00199,199,TRX07449,66553499.95,0.0
7450,200,200,200,VN00200,200,TRX07450,0.0,700768254.38
7451,201,201,201,VN00201,201,TRX07451,939415177.59,0.0
7452,202,202,202,VN00202,202,TRX07452,0.0,32201598.9
7453,203,203,203,VN00203,203,TRX07453,0.0,609193876.7
7454,204,204,204,VN00204,204,TRX07454,0.0,129711040.55
7455,205,205,205,VN00205,205,TRX07455,306962510.1,0.0
7456,206,206,206,VN00206,206,TRX07456,275050306.93,0.0
7457,207,207,207,VN00207,207,TRX07457,0.0,222072448.88
7458,208,208,208,VN00208,208,TRX07458,0.0,343963880.62
7459,209,209,209,VN00209,209,TRX07459,603103431.42,0.0
7460,210,210,210,VN00210,210,TRX07460,621543155.72,0.0
7461,211,211,211,VN00211,211,TRX07461,0.0,751863567.99
7462,212,212,212,VN00212,212,TRX07462,594054630.62,0.0
7463,213,213,213,VN00213,213,TRX07463,216689428.88,0.0
7464,214,214,214,VN00214,214,TRX07464,0.0,840660497.93
7465,215,215,215,VN00215,215,TRX07465,0.0,210003718.11
7466,216,216,216,VN00216,216,TRX07466,299747514.12,0.0
7467,217,217,217,VN00217,217,TRX07467,92423369.38,0.0
7468,218,218,218,VN00218,218,TRX07468,0.0,135043576.56
7469,219,219,219,VN00219,219,TRX07469,231819332.1,0.0
7470,220,220,220,VN00220,220,TRX07470,0.0,429034821.34
7471,221,221,221,VN00221,221,TRX07471,0.0,557446147.66
7472,222,222,222,VN00222,222,TRX07472,0.0,141482552.2
7473,223,223,223,VN00223,223,TRX07473,0.0,469433105.63
7474,224,224,224,VN00224,224,TRX07474,471390144.36,0.0
7475,225,225,225,VN00225,225,TRX07475,0.0,679455488.55
7476,226,226,226,VN00226,226,TRX07476,963231174.96,0.0
7477,227,227,227,VN00227,227,TRX07477,166024364.58,0.0
7478,228,228,228,VN00228,228,TRX07478,0.0,438590363.07
7479,229,229,229,VN00229,229,TRX07479,232385530.54,0.0
7480,230,230,230,VN00230,230,TRX07480,955271610.04,0.0
7481,231,231,231,VN00231,231,TRX07481,417034092.05,0.0
7482,232,232,232,VN00232,232,TRX07482,0.0,25491579.16
7483,233,233,233,VN00233,233,TRX07483,0.0,117034651.21
7484,234,234,234,VN00234,234,TRX07484,518355831.12,0.0
7485,235,235,235,VN00235,235,TRX07485,169378091.53,0.0
7486,236,236,236,VN00236,236,TRX07486,0.0,589170162.41
7487,237,237,237,VN00237,237,TRX07487,0.0,457101226.96
7488,238,238,238,VN00238,238,TRX07488,699547766.59,0.0
7489,239,239,239,VN00239,239,TRX07489,0.0,35913287.61
7490,240,240,240,VN00240,240,TRX07490,0.0,684428497.93
7491,241,241,241,VN00241,241,TRX07491,941159162.85,0.0
7492,242,242,242,VN00242,242,TRX07492,591192848.19,0.0
7493,243,243,243,VN00243,243,TRX07493,0.0,982031352.99
7494,244,244,244,VN00244,244,TRX07494,798782732.52,0.0
7495,245,245,245,VN00245,245,TRX07495,0.0,778393397.34
7496,246,246,246,VN00246,246,TRX07496,366796885.35,0.0
7497,247,247,247,VN00247,247,TRX07497,621176472.09,0.0
7498,248,248,248,VN00248,248,TRX07498,409140705.94,0.0
7499,249,249,249,VN00249,249,TRX07499,728467767.06,0.0
7500,250,250,250,VN00250,250,TRX07500,543773233.34,0.0
7501,1,1,1,VN00001,1,TRX07501,740076407.3,0.0
7502,2,2,2,VN00002,2,TRX07502,0.0,500290775.97
7503,3,3,3,VN00003,3,TRX07503,507521178.0,0.0
7504,4,4,4,VN00004,4,TRX07504,0.0,300934232.31
7505,5,5,5,VN00005,5,TRX07505,171039574.22,0.0
7506,6,6,6,VN00006,6,TRX07506,372649210.83,0.0
7507,7,7,7,VN00007,7,TRX07507,0.0,606779830.22
7508,8,8,8,VN00008,8,TRX07508,17381052.52,0.0
7509,9,9,9,VN00009,9,TRX07509,0.0,436245404.27
7510,10,10,10,VN00010,10,TRX07510,0.0,689651276.58
7511,11,11,11,VN00011,11,TRX07511,0.0,858148322.47
7512,12,12,12,VN00012,12,TRX07512,117803211.96,0.0
7513,13,13,13,VN00013,13,TRX07513,0.0,814047460.3
7514,14,14,14,VN00014,14,TRX07514,0.0,608070902.91
7515,15,15,15,VN00015,15,TRX07515,423387956.08,0.0
7516,16,16,16,VN00016,16,TRX07516,0.0,268273651.23
7517,17,17,17,VN00017,17,TRX07517,0.0,616208513.39
7518,18,18,18,VN00018,18,TRX07518,85785504.39,0.0
7519,19,19,19,VN00019,19,TRX07519,0.0,51253310.23
7520,20,20,20,VN00020,20,TRX07520,0.0,104030729.27
7521,21,21,21,VN00021,21,TRX07521,720041422.38,0.0
7522,22,22,22,VN00022,22,TRX07522,977121462.1,0.0
7523,23,23,23,VN00023,23,TRX07523,620983124.91,0.0
7524,24,24,24,VN00024,24,TRX07524,0.0,575373365.93
7525,25,25,25,VN00025,25,TRX07525,51915626.82,0.0
7526,26,26,26,VN00026,26,TRX07526,0.0,862158514.06
7527,27,27,27,VN00027,27,TRX07527,0.0,533065262.7
7528,28,28,28,VN00028,28,TRX07528,120426114.44,0.0
7529,29,29,29,VN00029,29,TRX07529,907461245.4,0.0
7530,30,30,30,VN00030,30,TRX07530,458274268.83,0.0
7531,31,31,31,VN00031,31,TRX07531,0.0,677370276.96
7532,32,32,32,VN00032,32,TRX07532,758847494.63,0.0
7533,33,33,33,VN00033,33,TRX07533,598467736.44,0.0
7534,34,34,34,VN00034,34,TRX07534,0.0,781487883.87
7535,35,35,35,VN00035,35,TRX07535,90044232.53,0.0
7536,36,36,36,VN00036,36,TRX07536,475007671.11,0.0
7537,37,37,37,VN00037,37,TRX07537,0.0,327703681.28
7538,38,38,38,VN00038,38,TRX07538,0.0,303280204.09
7539,39,39,39,VN00039,39,TRX07539,793630419.59,0.0
7540,40,40,40,VN00040,40,TRX07540,0.0,38481168.66
7541,41,41,41,VN00041,41,TRX07541,259629571.47,0.0
7542,42,42,42,VN00042,42,TRX07542,0.0,200900187.31
7543,43,43,43,VN00043,43,TRX07543,747738377.39,0.0
7544,44,44,44,VN00044,44,TRX07544,0.0,88346366.49
7545,45,45,45,VN00045,45,TRX07545,149084788.43,0.0
7546,46,46,46,VN00046,46,TRX07546,0.0,756498277.87
7547,47,47,47,VN00047,47,TRX07547,0.0,221573313.62
7548,48,48,48,VN00048,48,TRX07548,0.0,682154510.27
7549,49,49,49,VN00049,49,TRX07549,0.0,396792897.52
7550,50,50,50,VN00050,50,TRX07550,415734948.78,0.0
7551,51,51,51,VN00051,51,TRX07551,191670747.66,0.0
7552,52,52,52,VN00052,52,TRX07552,494477282.82,0.0
7553,53,53,53,VN00053,53,TRX07553,580189147.01,0.0
7554,54,54,54,VN00054,54,TRX07554,0.0,285842296.4
7555,55,55,55,VN00055,55,TRX07555,0.0,71554642.55
7556,56,56,56,VN00056,56,TRX07556,0.0,242172833.71
7557,57,57,57,VN00057,57,TRX07557,0.0,136118633.13
7558,58,58,58,VN00058,58,TRX07558,0.0,455235066.94
7559,59,59,59,VN00059,59,TRX07559,0.0,593564918.9
7560,60,60,60,VN00060,60,TRX07560,189396086.26,0.0
7561,61,61,61,VN00061,61,TRX07561,436440282.98,0.0
7562,62,62,62,VN00062,62,TRX07562,0.0,974302661.87
7563,63,63,63,VN00063,63,TRX07563,0.0,164930376.27
7564,64,64,64,VN00064,64,TRX07564,37171716.95,0.0
7565,65,65,65,VN00065,65,TRX07565,0.0,593289218.71
7566,66,66,66,VN00066,66,TRX07566,0.0,971522509.77
7567,67,67,67,VN00067,67,TRX07567,491334324.17,0.0
7568,68,68,68,VN00068,68,TRX07568,893669302.24,0.0
7569,69,69,69,VN00069,69,TRX07569,0.0,166853499.66
7570,70,70,70,VN00070,70,TRX07570,622702228.66,0.0
7571,71,71,71,VN00071,71,TRX07571,0.0,931791406.2
7572,72,72,72,VN00072,72,TRX07572,31410080.99,0.0
7573,73,73,73,VN00073,73,TRX07573,0.0,133344698.28
7574,74,74,74,VN00074,74,TRX07574,0.0,367972064.73
7575,75,75,75,VN00075,75,TRX07575,0.0,94618795.21
7576,76,76,76,VN00076,76,TRX07576,511033484.28,0.0
7577,77,77,77,VN00077,77,TRX07577,0.0,493780992.02
7578,78,78,78,VN00078,78,TRX07578,69060569.71,0.0
7579,79,79,79,VN00079,79,TRX07579,0.0,402150603.77
7580,80,80,80,VN00080,80,TRX07580,664786484.66,0.0
7581,81,81,81,VN00081,81,TRX07581,165211679.19,0.0
7582,82,82,82,VN00082,82,TRX07582,634332621.3,0.0
7583,83,83,83,VN00083,83,TRX07583,714714636.52,0.0
7584,84,84,84,VN00084,84,TRX07584,482323185.83,0.0
7585,85,85,85,VN00085,85,TRX07585,439146232.66,0.0
7586,86,86,86,VN00086,86,TRX07586,777879743.34,0.0
7587,87,87,87,VN00087,87,TRX07587,856753019.81,0.0
7588,88,88,88,VN00088,88,TRX07588,12347841.76,0.0
7589,89,89,89,VN00089,89,TRX07589,60882786.04,0.0
7590,90,90,90,VN00090,90,TRX07590,0.0,571113106.3
7591,91,91,91,VN00091,91,TRX07591,936668644.41,0.0
7592,92,92,92,VN00092,92,TRX07592,0.0,833387499.8
7593,93,93,93,VN00093,93,TRX07593,0.0,386609393.26
7594,94,94,94,VN00094,94,TRX07594,103010712.99,0.0
7595,95,95,95,VN00095,95,TRX07595,0.0,985333247.19
7596,96,96,96,VN00096,96,TRX07596,0.0,469933792.66
7597,97,97,97,VN00097,97,TRX07597,0.0,244010510.06
7598,98,98,98,VN00098,98,TRX07598,0.0,308310935.26
7599,99,99,99,VN00099,99,TRX07599,0.0,225293799.27
7600,100,100,100,VN00100,100,TRX07600,0.0,900722394.06
7601,101,101,101,VN00101,101,TRX07601,813103194.64,0.0
7602,102,102,102,VN00102,102,TRX07602,0.0,586902487.87
7603,103,103,103,VN00103,103,TRX07603,424486484.54,0.0
7604,104,104,104,VN00104,104,TRX07604,458938766.92,0.0
7605,105,105,105,VN00105,105,TRX07605,236933432.56,0.0
7606,106,106,106,VN00106,106,TRX07606,0.0,691259130.78
7607,107,107,107,VN00107,107,TRX07607,0.0,240553200.47
7608,108,108,108,VN00108,108,TRX07608,0.0,481371730.19
7609,109,109,109,VN00109,109,TRX07609,123216924.94,0.0
7610,110,110,110,VN00110,110,TRX07610,362625236.62,0.0
7611,111,111,111,VN00111,111,TRX07611,0.0,137781115.07
7612,112,112,112,VN00112,112,TRX07612,142554718.71,0.0
7613,113,113,113,VN00113,113,TRX07613,0.0,440946210.35
7614,114,114,114,VN00114,114,TRX07614,0.0,771095594.53
7615,115,115,115,VN00115,115,TRX07615,0.0,421965064.74
7616,116,116,116,VN00116,116,TRX07616,0.0,908446877.21
7617,117,117,117,VN00117,117,TRX07617,0.0,447451073.71
7618,118,118,118,VN00118,118,TRX07618,0.0,141370408.2
7619,119,119,119,VN00119,119,TRX07619,0.0,210444959.76
7620,120,120,120,VN00120,120,TRX07620,460251142.97,0.0
7621,121,121,121,VN00121,121,TRX07621,0.0,737256771.02
7622,122,122,122,VN00122,122,TRX07622,0.0,655846516.7
7623,123,123,123,VN00123,123,TRX07623,891219068.67,0.0
7624,124,124,124,VN00124,124,TRX07624,0.0,490990691.69
7625,125,125,125,VN00125,125,TRX07625,0.0,556020322.39
7626,126,126,126,VN00126,126,TRX07626,0.0,187625187.54
7627,127,127,127,VN00127,127,TRX07627,0.0,813734954.84
7628,128,128,128,VN00128,128,TRX07628,318866739.96,0.0
7629,129,129,129,VN00129,129,TRX07629,638559935.66,0.0
7630,130,130,130,VN00130,130,TRX07630,0.0,271979259.44
7631,131,131,131,VN00131,131,TRX07631,0.0,578447697.08
7632,132,132,132,VN00132,132,TRX07632,0.0,717037818.37
7633,133,133,133,VN00133,133,TRX07633,142543780.37,0.0
7634,134,134,134,VN00134,134,TRX07634,850760604.26,0.0
7635,135,135,135,VN00135,135,TRX07635,90515055.5,0.0
7636,136,136,136,VN00136,136,TRX07636,0.0,137478350.46
7637,137,137,137,VN00137,137,TRX07637,0.0,104757925.24
7638,138,138,138,VN00138,138,TRX07638,0.0,308274787.06
7639,139,139,139,VN00139,139,TRX07639,568842643.51,0.0
7640,140,140,140,VN00140,140,TRX07640,804269325.61,0.0
7641,141,141,141,VN00141,141,TRX07641,971720491.83,0.0
7642,142,142,142,VN00142,142,TRX07642,823988457.41,0.0
7643,143,143,143,VN00143,143,TRX07643,221229525.25,0.0
7644,144,144,144,VN00144,144,TRX07644,213314391.5,0.0
7645,145,145,145,VN00145,145,TRX07645,0.0,792485276.48
7646,146,146,146,VN00146,146,TRX07646,857238367.82,0.0
7647,147,147,147,VN00147,147,TRX07647,668629034.01,0.0
7648,148,148,148,VN00148,148,TRX07648,421125717.31,0.0
7649,149,149,149,VN00149,149,TRX07649,0.0,13031704.48
7650,150,150,150,VN00150,150,TRX07650,0.0,909554276.82
7651,151,151,151,VN00151,151,TRX07651,0.0,113230025.16
7652,152,152,152,VN00152,152,TRX07652,6897151.04,0.0
7653,153,153,153,VN00153,153,TRX07653,0.0,500818355.04
7654,154,154,154,VN00154,154,TRX07654,803408246.91,0.0
7655,155,155,155,VN00155,155,TRX07655,0.0,947015127.63
7656,156,156,156,VN00156,156,TRX07656,836932730.64,0.0
7657,157,157,157,VN00157,157,TRX07657,0.0,235351633.99
7658,158,158,158,VN00158,158,TRX07658,0.0,315078342.1
7659,159,159,159,VN00159,159,TRX07659,174946387.67,0.0
7660,160,160,160,VN00160,160,TRX07660,42119680.71,0.0
7661,161,161,161,VN00161,161,TRX07661,815129024.1,0.0
7662,162,162,162,VN00162,162,TRX07662,0.0,6719773.61
7663,163,163,163,VN00163,163,TRX07663,0.0,627768037.42
7664,164,164,164,VN00164,164,TRX07664,0.0,168413154.18
7665,165,165,165,VN00165,165,TRX07665,0.0,641163864.35
7666,166,166,166,VN00166,166,TRX07666,0.0,522295943.76
7667,167,167,167,VN00167,167,TRX07667,154189483.56,0.0
7668,168,168,168,VN00168,168,TRX07668,741243649.71,0.0
7669,169,169,169,VN00169,169,TRX07669,0.0,842826725.92
7670,170,170,170,VN00170,170,TRX07670,483997349.54,0.0
7671,171,171,171,VN00171,171,TRX07671,0.0,76825568.85
7672,172,172,172,VN00172,172,TRX07672,0.0,897189640.02
7673,173,173,173,VN00173,173,TRX07673,0.0,999352571.97
7674,174,174,174,VN00174,174,TRX07674,318935554.52,0.0
7675,175,175,175,VN00175,175,TRX07675,0.0,766655723.14
7676,176,176,176,VN00176,176,TRX07676,34828478.64,0.0
7677,177,177,177,VN00177,177,TRX07677,0.0,490910952.14
7678,178,178,178,VN00178,178,TRX07678,646209350.36,0.0
7679,179,179,179,VN00179,179,TRX07679,0.0,451261390.88
7680,180,180,180,VN00180,180,TRX07680,39822484.19,0.0
7681,181,181,181,VN00181,181,TRX07681,929065481.95,0.0
7682,182,182,182,VN00182,182,TRX07682,452058898.61,0.0
7683,183,183,183,VN00183,183,TRX07683,575554423.59,0.0
7684,184,184,184,VN00184,184,TRX07684,385452270.18,0.0
7685,185,185,185,VN00185,185,TRX07685,0.0,45030049.76
7686,186,186,186,VN00186,186,TRX07686,0.0,64082196.96
7687,187,187,187,VN00187,187,TRX07687,495204643.45,0.0
7688,188,188,188,VN00188,188,TRX07688,896996507.96,0.0
7689,189,189,189,VN00189,189,TRX07689,0.0,772764006.25
7690,190,190,190,VN00190,190,TRX07690,0.0,442290708.67
7691,191,191,191,VN00191,191,TRX07691,0.0,847849243.97
7692,192,192,192,VN00192,192,TRX07692,625779243.1,0.0
7693,193,193,193,VN00193,193,TRX07693,0.0,205594020.39
7694,194,194,194,VN00194,194,TRX07694,868902274.78,0.0
7695,195,195,195,VN00195,195,TRX07695,0.0,747756220.41
7696,196,196,196,VN00196,196,TRX07696,456305791.18,0.0
7697,197,197,197,VN00197,197,TRX07697,590045737.73,0.0
7698,198,198,198,VN00198,198,TRX07698,543056279.42,0.0
7699,199,199,199,VN00199,199,TRX07699,605576779.36,0.0
7700,200,200,200,VN00200,200,TRX07700,0.0,614102107.3
7701,201,201,201,VN00201,201,TRX07701,0.0,202306802.01
7702,202,202,202,VN00202,202,TRX07702,0.0,702038493.21
7703,203,203,203,VN00203,203,TRX07703,0.0,120734618.81
7704,204,204,204,VN00204,204,TRX07704,547405209.62,0.0
7705,205,205,205,VN00205,205,TRX07705,0.0,975968798.44
7706,206,206,206,VN00206,206,TRX07706,0.0,449211591.58
7707,207,207,207,VN00207,207,TRX07707,837639332.38,0.0
7708,208,208,208,VN00208,208,TRX07708,673323189.99,0.0
7709,209,209,209,VN00209,209,TRX07709,0.0,187660538.84
7710,210,210,210,VN00210,210,TRX07710,301678772.8,0.0
7711,211,211,211,VN00211,211,TRX07711,891611891.5,0.0
7712,212,212,212,VN00212,212,TRX07712,415246847.06,0.0
7713,213,213,213,VN00213,213,TRX07713,953642080.28,0.0
7714,214,214,214,VN00214,214,TRX07714,0.0,904859122.59
7715,215,215,215,VN00215,215,TRX07715,0.0,867012268.6
7716,216,216,216,VN00216,216,TRX07716,726357095.24,0.0
7717,217,217,217,VN00217,217,TRX07717,111453603.68,0.0
7718,218,218,218,VN00218,218,TRX07718,0.0,633121221.35
7719,219,219,219,VN00219,219,TRX07719,0.0,847575961.22
7720,220,220,220,VN00220,220,TRX07720,0.0,672639667.21
7721,221,221,221,VN00221,221,TRX07721,834562627.76,0.0
7722,222,222,222,VN00222,222,TRX07722,191937629.64,0.0
7723,223,223,223,VN00223,223,TRX07723,467647274.96,0.0
7724,224,224,224,VN00224,224,TRX07724,0.0,18101433.19
7725,225,225,225,VN00225,225,TRX07725,634338393.04,0.0
7726,226,226,226,VN00226,226,TRX07726,703156296.89,0.0
7727,227,227,227,VN00227,227,TRX07727,0.0,649675377.78
7728,228,228,228,VN00228,228,TRX07728,734192489.5,0.0
7729,229,229,229,VN00229,229,TRX07729,0.0,723128990.35
7730,230,230,230,VN00230,230,TRX07730,0.0,866585788.76
7731,231,231,231,VN00231,231,TRX07731,730357551.69,0.0
7732,232,232,232,VN00232,232,TRX07732,0.0,666350681.32
7733,233,233,233,VN00233,233,TRX07733,208127142.43,0.0
7734,234,234,234,VN00234,234,TRX07734,0.0,283728830.67
7735,235,235,235,VN00235,235,TRX07735,0.0,588839959.76
7736,236,236,236,VN00236,236,TRX07736,0.0,915979864.18
7737,237,237,237,VN00237,237,TRX07737,935328696.77,0.0
7738,238,238,238,VN00238,238,TRX07738,0.0,331168250.08
7739,239,239,239,VN00239,239,TRX07739,405547322.24,0.0
7740,240,240,240,VN00240,240,TRX07740,702388306.17,0.0
7741,241,241,241,VN00241,241,TRX07741,0.0,779265716.99
7742,242,242,242,VN00242,242,TRX07742,0.0,228156696.55
7743,243,243,243,VN00243,243,TRX07743,557527382.1,0.0
7744,244,244,244,VN00244,244,TRX07744,144691929.07,0.0
7745,245,245,245,VN00245,245,TRX07745,412978560.26,0.0
7746,246,246,246,VN00246,246,TRX07746,0.0,487555725.76
7747,247,247,247,VN00247,247,TRX07747,802466719.09,0.0
7748,248,248,248,VN00248,248,TRX07748,939497794.99,0.0
7749,249,249,249,VN00249,249,TRX07749,0.0,829946810.35
7750,250,250,250,VN00250,250,TRX07750,0.0,758828857.49
7751,1,1,1,VN00001,1,TRX07751,0.0,683911125.16
7752,2,2,2,VN00002,2,TRX07752,0.0,426044681.97
7753,3,3,3,VN00003,3,TRX07753,266027036.88,0.0
7754,4,4,4,VN00004,4,TRX07754,0.0,711026059.26
7755,5,5,5,VN00005,5,TRX07755,0.0,176399581.86
7756,6,6,6,VN00006,6,TRX07756,0.0,691074352.81
7757,7,7,7,VN00007,7,TRX07757,0.0,187996420.2
7758,8,8,8,VN00008,8,TRX07758,145089432.36,0.0
7759,9,9,9,VN00009,9,TRX07759,0.0,518498472.99
7760,10,10,10,VN00010,10,TRX07760,0.0,418723927.63
7761,11,11,11,VN00011,11,TRX07761,358429962.88,0.0
7762,12,12,12,VN00012,12,TRX07762,383756552.78,0.0
7763,13,13,13,VN00013,13,TRX07763,806485757.65,0.0
7764,14,14,14,VN00014,14,TRX07764,0.0,474274915.06
7765,15,15,15,VN00015,15,TRX07765,522588322.65,0.0
7766,16,16,16,VN00016,16,TRX07766,810262755.0,0.0
7767,17,17,17,VN00017,17,TRX07767,0.0,105106577.69
7768,18,18,18,VN00018,18,TRX07768,366592046.45,0.0
7769,19,19,19,VN00019,19,TRX07769,0.0,147193905.65
7770,20,20,20,VN00020,20,TRX07770,0.0,769391075.66
7771,21,21,21,VN00021,21,TRX07771,286821647.23,0.0
7772,22,22,22,VN00022,22,TRX07772,0.0,599514681.7
7773,23,23,23,VN00023,23,TRX07773,0.0,776510409.87
7774,24,24,24,VN00024,24,TRX07774,0.0,497709001.12
7775,25,25,25,VN00025,25,TRX07775,32690684.41,0.0
7776,26,26,26,VN00026,26,TRX07776,47330571.06,0.0
7777,27,27,27,VN00027,27,TRX07777,262480201.72,0.0
7778,28,28,28,VN00028,28,TRX07778,566875035.04,0.0
7779,29,29,29,VN00029,29,TRX07779,443424808.58,0.0
7780,30,30,30,VN00030,30,TRX07780,450279137.76,0.0
7781,31,31,31,VN00031,31,TRX07781,0.0,362393728.15
7782,32,32,32,VN00032,32,TRX07782,0.0,532810336.37
7783,33,33,33,VN00033,33,TRX07783,929029342.57,0.0
7784,34,34,34,VN00034,34,TRX07784,0.0,416196605.81
7785,35,35,35,VN00035,35,TRX07785,847943148.55,0.0
7786,36,36,36,VN00036,36,TRX07786,0.0,678702707.19
7787,37,37,37,VN00037,37,TRX07787,0.0,791019177.58
7788,38,38,38,VN00038,38,TRX07788,0.0,208926261.37
7789,39,39,39,VN00039,39,TRX07789,0.0,622359054.53
7790,40,40,40,VN00040,40,TRX07790,371165407.07,0.0
7791,41,41,41,VN00041,41,TRX07791,0.0,322621204.19
7792,42,42,42,VN00042,42,TRX07792,595502033.45,0.0
7793,43,43,43,VN00043,43,TRX07793,401339496.05,0.0
7794,44,44,44,VN00044,44,TRX07794,101160238.33,0.0
7795,45,45,45,VN00045,45,TRX07795,354931602.54,0.0
7796,46,46,46,VN00046,46,TRX07796,568252507.46,0.0
7797,47,47,47,VN00047,47,TRX07797,850896960.05,0.0
7798,48,48,48,VN00048,48,TRX07798,416286030.14,0.0
7799,49,49,49,VN00049,49,TRX07799,0.0,728357854.56
7800,50,50,50,VN00050,50,TRX07800,846540969.39,0.0
7801,51,51,51,VN00051,51,TRX07801,449934822.08,0.0
7802,52,52,52,VN00052,52,TRX07802,910300799.5,0.0
7803,53,53,53,VN00053,53,TRX07803,0.0,969065256.21
7804,54,54,54,VN00054,54,TRX07804,0.0,84640053.89
7805,55,55,55,VN00055,55,TRX07805,0.0,994103926.55
7806,56,56,56,VN00056,56,TRX07806,790181899.15,0.0
7807,57,57,57,VN00057,57,TRX07807,740950394.55,0.0
7808,58,58,58,VN00058,58,TRX07808,938375149.01,0.0
7809,59,59,59,VN00059,59,TRX07809,0.0,617615472.07
7810,60,60,60,VN00060,60,TRX07810,949937289.32,0.0
7811,61,61,61,VN00061,61,TRX07811,217895467.09,0.0
7812,62,62,62,VN00062,62,TRX07812,0.0,708760917.48
7813,63,63,63,VN00063,63,TRX07813,0.0,137167780.51
7814,64,64,64,VN00064,64,TRX07814,0.0,931766560.84
7815,65,65,65,VN00065,65,TRX07815,320911905.58,0.0
7816,66,66,66,VN00066,66,TRX07816,597252279.6,0.0
7817,67,67,67,VN00067,67,TRX07817,111131996.81,0.0
7818,68,68,68,VN00068,68,TRX07818,0.0,903431694.06
7819,69,69,69,VN00069,69,TRX07819,0.0,424636294.72
7820,70,70,70,VN00070,70,TRX07820,138967640.42,0.0
7821,71,71,71,VN00071,71,TRX07821,0.0,666204505.38
7822,72,72,72,VN00072,72,TRX07822,0.0,766432162.03
7823,73,73,73,VN00073,73,TRX07823,877172832.52,0.0
7824,74,74,74,VN00074,74,TRX07824,278169010.2,0.0
7825,75,75,75,VN00075,75,TRX07825,0.0,946780194.38
7826,76,76,76,VN00076,76,TRX07826,281931896.7,0.0
7827,77,77,77,VN00077,77,TRX07827,35818368.09,0.0
7828,78,78,78,VN00078,78,TRX07828,0.0,129718674.71
7829,79,79,79,VN00079,79,TRX07829,87094818.81,0.0
7830,80,80,80,VN00080,80,TRX07830,17634415.93,0.0
7831,81,81,81,VN00081,81,TRX07831,753328120.8,0.0
7832,82,82,82,VN00082,82,TRX07832,0.0,321319853.57
7833,83,83,83,VN00083,83,TRX07833,342231646.42,0.0
7834,84,84,84,VN00084,84,TRX07834,489125.85,0.0
7835,85,85,85,VN00085,85,TRX07835,0.0,94263611.24
7836,86,86,86,VN00086,86,TRX07836,171067315.56,0.0
7837,87,87,87,VN00087,87,TRX07837,0.0,773231893.24
7838,88,88,88,VN00088,88,TRX07838,251996266.39,0.0
7839,89,89,89,VN00089,89,TRX07839,281144991.84,0.0
7840,90,90,90,VN00090,90,TRX07840,0.0,862255105.98
7841,91,91,91,VN00091,91,TRX07841,0.0,907642519.71
7842,92,92,92,VN00092,92,TRX07842,0.0,597139434.85
7843,93,93,93,VN00093,93,TRX07843,0.0,928919235.96
7844,94,94,94,VN00094,94,TRX07844,0.0,833826266.89
7845,95,95,95,VN00095,95,TRX07845,21829376.34,0.0
7846,96,96,96,VN00096,96,TRX07846,0.0,621404536.91
7847,97,97,97,VN00097,97,TRX07847,100575291.46,0.0
7848,98,98,98,VN00098,98,TRX07848,803290628.45,0.0
7849,99,99,99,VN00099,99,TRX07849,34287770.05,0.0
7850,100,100,100,VN00100,100,TRX07850,0.0,923650060.76
7851,101,101,101,VN00101,101,TRX07851,604420266.12,0.0
7852,102,102,102,VN00102,102,TRX07852,927503079.66,0.0
7853,103,103,103,VN00103,103,TRX07853,7708628.71,0.0
7854,104,104,104,VN00104,104,TRX07854,0.0,133620426.56
7855,105,105,105,VN00105,105,TRX07855,0.0,211530909.56
7856,106,106,106,VN00106,106,TRX07856,435172582.09,0.0
7857,107,107,107,VN00107,107,TRX07857,0.0,370469162.6
7858,108,108,108,VN00108,108,TRX07858,0.0,544896057.54
7859,109,109,109,VN00109,109,TRX07859,125274988.93,0.0
7860,110,110,110,VN00110,110,TRX07860,115637779.57,0.0
7861,111,111,111,VN00111,111,TRX07861,0.0,65771492.56
7862,112,112,112,VN00112,112,TRX07862,0.0,489099731.23
7863,113,113,113,VN00113,113,TRX07863,0.0,226961537.41
7864,114,114,114,VN00114,114,TRX07864,0.0,211349474.84
7865,115,115,115,VN00115,115,TRX07865,964851502.39,0.0
7866,116,116,116,VN00116,116,TRX07866,0.0,59796115.93
7867,117,117,117,VN00117,117,TRX07867,0.0,246988310.2
7868,118,118,118,VN00118,118,TRX07868,972668295.45,0.0
7869,119,119,119,VN00119,119,TRX07869,709717357.83,0.0
7870,120,120,120,VN00120,120,TRX07870,0.0,177540910.03
7871,121,121,121,VN00121,121,TRX07871,0.0,354925367.29
7872,122,122,122,VN00122,122,TRX07872,948169516.3,0.0
7873,123,123,123,VN00123,123,TRX07873,0.0,64510966.8
7874,124,124,124,VN00124,124,TRX07874,0.0,274188277.19
7875,125,125,125,VN00125,125,TRX07875,981388304.95,0.0
7876,126,126,126,VN00126,126,TRX07876,988642575.33,0.0
7877,127,127,127,VN00127,127,TRX07877,0.0,570231524.19
7878,128,128,128,VN00128,128,TRX07878,411327978.53,0.0
7879,129,129,129,VN00129,129,TRX07879,0.0,97797058.15
7880,130,130,130,VN00130,130,TRX07880,851212700.03,0.0
7881,131,131,131,VN00131,131,TRX07881,371755979.46,0.0
7882,132,132,132,VN00132,132,TRX07882,915989008.19,0.0
7883,133,133,133,VN00133,133,TRX07883,0.0,769357693.47
7884,134,134,134,VN00134,134,TRX07884,0.0,967049349.06
7885,135,135,135,VN00135,135,TRX07885,405607235.31,0.0
7886,136,136,136,VN00136,136,TRX07886,528077499.73,0.0
7887,137,137,137,VN00137,137,TRX07887,0.0,193976069.58
7888,138,138,138,VN00138,138,TRX07888,893776422.63,0.0
7889,139,139,139,VN00139,139,TRX07889,432533844.08,0.0
7890,140,140,140,VN00140,140,TRX07890,863997238.4,0.0
7891,141,141,141,VN00141,141,TRX07891,0.0,413107579.89
7892,142,142,142,VN00142,142,TRX07892,0.0,165813260.83
7893,143,143,143,VN00143,143,TRX07893,0.0,868486391.1
7894,144,144,144,VN00144,144,TRX07894,0.0,248260897.69
7895,145,145,145,VN00145,145,TRX07895,756548999.04,0.0
7896,146,146,146,VN00146,146,TRX07896,535230077.94,0.0
7897,147,147,147,VN00147,147,TRX07897,143800478.96,0.0
7898,148,148,148,VN00148,148,TRX07898,510891905.44,0.0
7899,149,149,149,VN00149,149,TRX07899,497397249.95,0.0
7900,150,150,150,VN00150,150,TRX07900,0.0,423354509.42
7901,151,151,151,VN00151,151,TRX07901,56468003.08,0.0
7902,152,152,152,VN00152,152,TRX07902,369253204.2,0.0
7903,153,153,153,VN00153,153,TRX07903,807201085.78,0.0
7904,154,154,154,VN00154,154,TRX07904,0.0,652454064.41
7905,155,155,155,VN00155,155,TRX07905,0.0,8372612.93
7906,156,156,156,VN00156,156,TRX07906,0.0,33769767.57
7907,157,157,157,VN00157,157,TRX07907,0.0,375025665.15
7908,158,158,158,VN00158,158,TRX07908,292475884.28,0.0
7909,159,159,159,VN00159,159,TRX07909,0.0,958042262.09
7910,160,160,160,VN00160,160,TRX07910,0.0,257805069.2
7911,161,161,161,VN00161,161,TRX07911,846010457.06,0.0
7912,162,162,162,VN00162,162,TRX07912,173228069.16,0.0
7913,163,163,163,VN00163,163,TRX07913,980550154.99,0.0
7914,164,164,164,VN00164,164,TRX07914,362460764.3,0.0
7915,165,165,165,VN00165,165,TRX07915,0.0,856371521.83
7916,166,166,166,VN00166,166,TRX07916,0.0,392974646.63
7917,167,167,167,VN00167,167,TRX07917,0.0,934362812.4
7918,168,168,168,VN00168,168,TRX07918,0.0,53926144.21
7919,169,169,169,VN00169,169,TRX07919,0.0,584046215.32
7920,170,170,170,VN00170,170,TRX07920,0.0,340856835.22
7921,171,171,171,VN00171,171,TRX07921,811476619.26,0.0
7922,172,172,172,VN00172,172,TRX07922,0.0,970462152.28
7923,173,173,173,VN00173,173,TRX07923,810441165.12,0.0
7924,174,174,174,VN00174,174,TRX07924,0.0,549950244.2
7925,175,175,175,VN00175,175,TRX07925,816130889.32,0.0
7926,176,176,176,VN00176,176,TRX07926,0.0,163842605.14
7927,177,177,177,VN00177,177,TRX07927,0.0,793224175.58
7928,178,178,178,VN00178,178,TRX07928,0.0,309953232.4
7929,179,179,179,VN00179,179,TRX07929,476252495.37,0.0
7930,180,180,180,VN00180,180,TRX07930,0.0,314735658.29
7931,181,181,181,VN00181,181,TRX07931,228659403.49,0.0
7932,182,182,182,VN00182,182,TRX07932,0.0,277552017.6
7933,183,183,183,VN00183,183,TRX07933,0.0,397932004.94
7934,184,184,184,VN00184,184,TRX07934,786682227.57,0.0
7935,185,185,185,VN00185,185,TRX07935,0.0,405543063.12
7936,186,186,186,VN00186,186,TRX07936,554978974.18,0.0
7937,187,187,187,VN00187,187,TRX07937,0.0,658360327.5
7938,188,188,188,VN00188,188,TRX07938,550776902.19,0.0
7939,189,189,189,VN00189,189,TRX07939,0.0,884926219.36
7940,190,190,190,VN00190,190,TRX07940,0.0,94807237.22
7941,191,191,191,VN00191,191,TRX07941,0.0,432134774.91
7942,192,192,192,VN00192,192,TRX07942,0.0,279593240.27
7943,193,193,193,VN00193,193,TRX07943,0.0,377079333.16
7944,194,194,194,VN00194,194,TRX07944,0.0,991021485.12
7945,195,195,195,VN00195,195,TRX07945,510754601.41,0.0
7946,196,196,196,VN00196,196,TRX07946,0.0,981270827.75
7947,197,197,197,VN00197,197,TRX07947,940892583.53,0.0
7948,198,198,198,VN00198,198,TRX07948,174031134.85,0.0
7949,199,199,199,VN00199,199,TRX07949,0.0,523307700.86
7950,200,200,200,VN00200,200,TRX07950,826606176.03,0.0
7951,201,201,201,VN00201,201,TRX07951,959753615.27,0.0
7952,202,202,202,VN00202,202,TRX07952,516834961.03,0.0
7953,203,203,203,VN00203,203,TRX07953,0.0,535482687.5
7954,204,204,204,VN00204,204,TRX07954,0.0,43663971.7
7955,205,205,205,VN00205,205,TRX07955,0.0,288038582.22
7956,206,206,206,VN00206,206,TRX07956,0.0,293817944.96
7957,207,207,207,VN00207,207,TRX07957,0.0,771660360.35
7958,208,208,208,VN00208,208,TRX07958,486811396.86,0.0
7959,209,209,209,VN00209,209,TRX07959,709382486.98,0.0
7960,210,210,210,VN00210,210,TRX07960,0.0,132746920.9
7961,211,211,211,VN00211,211,TRX07961,133763775.92,0.0
7962,212,212,212,VN00212,212,TRX07962,58721873.44,0.0
7963,213,213,213,VN00213,213,TRX07963,0.0,325077599.45
7964,214,214,214,VN00214,214,TRX07964,0.0,421077006.42
7965,215,215,215,VN00215,215,TRX07965,0.0,831357666.09
7966,216,216,216,VN00216,216,TRX07966,0.0,523716518.3
7967,217,217,217,VN00217,217,TRX07967,0.0,396934967.28
7968,218,218,218,VN00218,218,TRX07968,882334470.7,0.0
7969,219,219,219,VN00219,219,TRX07969,502031352.34,0.0
7970,220,220,220,VN00220,220,TRX07970,0.0,283314448.82
7971,221,221,221,VN00221,221,TRX07971,726382728.04,0.0
7972,222,222,222,VN00222,222,TRX07972,19484874.72,0.0
7973,223,223,223,VN00223,223,TRX07973,970030202.6,0.0
7974,224,224,224,VN00224,224,TRX07974,0.0,102301473.99
7975,225,225,225,VN00225,225,TRX07975,71396044.64,0.0
7976,226,226,226,VN00226,226,TRX07976,0.0,286211071.31
7977,227,227,227,VN00227,227,TRX07977,409115467.66,0.0
7978,228,228,228,VN00228,228,TRX07978,842556730.94,0.0
7979,229,229,229,VN00229,229,TRX07979,0.0,12428817.48
7980,230,230,230,VN00230,230,TRX07980,648091413.0,0.0
7981,231,231,231,VN00231,231,TRX07981,897729148.2,0.0
7982,232,232,232,VN00232,232,TRX07982,0.0,752652570.29
7983,233,233,233,VN00233,233,TRX07983,0.0,973749594.69
7984,234,234,234,VN00234,234,TRX07984,464959960.81,0.0
7985,235,235,235,VN00235,235,TRX07985,0.0,986298622.89
7986,236,236,236,VN00236,236,TRX07986,0.0,220170752.19
7987,237,237,237,VN00237,237,TRX07987,0.0,662077841.45
7988,238,238,238,VN00238,238,TRX07988,0.0,357501275.84
7989,239,239,239,VN00239,239,TRX07989,0.0,424629410.92
7990,240,240,240,VN00240,240,TRX07990,0.0,61147534.43
7991,241,241,241,VN00241,241,TRX07991,0.0,4350362.42
7992,242,242,242,VN00242,242,TRX07992,0.0,414237243.41
7993,243,243,243,VN00243,243,TRX07993,0.0,57816935.24
7994,244,244,244,VN00244,244,TRX07994,494444192.94,0.0
7995,245,245,245,VN00245,245,TRX07995,0.0,527137601.21
7996,246,246,246,VN00246,246,TRX07996,273889711.79,0.0
7997,247,247,247,VN00247,247,TRX07997,482556715.87,0.0
7998,248,248,248,VN00248,248,TRX07998,676681670.46,0.0
7999,249,249,249,VN00249,249,TRX07999,915258310.24,0.0
8000,250,250,250,VN00250,250,TRX08000,0.0,333172510.48
8001,1,1,1,VN00001,1,TRX08001,0.0,575027817.96
8002,2,2,2,VN00002,2,TRX08002,0.0,43123037.04
8003,3,3,3,VN00003,3,TRX08003,0.0,354385921.18
8004,4,4,4,VN00004,4,TRX08004,0.0,704784559.73
8005,5,5,5,VN00005,5,TRX08005,160305389.78,0.0
8006,6,6,6,VN00006,6,TRX08006,0.0,20397932.8
8007,7,7,7,VN00007,7,TRX08007,0.0,828532564.6
8008,8,8,8,VN00008,8,TRX08008,0.0,217136306.04
8009,9,9,9,VN00009,9,TRX08009,0.0,300978809.12
8010,10,10,10,VN00010,10,TRX08010,968217157.1,0.0
8011,11,11,11,VN00011,11,TRX08011,0.0,365318004.64
8012,12,12,12,VN00012,12,TRX08012,544767202.41,0.0
8013,13,13,13,VN00013,13,TRX08013,0.0,859299638.22
8014,14,14,14,VN00014,14,TRX08014,738863803.55,0.0
8015,15,15,15,VN00015,15,TRX08015,59172130.6,0.0
8016,16,16,16,VN00016,16,TRX08016,0.0,792472457.65
8017,17,17,17,VN00017,17,TRX08017,665172426.71,0.0
8018,18,18,18,VN00018,18,TRX08018,0.0,853896081.25
8019,19,19,19,VN00019,19,TRX08019,0.0,464294418.24
8020,20,20,20,VN00020,20,TRX08020,0.0,67583727.36
8021,21,21,21,VN00021,21,TRX08021,0.0,322322124.34
8022,22,22,22,VN00022,22,TRX08022,0.0,491349584.87
8023,23,23,23,VN00023,23,TRX08023,0.0,937315295.81
8024,24,24,24,VN00024,24,TRX08024,344247654.52,0.0
8025,25,25,25,VN00025,25,TRX08025,111585245.58,0.0
8026,26,26,26,VN00026,26,TRX08026,0.0,539518005.24
8027,27,27,27,VN00027,27,TRX08027,491236448.79,0.0
8028,28,28,28,VN00028,28,TRX08028,570636704.59,0.0
8029,29,29,29,VN00029,29,TRX08029,833378252.32,0.0
8030,30,30,30,VN00030,30,TRX08030,251632216.86,0.0
8031,31,31,31,VN00031,31,TRX08031,0.0,610674017.41
8032,32,32,32,VN00032,32,TRX08032,0.0,270646112.85
8033,33,33,33,VN00033,33,TRX08033,930316377.63,0.0
8034,34,34,34,VN00034,34,TRX08034,0.0,152611180.75
8035,35,35,35,VN00035,35,TRX08035,0.0,133252622.68
8036,36,36,36,VN00036,36,TRX08036,655856237.28,0.0
8037,37,37,37,VN00037,37,TRX08037,71255552.92,0.0
8038,38,38,38,VN00038,38,TRX08038,399740229.48,0.0
8039,39,39,39,VN00039,39,TRX08039,0.0,730051657.76
8040,40,40,40,VN00040,40,TRX08040,855426252.46,0.0
8041,41,41,41,VN00041,41,TRX08041,0.0,312460110.05
8042,42,42,42,VN00042,42,TRX08042,0.0,528118854.58
8043,43,43,43,VN00043,43,TRX08043,772792045.16,0.0
8044,44,44,44,VN00044,44,TRX08044,0.0,373054404.53
8045,45,45,45,VN00045,45,TRX08045,0.0,807413663.66
8046,46,46,46,VN00046,46,TRX08046,0.0,62356447.88
8047,47,47,47,VN00047,47,TRX08047,0.0,156826017.52
8048,48,48,48,VN00048,48,TRX08048,0.0,934323079.01
8049,49,49,49,VN00049,49,TRX08049,864884503.94,0.0
8050,50,50,50,VN00050,50,TRX08050,537852355.41,0.0
8051,51,51,51,VN00051,51,TRX08051,0.0,963600779.04
8052,52,52,52,VN00052,52,TRX08052,936903162.43,0.0
8053,53,53,53,VN00053,53,TRX08053,0.0,833082503.83
8054,54,54,54,VN00054,54,TRX08054,755946887.29,0.0
8055,55,55,55,VN00055,55,TRX08055,0.0,886289012.59
8056,56,56,56,VN00056,56,TRX08056,670597185.68,0.0
8057,57,57,57,VN00057,57,TRX08057,0.0,343335545.68
8058,58,58,58,VN00058,58,TRX08058,0.0,683822548.17
8059,59,59,59,VN00059,59,TRX08059,844481788.86,0.0
8060,60,60,60,VN00060,60,TRX08060,0.0,699645818.91
8061,61,61,61,VN00061,61,TRX08061,0.0,576281064.71
8062,62,62,62,VN00062,62,TRX08062,0.0,705520157.6
8063,63,63,63,VN00063,63,TRX08063,0.0,335077658.54
8064,64,64,64,VN00064,64,TRX08064,537815490.81,0.0
8065,65,65,65,VN00065,65,TRX08065,544152159.08,0.0
8066,66,66,66,VN00066,66,TRX08066,0.0,239605810.07
8067,67,67,67,VN00067,67,TRX08067,391763582.91,0.0
8068,68,68,68,VN00068,68,TRX08068,326144431.55,0.0
8069,69,69,69,VN00069,69,TRX08069,774635953.13,0.0
8070,70,70,70,VN00070,70,TRX08070,757409601.3,0.0
8071,71,71,71,VN00071,71,TRX08071,0.0,176919483.93
8072,72,72,72,VN00072,72,TRX08072,668541567.75,0.0
8073,73,73,73,VN00073,73,TRX08073,0.0,100265739.86
8074,74,74,74,VN00074,74,TRX08074,457835007.62,0.0
8075,75,75,75,VN00075,75,TRX08075,819964837.13,0.0
8076,76,76,76,VN00076,76,TRX08076,146126373.5,0.0
8077,77,77,77,VN00077,77,TRX08077,790561589.23,0.0
8078,78,78,78,VN00078,78,TRX08078,0.0,267914589.11
8079,79,79,79,VN00079,79,TRX08079,0.0,450051709.55
8080,80,80,80,VN00080,80,TRX08080,940221411.5,0.0
8081,81,81,81,VN00081,81,TRX08081,0.0,307840461.47
8082,82,82,82,VN00082,82,TRX08082,617551282.97,0.0
8083,83,83,83,VN00083,83,TRX08083,914601618.87,0.0
8084,84,84,84,VN00084,84,TRX08084,218826328.35,0.0
8085,85,85,85,VN00085,85,TRX08085,510168600.97,0.0
8086,86,86,86,VN00086,86,TRX08086,999375129.91,0.0
8087,87,87,87,VN00087,87,TRX08087,0.0,817576630.22
8088,88,88,88,VN00088,88,TRX08088,906704276.28,0.0
8089,89,89,89,VN00089,89,TRX08089,690840192.18,0.0
8090,90,90,90,VN00090,90,TRX08090,0.0,370176122.01
8091,91,91,91,VN00091,91,TRX08091,140883251.63,0.0
8092,92,92,92,VN00092,92,TRX08092,0.0,3335451.25
8093,93,93,93,VN00093,93,TRX08093,0.0,279401172.75
8094,94,94,94,VN00094,94,TRX08094,0.0,26520603.69
8095,95,95,95,VN00095,95,TRX08095,807573567.26,0.0
8096,96,96,96,VN00096,96,TRX08096,491973602.88,0.0
8097,97,97,97,VN00097,97,TRX08097,0.0,672487949.07
8098,98,98,98,VN00098,98,TRX08098,0.0,983534468.45
8099,99,99,99,VN00099,99,TRX08099,0.0,739640530.47
8100,100,100,100,VN00100,100,TRX08100,236223139.49,0.0
8101,101,101,101,VN00101,101,TRX08101,898392126.07,0.0
8102,102,102,102,VN00102,102,TRX08102,0.0,961712702.82
8103,103,103,103,VN00103,103,TRX08103,540233812.31,0.0
8104,104,104,104,VN00104,104,TRX08104,0.0,256337075.66
8105,105,105,105,VN00105,105,TRX08105,0.0,337307700.76
8106,106,106,106,VN00106,106,TRX08106,739538222.92,0.0
8107,107,107,107,VN00107,107,TRX08107,199959202.62,0.0
8108,108,108,108,VN00108,108,TRX08108,521488717.97,0.0
8109,109,109,109,VN00109,109,TRX08109,0.0,298297363.31
8110,110,110,110,VN00110,110,TRX08110,0.0,650452377.04
8111,111,111,111,VN00111,111,TRX08111,0.0,417893017.81
8112,112,112,112,VN00112,112,TRX08112,620085046.42,0.0
8113,113,113,113,VN00113,113,TRX08113,69269598.25,0.0
8114,114,114,114,VN00114,114,TRX08114,702461729.98,0.0
8115,115,115,115,VN00115,115,TRX08115,0.0,227063374.67
8116,116,116,116,VN00116,116,TRX08116,0.0,434499490.81
8117,117,117,117,VN00117,117,TRX08117,0.0,194290892.09
8118,118,118,118,VN00118,118,TRX08118,715989132.78,0.0
8119,119,119,119,VN00119,119,TRX08119,356409223.58,0.0
8120,120,120,120,VN00120,120,TRX08120,380527717.73,0.0
8121,121,121,121,VN00121,121,TRX08121,0.0,50674528.66
8122,122,122,122,VN00122,122,TRX08122,0.0,867068406.39
8123,123,123,123,VN00123,123,TRX08123,883083198.06,0.0
8124,124,124,124,VN00124,124,TRX08124,111174826.85,0.0
8125,125,125,125,VN00125,125,TRX08125,0.0,382280324.96
8126,126,126,126,VN00126,126,TRX08126,91484369.89,0.0
8127,127,127,127,VN00127,127,TRX08127,569335337.86,0.0
8128,128,128,128,VN00128,128,TRX08128,0.0,284750571.33
8129,129,129,129,VN00129,129,TRX08129,951559496.97,0.0
8130,130,130,130,VN00130,130,TRX08130,0.0,291294745.43
8131,131,131,131,VN00131,131,TRX08131,358411054.4,0.0
8132,132,132,132,VN00132,132,TRX08132,821543789.38,0.0
8133,133,133,133,VN00133,133,TRX08133,285783568.72,0.0
8134,134,134,134,VN00134,134,TRX08134,0.0,149972282.75
8135,135,135,135,VN00135,135,TRX08135,0.0,423204709.85
8136,136,136,136,VN00136,136,TRX08136,0.0,926583313.72
8137,137,137,137,VN00137,137,TRX08137,0.0,226256989.88
8138,138,138,138,VN00138,138,TRX08138,182854496.05,0.0
8139,139,139,139,VN00139,139,TRX08139,164299247.26,0.0
8140,140,140,140,VN00140,140,TRX08140,446151751.4,0.0
8141,141,141,141,VN00141,141,TRX08141,958759704.36,0.0
8142,142,142,142,VN00142,142,TRX08142,444980291.81,0.0
8143,143,143,143,VN00143,143,TRX08143,0.0,707873726.51
8144,144,144,144,VN00144,144,TRX08144,28400537.08,0.0
8145,145,145,145,VN00145,145,TRX08145,0.0,644118660.84
8146,146,146,146,VN00146,146,TRX08146,0.0,912240636.69
8147,147,147,147,VN00147,147,TRX08147,0.0,429523727.24
8148,148,148,148,VN00148,148,TRX08148,449943767.98,0.0
8149,149,149,149,VN00149,149,TRX08149,0.0,805980314.11
8150,150,150,150,VN00150,150,TRX08150,0.0,66133776.0
8151,151,151,151,VN00151,151,TRX08151,440150754.75,0.0
8152,152,152,152,VN00152,152,TRX08152,93136364.18,0.0
8153,153,153,153,VN00153,153,TRX08153,0.0,108332698.68
8154,154,154,154,VN00154,154,TRX08154,723116428.13,0.0
8155,155,155,155,VN00155,155,TRX08155,669498417.25,0.0
8156,156,156,156,VN00156,156,TRX08156,763527810.04,0.0
8157,157,157,157,VN00157,157,TRX08157,907878352.97,0.0
8158,158,158,158,VN00158,158,TRX08158,0.0,17955195.7
8159,159,159,159,VN00159,159,TRX08159,0.0,112833731.94
8160,160,160,160,VN00160,160,TRX08160,488610898.63,0.0
8161,161,161,161,VN00161,161,TRX08161,0.0,645349635.56
8162,162,162,162,VN00162,162,TRX08162,0.0,9067019.73
8163,163,163,163,VN00163,163,TRX08163,0.0,157417034.68
8164,164,164,164,VN00164,164,TRX08164,0.0,477560933.19
8165,165,165,165,VN00165,165,TRX08165,974059212.39,0.0
8166,166,166,166,VN00166,166,TRX08166,218287777.08,0.0
8167,167,167,167,VN00167,167,TRX08167,683272742.11,0.0
8168,168,168,168,VN00168,168,TRX08168,295598244.36,0.0
8169,169,169,169,VN00169,169,TRX08169,0.0,849146197.93
8170,170,170,170,VN00170,170,TRX08170,0.0,89345396.58
8171,171,171,171,VN00171,171,TRX08171,655749611.03,0.0
8172,172,172,172,VN00172,172,TRX08172,138701563.37,0.0
8173,173,173,173,VN00173,173,TRX08173,0.0,61072206.67
8174,174,174,174,VN00174,174,TRX08174,0.0,457584630.9
8175,175,175,175,VN00175,175,TRX08175,635328477.16,0.0
8176,176,176,176,VN00176,176,TRX08176,509651676.96,0.0
8177,177,177,177,VN00177,177,TRX08177,301670579.46,0.0
8178,178,178,178,VN00178,178,TRX08178,176196534.12,0.0
8179,179,179,179,VN00179,179,TRX08179,155659325.05,0.0
8180,180,180,180,VN00180,180,TRX08180,0.0,105189527.92
8181,181,181,181,VN00181,181,TRX08181,694651996.8,0.0
8182,182,182,182,VN00182,182,TRX08182,0.0,409580607.44
8183,183,183,183,VN00183,183,TRX08183,658037222.64,0.0
8184,184,184,184,VN00184,184,TRX08184,0.0,20857729.11
8185,185,185,185,VN00185,185,TRX08185,947550250.74,0.0
8186,186,186,186,VN00186,186,TRX08186,319036346.59,0.0
8187,187,187,187,VN00187,187,TRX08187,436138342.15,0.0
8188,188,188,188,VN00188,188,TRX08188,121447049.69,0.0
8189,189,189,189,VN00189,189,TRX08189,0.0,94739342.2
8190,190,190,190,VN00190,190,TRX08190,0.0,355394136.63
8191,191,191,191,VN00191,191,TRX08191,844341079.3,0.0
8192,192,192,192,VN00192,192,TRX08192,0.0,624992352.14
8193,193,193,193,VN00193,193,TRX08193,543907959.38,0.0
8194,194,194,194,VN00194,194,TRX08194,0.0,22548576.0
8195,195,195,195,VN00195,195,TRX08195,0.0,42337878.1
8196,196,196,196,VN00196,196,TRX08196,0.0,579885389.41
8197,197,197,197,VN00197,197,TRX08197,0.0,422952648.54
8198,198,198,198,VN00198,198,TRX08198,0.0,632990075.39
8199,199,199,199,VN00199,199,TRX08199,719730581.72,0.0
8200,200,200,200,VN00200,200,TRX08200,0.0,314162818.3
8201,201,201,201,VN00201,201,TRX08201,805117376.58,0.0
8202,202,202,202,VN00202,202,TRX08202,0.0,42054156.18
8203,203,203,203,VN00203,203,TRX08203,0.0,500672199.68
8204,204,204,204,VN00204,204,TRX08204,153149851.67,0.0
8205,205,205,205,VN00205,205,TRX08205,0.0,187448860.75
8206,206,206,206,VN00206,206,TRX08206,0.0,323912405.35
8207,207,207,207,VN00207,207,TRX08207,0.0,924850701.77
8208,208,208,208,VN00208,208,TRX08208,829738299.42,0.0
8209,209,209,209,VN00209,209,TRX08209,0.0,407272457.39
8210,210,210,210,VN00210,210,TRX08210,34125606.78,0.0
8211,211,211,211,VN00211,211,TRX08211,0.0,51490817.92
8212,212,212,212,VN00212,212,TRX08212,0.0,219077106.75
8213,213,213,213,VN00213,213,TRX08213,73058483.41,0.0
8214,214,214,214,VN00214,214,TRX08214,0.0,934720647.09
8215,215,215,215,VN00215,215,TRX08215,226527281.42,0.0
8216,216,216,216,VN00216,216,TRX08216,0.0,484485252.98
8217,217,217,217,VN00217,217,TRX08217,632985798.73,0.0
8218,218,218,218,VN00218,218,TRX08218,0.0,459674364.15
8219,219,219,219,VN00219,219,TRX08219,0.0,856860333.57
8220,220,220,220,VN00220,220,TRX08220,654927803.34,0.0
8221,221,221,221,VN00221,221,TRX08221,0.0,666918138.68
8222,222,222,222,VN00222,222,TRX08222,539305918.16,0.0
8223,223,223,223,VN00223,223,TRX08223,757435481.18,0.0
8224,224,224,224,VN00224,224,TRX08224,597378598.01,0.0
8225,225,225,225,VN00225,225,TRX08225,496423459.59,0.0
8226,226,226,226,VN00226,226,TRX08226,756024957.87,0.0
8227,227,227,227,VN00227,227,TRX08227,0.0,551654729.41
8228,228,228,228,VN00228,228,TRX08228,0.0,902156265.73
8229,229,229,229,VN00229,229,TRX08229,0.0,897161604.84
8230,230,230,230,VN00230,230,TRX08230,0.0,913663081.27
8231,231,231,231,VN00231,231,TRX08231,0.0,318800732.07
8232,232,232,232,VN00232,232,TRX08232,789710473.37,0.0
8233,233,233,233,VN00233,233,TRX08233,41480366.11,0.0
8234,234,234,234,VN00234,234,TRX08234,150720678.68,0.0
8235,235,235,235,VN00235,235,TRX08235,873524687.3,0.0
8236,236,236,236,VN00236,236,TRX08236,424129612.36,0.0
8237,237,237,237,VN00237,237,TRX08237,31759122.3,0.0
8238,238,238,238,VN00238,238,TRX08238,0.0,804007509.43
8239,239,239,239,VN00239,239,TRX08239,568649695.14,0.0
8240,240,240,240,VN00240,240,TRX08240,518327846.32,0.0
8241,241,241,241,VN00241,241,TRX08241,230563172.32,0.0
8242,242,242,242,VN00242,242,TRX08242,972934999.7,0.0
8243,243,243,243,VN00243,243,TRX08243,0.0,409166799.12
8244,244,244,244,VN00244,244,TRX08244,709912970.23,0.0
8245,245,245,245,VN00245,245,TRX08245,0.0,195101297.7
8246,246,246,246,VN00246,246,TRX08246,771795092.77,0.0
8247,247,247,247,VN00247,247,TRX08247,120852278.51,0.0
8248,248,248,248,VN00248,248,TRX08248,908116865.59,0.0
8249,249,249,249,VN00249,249,TRX08249,0.0,167432525.4
8250,250,250,250,VN00250,250,TRX08250,0.0,942406970.27
8251,1,1,1,VN00001,1,TRX08251,100670036.53,0.0
8252,2,2,2,VN00002,2,TRX08252,0.0,618912606.2
8253,3,3,3,VN00003,3,TRX08253,0.0,282476612.32
8254,4,4,4,VN00004,4,TRX08254,985633625.78,0.0
8255,5,5,5,VN00005,5,TRX08255,0.0,838198573.77
8256,6,6,6,VN00006,6,TRX08256,0.0,881294014.72
8257,7,7,7,VN00007,7,TRX08257,0.0,492735636.03
8258,8,8,8,VN00008,8,TRX08258,0.0,909087453.98
8259,9,9,9,VN00009,9,TRX08259,0.0,917611334.57
8260,10,10,10,VN00010,10,TRX08260,0.0,922524934.32
8261,11,11,11,VN00011,11,TRX08261,580966279.63,0.0
8262,12,12,12,VN00012,12,TRX08262,0.0,433833150.29
8263,13,13,13,VN00013,13,TRX08263,0.0,251307922.38
8264,14,14,14,VN00014,14,TRX08264,0.0,90343603.47
8265,15,15,15,VN00015,15,TRX08265,0.0,596578513.75
8266,16,16,16,VN00016,16,TRX08266,957108690.14,0.0
8267,17,17,17,VN00017,17,TRX08267,0.0,447940887.8
8268,18,18,18,VN00018,18,TRX08268,0.0,749310686.42
8269,19,19,19,VN00019,19,TRX08269,543555208.23,0.0
8270,20,20,20,VN00020,20,TRX08270,0.0,17572315.05
8271,21,21,21,VN00021,21,TRX08271,0.0,139155518.3
8272,22,22,22,VN00022,22,TRX08272,0.0,958109340.99
8273,23,23,23,VN00023,23,TRX08273,847629617.22,0.0
8274,24,24,24,VN00024,24,TRX08274,113154019.82,0.0
8275,25,25,25,VN00025,25,TRX08275,0.0,873025508.89
8276,26,26,26,VN00026,26,TRX08276,0.0,658438140.78
8277,27,27,27,VN00027,27,TRX08277,0.0,84668053.07
8278,28,28,28,VN00028,28,TRX08278,0.0,441216761.81
8279,29,29,29,VN00029,29,TRX08279,0.0,730973070.64
8280,30,30,30,VN00030,30,TRX08280,721155457.9,0.0
8281,31,31,31,VN00031,31,TRX08281,874215126.1,0.0
8282,32,32,32,VN00032,32,TRX08282,0.0,125470680.72
8283,33,33,33,VN00033,33,TRX08283,0.0,19731400.56
8284,34,34,34,VN00034,34,TRX08284,0.0,377076647.49
8285,35,35,35,VN00035,35,TRX08285,952133339.66,0.0
8286,36,36,36,VN00036,36,TRX08286,0.0,434285834.47
8287,37,37,37,VN00037,37,TRX08287,540681652.48,0.0
8288,38,38,38,VN00038,38,TRX08288,327257125.32,0.0
8289,39,39,39,VN00039,39,TRX08289,0.0,444642943.86
8290,40,40,40,VN00040,40,TRX08290,522006424.5,0.0
8291,41,41,41,VN00041,41,TRX08291,514274893.97,0.0
8292,42,42,42,VN00042,42,TRX08292,980427612.78,0.0
8293,43,43,43,VN00043,43,TRX08293,0.0,417339959.81
8294,44,44,44,VN00044,44,TRX08294,794589317.85,0.0
8295,45,45,45,VN00045,45,TRX08295,0.0,311293869.97
8296,46,46,46,VN00046,46,TRX08296,0.0,117412203.13
8297,47,47,47,VN00047,47,TRX08297,0.0,281395329.34
8298,48,48,48,VN00048,48,TRX08298,864817982.94,0.0
8299,49,49,49,VN00049,49,TRX08299,576483763.16,0.0
8300,50,50,50,VN00050,50,TRX08300,0.0,323903730.27
8301,51,51,51,VN00051,51,TRX08301,0.0,338290406.97
8302,52,52,52,VN00052,52,TRX08302,0.0,40695283.84
8303,53,53,53,VN00053,53,TRX08303,776116247.7,0.0
8304,54,54,54,VN00054,54,TRX08304,122025724.21,0.0
8305,55,55,55,VN00055,55,TRX08305,387595543.54,0.0
8306,56,56,56,VN00056,56,TRX08306,224406181.79,0.0
8307,57,57,57,VN00057,57,TRX08307,0.0,982815254.56
8308,58,58,58,VN00058,58,TRX08308,0.0,718865950.58
8309,59,59,59,VN00059,59,TRX08309,882621318.6,0.0
8310,60,60,60,VN00060,60,TRX08310,941427458.94,0.0
8311,61,61,61,VN00061,61,TRX08311,0.0,135923039.08
8312,62,62,62,VN00062,62,TRX08312,0.0,604174765.24
8313,63,63,63,VN00063,63,TRX08313,701736047.85,0.0
8314,64,64,64,VN00064,64,TRX08314,750290433.82,0.0
8315,65,65,65,VN00065,65,TRX08315,352694007.67,0.0
8316,66,66,66,VN00066,66,TRX08316,361709796.25,0.0
8317,67,67,67,VN00067,67,TRX08317,430746378.14,0.0
8318,68,68,68,VN00068,68,TRX08318,0.0,988523584.87
8319,69,69,69,VN00069,69,TRX08319,396698259.26,0.0
8320,70,70,70,VN00070,70,TRX08320,0.0,788990607.15
8321,71,71,71,VN00071,71,TRX08321,0.0,497884794.73
8322,72,72,72,VN00072,72,TRX08322,141308534.47,0.0
8323,73,73,73,VN00073,73,TRX08323,0.0,692321922.29
8324,74,74,74,VN00074,74,TRX08324,0.0,970068252.39
8325,75,75,75,VN00075,75,TRX08325,171782739.25,0.0
8326,76,76,76,VN00076,76,TRX08326,0.0,827347824.59
8327,77,77,77,VN00077,77,TRX08327,61785557.56,0.0
8328,78,78,78,VN00078,78,TRX08328,0.0,429350346.51
8329,79,79,79,VN00079,79,TRX08329,227962169.41,0.0
8330,80,80,80,VN00080,80,TRX08330,518320096.28,0.0
8331,81,81,81,VN00081,81,TRX08331,0.0,656710933.46
8332,82,82,82,VN00082,82,TRX08332,0.0,519215567.68
8333,83,83,83,VN00083,83,TRX08333,818925021.97,0.0
8334,84,84,84,VN00084,84,TRX08334,0.0,393176540.5
8335,85,85,85,VN00085,85,TRX08335,443673634.54,0.0
8336,86,86,86,VN00086,86,TRX08336,90719671.87,0.0
8337,87,87,87,VN00087,87,TRX08337,0.0,789790431.84
8338,88,88,88,VN00088,88,TRX08338,0.0,599507108.23
8339,89,89,89,VN00089,89,TRX08339,0.0,656940648.03
8340,90,90,90,VN00090,90,TRX08340,865448831.86,0.0
8341,91,91,91,VN00091,91,TRX08341,81201578.18,0.0
8342,92,92,92,VN00092,92,TRX08342,553711435.27,0.0
8343,93,93,93,VN00093,93,TRX08343,0.0,626425832.62
8344,94,94,94,VN00094,94,TRX08344,0.0,650755501.11
8345,95,95,95,VN00095,95,TRX08345,893339397.29,0.0
8346,96,96,96,VN00096,96,TRX08346,340635258.46,0.0
8347,97,97,97,VN00097,97,TRX08347,37349232.64,0.0
8348,98,98,98,VN00098,98,TRX08348,0.0,441788452.84
8349,99,99,99,VN00099,99,TRX08349,142719109.71,0.0
8350,100,100,100,VN00100,100,TRX08350,0.0,281299193.71
8351,101,101,101,VN00101,101,TRX08351,0.0,152677337.15
8352,102,102,102,VN00102,102,TRX08352,0.0,592805552.76
8353,103,103,103,VN00103,103,TRX08353,0.0,336040917.44
8354,104,104,104,VN00104,104,TRX08354,0.0,260466241.55
8355,105,105,105,VN00105,105,TRX08355,0.0,404847823.21
8356,106,106,106,VN00106,106,TRX08356,0.0,288959141.33
8357,107,107,107,VN00107,107,TRX08357,0.0,190038075.68
8358,108,108,108,VN00108,108,TRX08358,0.0,381408880.03
8359,109,109,109,VN00109,109,TRX08359,0.0,595028051.46
8360,110,110,110,VN00110,110,TRX08360,157012835.13,0.0
8361,111,111,111,VN00111,111,TRX08361,501830655.89,0.0
8362,112,112,112,VN00112,112,TRX08362,922926118.86,0.0
8363,113,113,113,VN00113,113,TRX08363,194004478.47,0.0
8364,114,114,114,VN00114,114,TRX08364,308716416.79,0.0
8365,115,115,115,VN00115,115,TRX08365,345684321.1,0.0
8366,116,116,116,VN00116,116,TRX08366,0.0,959574475.1
8367,117,117,117,VN00117,117,TRX08367,636757754.96,0.0
8368,118,118,118,VN00118,118,TRX08368,256062610.67,0.0
8369,119,119,119,VN00119,119,TRX08369,736631751.57,0.0
8370,120,120,120,VN00120,120,TRX08370,0.0,766225268.09
8371,121,121,121,VN00121,121,TRX08371,170932744.05,0.0
8372,122,122,122,VN00122,122,TRX08372,0.0,344002736.6
8373,123,123,123,VN00123,123,TRX08373,0.0,710361434.24
8374,124,124,124,VN00124,124,TRX08374,0.0,516576661.19
8375,125,125,125,VN00125,125,TRX08375,672526875.26,0.0
8376,126,126,126,VN00126,126,TRX08376,514395902.16,0.0
8377,127,127,127,VN00127,127,TRX08377,142108020.78,0.0
8378,128,128,128,VN00128,128,TRX08378,0.0,173000979.96
8379,129,129,129,VN00129,129,TRX08379,365003697.08,0.0
8380,130,130,130,VN00130,130,TRX08380,893119560.91,0.0
8381,131,131,131,VN00131,131,TRX08381,0.0,764596281.55
8382,132,132,132,VN00132,132,TRX08382,361201564.2,0.0
8383,133,133,133,VN00133,133,TRX08383,0.0,444730537.55
8384,134,134,134,VN00134,134,TRX08384,0.0,921959771.78
8385,135,135,135,VN00135,135,TRX08385,0.0,988448545.9
8386,136,136,136,VN00136,136,TRX08386,704617180.32,0.0
8387,137,137,137,VN00137,137,TRX08387,0.0,666434318.83
8388,138,138,138,VN00138,138,TRX08388,887911398.79,0.0
8389,139,139,139,VN00139,139,TRX08389,0.0,477346428.17
8390,140,140,140,VN00140,140,TRX08390,0.0,512199590.81
8391,141,141,141,VN00141,141,TRX08391,0.0,57406126.86
8392,142,142,142,VN00142,142,TRX08392,0.0,565389128.1
8393,143,143,143,VN00143,143,TRX08393,1163322.2,0.0
8394,144,144,144,VN00144,144,TRX08394,94246789.7,0.0
8395,145,145,145,VN00145,145,TRX08395,0.0,342286650.93
8396,146,146,146,VN00146,146,TRX08396,0.0,231182561.65
8397,147,147,147,VN00147,147,TRX08397,0.0,241618404.88
8398,148,148,148,VN00148,148,TRX08398,0.0,923709020.55
8399,149,149,149,VN00149,149,TRX08399,803088198.26,0.0
8400,150,150,150,VN00150,150,TRX08400,0.0,321586776.78
8401,151,151,151,VN00151,151,TRX08401,0.0,743952700.78
8402,152,152,152,VN00152,152,TRX08402,0.0,942558997.45
8403,153,153,153,VN00153,153,TRX08403,143793883.62,0.0
8404,154,154,154,VN00154,154,TRX08404,0.0,607711626.62
8405,155,155,155,VN00155,155,TRX08405,0.0,746885325.44
8406,156,156,156,VN00156,156,TRX08406,5931236.63,0.0
8407,157,157,157,VN00157,157,TRX08407,0.0,951182737.84
8408,158,158,158,VN00158,158,TRX08408,0.0,927470116.29
8409,159,159,159,VN00159,159,TRX08409,152723762.88,0.0
8410,160,160,160,VN00160,160,TRX08410,275181071.74,0.0
8411,161,161,161,VN00161,161,TRX08411,0.0,975575454.18
8412,162,162,162,VN00162,162,TRX08412,0.0,777845475.43
8413,163,163,163,VN00163,163,TRX08413,170359218.0,0.0
8414,164,164,164,VN00164,164,TRX08414,795592803.46,0.0
8415,165,165,165,VN00165,165,TRX08415,0.0,774419944.93
8416,166,166,166,VN00166,166,TRX08416,626829126.05,0.0
8417,167,167,167,VN00167,167,TRX08417,81539919.77,0.0
8418,168,168,168,VN00168,168,TRX08418,409889207.82,0.0
8419,169,169,169,VN00169,169,TRX08419,242712027.13,0.0
8420,170,170,170,VN00170,170,TRX08420,0.0,484937403.81
8421,171,171,171,VN00171,171,TRX08421,0.0,599543946.39
8422,172,172,172,VN00172,172,TRX08422,676356575.83,0.0
8423,173,173,173,VN00173,173,TRX08423,591174697.5,0.0
8424,174,174,174,VN00174,174,TRX08424,382913984.34,0.0
8425,175,175,175,VN00175,175,TRX08425,412504020.5,0.0
8426,176,176,176,VN00176,176,TRX08426,0.0,172784624.52
8427,177,177,177,VN00177,177,TRX08427,230115553.14,0.0
8428,178,178,178,VN00178,178,TRX08428,451800623.13,0.0
8429,179,179,179,VN00179,179,TRX08429,0.0,525081379.41
8430,180,180,180,VN00180,180,TRX08430,712670214.5,0.0
8431,181,181,181,VN00181,181,TRX08431,456193583.29,0.0
8432,182,182,182,VN00182,182,TRX08432,0.0,910145859.09
8433,183,183,183,VN00183,183,TRX08433,484238988.18,0.0
8434,184,184,184,VN00184,184,TRX08434,646649039.02,0.0
8435,185,185,185,VN00185,185,TRX08435,312126550.79,0.0
8436,186,186,186,VN00186,186,TRX08436,66913588.42,0.0
8437,187,187,187,VN00187,187,TRX08437,0.0,228294982.08
8438,188,188,188,VN00188,188,TRX08438,0.0,843328016.96
8439,189,189,189,VN00189,189,TRX08439,0.0,418505249.77
8440,190,190,190,VN00190,190,TRX08440,784295891.27,0.0
8441,191,191,191,VN00191,191,TRX08441,0.0,694408814.86
8442,192,192,192,VN00192,192,TRX08442,0.0,120603827.83
8443,193,193,193,VN00193,193,TRX08443,0.0,703222318.29
8444,194,194,194,VN00194,194,TRX08444,0.0,994952511.24
8445,195,195,195,VN00195,195,TRX08445,831601120.5,0.0
8446,196,196,196,VN00196,196,TRX08446,908809072.44,0.0
8447,197,197,197,VN00197,197,TRX08447,444571938.2,0.0
8448,198,198,198,VN00198,198,TRX08448,0.0,316673868.93
8449,199,199,199,VN00199,199,TRX08449,451499122.87,0.0
8450,200,200,200,VN00200,200,TRX08450,612656723.56,0.0
8451,201,201,201,VN00201,201,TRX08451,0.0,377575059.59
8452,202,202,202,VN00202,202,TRX08452,0.0,285027651.34
8453,203,203,203,VN00203,203,TRX08453,0.0,173118851.09
8454,204,204,204,VN00204,204,TRX08454,30444976.61,0.0
8455,205,205,205,VN00205,205,TRX08455,0.0,603522627.3
8456,206,206,206,VN00206,206,TRX08456,622080996.85,0.0
8457,207,207,207,VN00207,207,TRX08457,261851382.3,0.0
8458,208,208,208,VN00208,208,TRX08458,283201884.82,0.0
8459,209,209,209,VN00209,209,TRX08459,0.0,860720701.62
8460,210,210,210,VN00210,210,TRX08460,0.0,619868724.03
8461,211,211,211,VN00211,211,TRX08461,0.0,623864304.65
8462,212,212,212,VN00212,212,TRX08462,466048606.61,0.0
8463,213,213,213,VN00213,213,TRX08463,661199480.17,0.0
8464,214,214,214,VN00214,214,TRX08464,0.0,512187094.35
8465,215,215,215,VN00215,215,TRX08465,0.0,252934400.21
8466,216,216,216,VN00216,216,TRX08466,0.0,430018671.78
8467,217,217,217,VN00217,217,TRX08467,85523466.55,0.0
8468,218,218,218,VN00218,218,TRX08468,0.0,634282747.78
8469,219,219,219,VN00219,219,TRX08469,22705131.55,0.0
8470,220,220,220,VN00220,220,TRX08470,504912007.42,0.0
8471,221,221,221,VN00221,221,TRX08471,761620951.63,0.0
8472,222,222,222,VN00222,222,TRX08472,832366951.91,0.0
8473,223,223,223,VN00223,223,TRX08473,536760392.95,0.0
8474,224,224,224,VN00224,224,TRX08474,0.0,303216286.15
8475,225,225,225,VN00225,225,TRX08475,502382469.04,0.0
8476,226,226,226,VN00226,226,TRX08476,0.0,266393946.5
8477,227,227,227,VN00227,227,TRX08477,431902630.77,0.0
8478,228,228,228,VN00228,228,TRX08478,869720287.32,0.0
8479,229,229,229,VN00229,229,TRX08479,581193483.75,0.0
8480,230,230,230,VN00230,230,TRX08480,714672541.64,0.0
8481,231,231,231,VN00231,231,TRX08481,808977968.35,0.0
8482,232,232,232,VN00232,232,TRX08482,0.0,802749864.87
8483,233,233,233,VN00233,233,TRX08483,559560777.57,0.0
8484,234,234,234,VN00234,234,TRX08484,678554720.42,0.0
8485,235,235,235,VN00235,235,TRX08485,935294292.28,0.0
8486,236,236,236,VN00236,236,TRX08486,559770908.37,0.0
8487,237,237,237,VN00237,237,TRX08487,879026481.99,0.0
8488,238,238,238,VN00238,238,TRX08488,628930469.96,0.0
8489,239,239,239,VN00239,239,TRX08489,132023531.08,0.0
8490,240,240,240,VN00240,240,TRX08490,377455838.43,0.0
8491,241,241,241,VN00241,241,TRX08491,0.0,153113071.09
8492,242,242,242,VN00242,242,TRX08492,546213468.17,0.0
8493,243,243,243,VN00243,243,TRX08493,550495892.13,0.0
8494,244,244,244,VN00244,244,TRX08494,0.0,165463661.36
8495,245,245,245,VN00245,245,TRX08495,0.0,939028520.46
8496,246,246,246,VN00246,246,TRX08496,0.0,12491919.78
8497,247,247,247,VN00247,247,TRX08497,928077249.71,0.0
8498,248,248,248,VN00248,248,TRX08498,0.0,155642052.92
8499,249,249,249,VN00249,249,TRX08499,0.0,696395119.63
8500,250,250,250,VN00250,250,TRX08500,854794145.04,0.0
8501,1,1,1,VN00001,1,TRX08501,0.0,721250013.73
8502,2,2,2,VN00002,2,TRX08502,132749557.69,0.0
8503,3,3,3,VN00003,3,TRX08503,0.0,388726552.86
8504,4,4,4,VN00004,4,TRX08504,948393009.01,0.0
8505,5,5,5,VN00005,5,TRX08505,0.0,364376882.78
8506,6,6,6,VN00006,6,TRX08506,94789266.29,0.0
8507,7,7,7,VN00007,7,TRX08507,0.0,696941706.29
8508,8,8,8,VN00008,8,TRX08508,458074518.92,0.0
8509,9,9,9,VN00009,9,TRX08509,0.0,61311450.82
8510,10,10,10,VN00010,10,TRX08510,0.0,116794785.94
8511,11,11,11,VN00011,11,TRX08511,0.0,868638307.95
8512,12,12,12,VN00012,12,TRX08512,180653127.72,0.0
8513,13,13,13,VN00013,13,TRX08513,948613512.26,0.0
8514,14,14,14,VN00014,14,TRX08514,288525321.31,0.0
8515,15,15,15,VN00015,15,TRX08515,0.0,554555724.27
8516,16,16,16,VN00016,16,TRX08516,0.0,828089441.31
8517,17,17,17,VN00017,17,TRX08517,64056069.79,0.0
8518,18,18,18,VN00018,18,TRX08518,0.0,709722896.64
8519,19,19,19,VN00019,19,TRX08519,856830013.51,0.0
8520,20,20,20,VN00020,20,TRX08520,78405293.62,0.0
8521,21,21,21,VN00021,21,TRX08521,0.0,852173827.29
8522,22,22,22,VN00022,22,TRX08522,432712270.2,0.0
8523,23,23,23,VN00023,23,TRX08523,419718789.69,0.0
8524,24,24,24,VN00024,24,TRX08524,0.0,566800143.72
8525,25,25,25,VN00025,25,TRX08525,179749852.6,0.0
8526,26,26,26,VN00026,26,TRX08526,0.0,82587629.03
8527,27,27,27,VN00027,27,TRX08527,0.0,440212355.45
8528,28,28,28,VN00028,28,TRX08528,48072823.61,0.0
8529,29,29,29,VN00029,29,TRX08529,0.0,210712755.44
8530,30,30,30,VN00030,30,TRX08530,396813583.28,0.0
8531,31,31,31,VN00031,31,TRX08531,626964701.5,0.0
8532,32,32,32,VN00032,32,TRX08532,0.0,948386482.0
8533,33,33,33,VN00033,33,TRX08533,0.0,198456787.91
8534,34,34,34,VN00034,34,TRX08534,0.0,861561229.76
8535,35,35,35,VN00035,35,TRX08535,247374715.87,0.0
8536,36,36,36,VN00036,36,TRX08536,941588151.1,0.0
8537,37,37,37,VN00037,37,TRX08537,0.0,108794542.34
8538,38,38,38,VN00038,38,TRX08538,0.0,599380293.85
8539,39,39,39,VN00039,39,TRX08539,582646014.65,0.0
8540,40,40,40,VN00040,40,TRX08540,308050140.16,0.0
8541,41,41,41,VN00041,41,TRX08541,0.0,717294681.15
8542,42,42,42,VN00042,42,TRX08542,84250969.7,0.0
8543,43,43,43,VN00043,43,TRX08543,825629005.56,0.0
8544,44,44,44,VN00044,44,TRX08544,585227536.75,0.0
8545,45,45,45,VN00045,45,TRX08545,0.0,387364424.78
8546,46,46,46,VN00046,46,TRX08546,0.0,836656939.34
8547,47,47,47,VN00047,47,TRX08547,889124692.42,0.0
8548,48,48,48,VN00048,48,TRX08548,0.0,398747648.95
8549,49,49,49,VN00049,49,TRX08549,195015662.15,0.0
8550,50,50,50,VN00050,50,TRX08550,0.0,422887196.79
8551,51,51,51,VN00051,51,TRX08551,0.0,725917230.56
8552,52,52,52,VN00052,52,TRX08552,0.0,338070004.9
8553,53,53,53,VN00053,53,TRX08553,536739647.71,0.0
8554,54,54,54,VN00054,54,TRX08554,0.0,319574827.64
8555,55,55,55,VN00055,55,TRX08555,0.0,205436990.59
8556,56,56,56,VN00056,56,TRX08556,245833834.43,0.0
8557,57,57,57,VN00057,57,TRX08557,101093532.5,0.0
8558,58,58,58,VN00058,58,TRX08558,0.0,373213078.3
8559,59,59,59,VN00059,59,TRX08559,0.0,544825310.22
8560,60,60,60,VN00060,60,TRX08560,512639704.27,0.0
8561,61,61,61,VN00061,61,TRX08561,0.0,691637419.76
8562,62,62,62,VN00062,62,TRX08562,927950201.7,0.0
8563,63,63,63,VN00063,63,TRX08563,355847386.24,0.0
8564,64,64,64,VN00064,64,TRX08564,0.0,485222121.11
8565,65,65,65,VN00065,65,TRX08565,0.0,27972102.98
8566,66,66,66,VN00066,66,TRX08566,0.0,543709444.71
8567,67,67,67,VN00067,67,TRX08567,125685292.28,0.0
8568,68,68,68,VN00068,68,TRX08568,0.0,949705749.34
8569,69,69,69,VN00069,69,TRX08569,299051270.19,0.0
8570,70,70,70,VN00070,70,TRX08570,988278991.08,0.0
8571,71,71,71,VN00071,71,TRX08571,804505811.59,0.0
8572,72,72,72,VN00072,72,TRX08572,745290587.34,0.0
8573,73,73,73,VN00073,73,TRX08573,0.0,271095690.76
8574,74,74,74,VN00074,74,TRX08574,0.0,743950907.6
8575,75,75,75,VN00075,75,TRX08575,0.0,21546673.99
8576,76,76,76,VN00076,76,TRX08576,0.0,916413848.47
8577,77,77,77,VN00077,77,TRX08577,0.0,834887671.71
8578,78,78,78,VN00078,78,TRX08578,125481768.32,0.0
8579,79,79,79,VN00079,79,TRX08579,264774065.92,0.0
8580,80,80,80,VN00080,80,TRX08580,901951780.39,0.0
8581,81,81,81,VN00081,81,TRX08581,198559011.84,0.0
8582,82,82,82,VN00082,82,TRX08582,220792093.65,0.0
8583,83,83,83,VN00083,83,TRX08583,0.0,212674260.9
8584,84,84,84,VN00084,84,TRX08584,0.0,47372230.06
8585,85,85,85,VN00085,85,TRX08585,402861701.78,0.0
8586,86,86,86,VN00086,86,TRX08586,425043482.12,0.0
8587,87,87,87,VN00087,87,TRX08587,74422683.54,0.0
8588,88,88,88,VN00088,88,TRX08588,0.0,792802432.83
8589,89,89,89,VN00089,89,TRX08589,347449508.49,0.0
8590,90,90,90,VN00090,90,TRX08590,633573048.66,0.0
8591,91,91,91,VN00091,91,TRX08591,388910583.43,0.0
8592,92,92,92,VN00092,92,TRX08592,0.0,354381564.38
8593,93,93,93,VN00093,93,TRX08593,0.0,834204080.36
8594,94,94,94,VN00094,94,TRX08594,61670426.83,0.0
8595,95,95,95,VN00095,95,TRX08595,0.0,843177231.35
8596,96,96,96,VN00096,96,TRX08596,656047853.12,0.0
8597,97,97,97,VN00097,97,TRX08597,0.0,182954957.66
8598,98,98,98,VN00098,98,TRX08598,31043300.25,0.0
8599,99,99,99,VN00099,99,TRX08599,0.0,312356614.4
8600,100,100,100,VN00100,100,TRX08600,0.0,39740372.44
8601,101,101,101,VN00101,101,TRX08601,0.0,228307011.84
8602,102,102,102,VN00102,102,TRX08602,0.0,331834150.67
8603,103,103,103,VN00103,103,TRX08603,0.0,707361882.87
8604,104,104,104,VN00104,104,TRX08604,757224059.09,0.0
8605,105,105,105,VN00105,105,TRX08605,0.0,791227319.81
8606,106,106,106,VN00106,106,TRX08606,0.0,168716423.29
8607,107,107,107,VN00107,107,TRX08607,0.0,479248058.87
8608,108,108,108,VN00108,108,TRX08608,265818419.53,0.0
8609,109,109,109,VN00109,109,TRX08609,0.0,375506848.24
8610,110,110,110,VN00110,110,TRX08610,590385565.56,0.0
8611,111,111,111,VN00111,111,TRX08611,199605254.3,0.0
8612,112,112,112,VN00112,112,TRX08612,71289367.5,0.0
8613,113,113,113,VN00113,113,TRX08613,403491311.53,0.0
8614,114,114,114,VN00114,114,TRX08614,533070203.66,0.0
8615,115,115,115,VN00115,115,TRX08615,173376147.87,0.0
8616,116,116,116,VN00116,116,TRX08616,0.0,163863296.86
8617,117,117,117,VN00117,117,TRX08617,98611549.7,0.0
8618,118,118,118,VN00118,118,TRX08618,0.0,274980562.59
8619,119,119,119,VN00119,119,TRX08619,0.0,721689745.42
8620,120,120,120,VN00120,120,TRX08620,532446025.81,0.0
8621,121,121,121,VN00121,121,TRX08621,0.0,704808415.76
8622,122,122,122,VN00122,122,TRX08622,0.0,419996623.27
8623,123,123,123,VN00123,123,TRX08623,337390894.35,0.0
8624,124,124,124,VN00124,124,TRX08624,0.0,458734739.81
8625,125,125,125,VN00125,125,TRX08625,0.0,328717063.5
8626,126,126,126,VN00126,126,TRX08626,949033471.6,0.0
8627,127,127,127,VN00127,127,TRX08627,302309352.28,0.0
8628,128,128,128,VN00128,128,TRX08628,29608872.94,0.0
8629,129,129,129,VN00129,129,TRX08629,757655227.2,0.0
8630,130,130,130,VN00130,130,TRX08630,118635026.56,0.0
8631,131,131,131,VN00131,131,TRX08631,0.0,44576309.09
8632,132,132,132,VN00132,132,TRX08632,186115301.13,0.0
8633,133,133,133,VN00133,133,TRX08633,0.0,157722876.67
8634,134,134,134,VN00134,134,TRX08634,0.0,455292508.37
8635,135,135,135,VN00135,135,TRX08635,859107523.09,0.0
8636,136,136,136,VN00136,136,TRX08636,213329894.97,0.0
8637,137,137,137,VN00137,137,TRX08637,0.0,113903992.8
8638,138,138,138,VN00138,138,TRX08638,0.0,234099014.22
8639,139,139,139,VN00139,139,TRX08639,0.0,392765877.32
8640,140,140,140,VN00140,140,TRX08640,0.0,467571346.74
8641,141,141,141,VN00141,141,TRX08641,87297031.02,0.0
8642,142,142,142,VN00142,142,TRX08642,176956213.81,0.0
8643,143,143,143,VN00143,143,TRX08643,80779738.18,0.0
8644,144,144,144,VN00144,144,TRX08644,0.0,668523232.07
8645,145,145,145,VN00145,145,TRX08645,508171329.6,0.0
8646,146,146,146,VN00146,146,TRX08646,272548245.07,0.0
8647,147,147,147,VN00147,147,TRX08647,40970599.13,0.0
8648,148,148,148,VN00148,148,TRX08648,0.0,424602421.98
8649,149,149,149,VN00149,149,TRX08649,85587786.6,0.0
8650,150,150,150,VN00150,150,TRX08650,557506938.91,0.0
8651,151,151,151,VN00151,151,TRX08651,0.0,490683840.25
8652,152,152,152,VN00152,152,TRX08652,930026577.22,0.0
8653,153,153,153,VN00153,153,TRX08653,975905323.06,0.0
8654,154,154,154,VN00154,154,TRX08654,602622551.78,0.0
8655,155,155,155,VN00155,155,TRX08655,244292257.62,0.0
8656,156,156,156,VN00156,156,TRX08656,999089786.13,0.0
8657,157,157,157,VN00157,157,TRX08657,566422786.77,0.0
8658,158,158,158,VN00158,158,TRX08658,164083963.2,0.0
8659,159,159,159,VN00159,159,TRX08659,866323766.71,0.0
8660,160,160,160,VN00160,160,TRX08660,0.0,102681490.13
8661,161,161,161,VN00161,161,TRX08661,0.0,827931606.18
8662,162,162,162,VN00162,162,TRX08662,0.0,575595488.57
8663,163,163,163,VN00163,163,TRX08663,897590813.62,0.0
8664,164,164,164,VN00164,164,TRX08664,0.0,991953503.86
8665,165,165,165,VN00165,165,TRX08665,0.0,99057348.71
8666,166,166,166,VN00166,166,TRX08666,604063519.96,0.0
8667,167,167,167,VN00167,167,TRX08667,0.0,273011636.86
8668,168,168,168,VN00168,168,TRX08668,0.0,949275920.38
8669,169,169,169,VN00169,169,TRX08669,183806732.91,0.0
8670,170,170,170,VN00170,170,TRX08670,0.0,784180140.89
8671,171,171,171,VN00171,171,TRX08671,0.0,424433677.7
8672,172,172,172,VN00172,172,TRX08672,0.0,236111655.17
8673,173,173,173,VN00173,173,TRX08673,0.0,309626343.37
8674,174,174,174,VN00174,174,TRX08674,789284277.56,0.0
8675,175,175,175,VN00175,175,TRX08675,172218306.43,0.0
8676,176,176,176,VN00176,176,TRX08676,0.0,86055915.67
8677,177,177,177,VN00177,177,TRX08677,0.0,769151503.74
8678,178,178,178,VN00178,178,TRX08678,0.0,110861237.6
8679,179,179,179,VN00179,179,TRX08679,94801898.58,0.0
8680,180,180,180,VN00180,180,TRX08680,0.0,757050502.54
8681,181,181,181,VN00181,181,TRX08681,0.0,642672776.94
8682,182,182,182,VN00182,182,TRX08682,0.0,41486385.17
8683,183,183,183,VN00183,183,TRX08683,302282324.94,0.0
8684,184,184,184,VN00184,184,TRX08684,792383150.05,0.0
8685,185,185,185,VN00185,185,TRX08685,0.0,563137246.95
8686,186,186,186,VN00186,186,TRX08686,0.0,814019963.59
8687,187,187,187,VN00187,187,TRX08687,495371347.24,0.0
8688,188,188,188,VN00188,188,TRX08688,487929175.5,0.0
8689,189,189,189,VN00189,189,TRX08689,0.0,600767809.82
8690,190,190,190,VN00190,190,TRX08690,0.0,123754845.38
8691,191,191,191,VN00191,191,TRX08691,154797307.31,0.0
8692,192,192,192,VN00192,192,TRX08692,0.0,198552979.89
8693,193,193,193,VN00193,193,TRX08693,404578588.03,0.0
8694,194,194,194,VN00194,194,TRX08694,621058332.53,0.0
8695,195,195,195,VN00195,195,TRX08695,0.0,402219305.38
8696,196,196,196,VN00196,196,TRX08696,938391099.07,0.0
8697,197,197,197,VN00197,197,TRX08697,927906997.82,0.0
8698,198,198,198,VN00198,198,TRX08698,0.0,760444268.18
8699,199,199,199,VN00199,199,TRX08699,89935712.42,0.0
8700,200,200,200,VN00200,200,TRX08700,577886861.97,0.0
8701,201,201,201,VN00201,201,TRX08701,0.0,465492619.21
8702,202,202,202,VN00202,202,TRX08702,314900392.31,0.0
8703,203,203,203,VN00203,203,TRX08703,0.0,339858684.62
8704,204,204,204,VN00204,204,TRX08704,0.0,334795796.05
8705,205,205,205,VN00205,205,TRX08705,0.0,759734812.81
8706,206,206,206,VN00206,206,TRX08706,808278359.9,0.0
8707,207,207,207,VN00207,207,TRX08707,0.0,550314598.26
8708,208,208,208,VN00208,208,TRX08708,136959772.34,0.0
8709,209,209,209,VN00209,209,TRX08709,324381344.02,0.0
8710,210,210,210,VN00210,210,TRX08710,800491256.06,0.0
8711,211,211,211,VN00211,211,TRX08711,294075594.49,0.0
8712,212,212,212,VN00212,212,TRX08712,359725449.67,0.0
8713,213,213,213,VN00213,213,TRX08713,242968416.74,0.0
8714,214,214,214,VN00214,214,TRX08714,400644384.19,0.0
8715,215,215,215,VN00215,215,TRX08715,0.0,260697083.99
8716,216,216,216,VN00216,216,TRX08716,0.0,635670620.7
8717,217,217,217,VN00217,217,TRX08717,590716053.15,0.0
8718,218,218,218,VN00218,218,TRX08718,0.0,85758324.23
8719,219,219,219,VN00219,219,TRX08719,517510598.98,0.0
8720,220,220,220,VN00220,220,TRX08720,0.0,91687057.06
8721,221,221,221,VN00221,221,TRX08721,437290123.85,0.0
8722,222,222,222,VN00222,222,TRX08722,157201834.02,0.0
8723,223,223,223,VN00223,223,TRX08723,0.0,291391937.37
8724,224,224,224,VN00224,224,TRX08724,836271378.12,0.0
8725,225,225,225,VN00225,225,TRX08725,901888148.49,0.0
8726,226,226,226,VN00226,226,TRX08726,0.0,771415286.93
8727,227,227,227,VN00227,227,TRX08727,0.0,432347028.31
8728,228,228,228,VN00228,228,TRX08728,706020876.02,0.0
8729,229,229,229,VN00229,229,TRX08729,0.0,928485060.65
8730,230,230,230,VN00230,230,TRX08730,628787643.61,0.0
8731,231,231,231,VN00231,231,TRX08731,979739677.6,0.0
8732,232,232,232,VN00232,232,TRX08732,653694086.37,0.0
8733,233,233,233,VN00233,233,TRX08733,966086217.96,0.0
8734,234,234,234,VN00234,234,TRX08734,243088132.67,0.0
8735,235,235,235,VN00235,235,TRX08735,765699117.93,0.0
8736,236,236,236,VN00236,236,TRX08736,0.0,861718332.73
8737,237,237,237,VN00237,237,TRX08737,0.0,59688988.21
8738,238,238,238,VN00238,238,TRX08738,364014091.81,0.0
8739,239,239,239,VN00239,239,TRX08739,99435756.43,0.0
8740,240,240,240,VN00240,240,TRX08740,575806762.41,0.0
8741,241,241,241,VN00241,241,TRX08741,684226205.82,0.0
8742,242,242,242,VN00242,242,TRX08742,0.0,840315401.41
8743,243,243,243,VN00243,243,TRX08743,0.0,188146968.1
8744,244,244,244,VN00244,244,TRX08744,348002563.75,0.0
8745,245,245,245,VN00245,245,TRX08745,0.0,289078549.62
8746,246,246,246,VN00246,246,TRX08746,873218663.02,0.0
8747,247,247,247,VN00247,247,TRX08747,151197451.22,0.0
8748,248,248,248,VN00248,248,TRX08748,108488121.97,0.0
8749,249,249,249,VN00249,249,TRX08749,521906693.55,0.0
8750,250,250,250,VN00250,250,TRX08750,0.0,160036851.87
8751,1,1,1,VN00001,1,TRX08751,578419825.09,0.0
8752,2,2,2,VN00002,2,TRX08752,634444634.53,0.0
8753,3,3,3,VN00003,3,TRX08753,0.0,931584364.24
8754,4,4,4,VN00004,4,TRX08754,0.0,570283727.8
8755,5,5,5,VN00005,5,TRX08755,532796208.34,0.0
8756,6,6,6,VN00006,6,TRX08756,722107467.42,0.0
8757,7,7,7,VN00007,7,TRX08757,0.0,719082453.55
8758,8,8,8,VN00008,8,TRX08758,0.0,976504040.15
8759,9,9,9,VN00009,9,TRX08759,0.0,45579939.77
8760,10,10,10,VN00010,10,TRX08760,1462999.52,0.0
8761,11,11,11,VN00011,11,TRX08761,38688099.33,0.0
8762,12,12,12,VN00012,12,TRX08762,0.0,536899550.48
8763,13,13,13,VN00013,13,TRX08763,0.0,165776856.16
8764,14,14,14,VN00014,14,TRX08764,0.0,618749060.4
8765,15,15,15,VN00015,15,TRX08765,970251476.11,0.0
8766,16,16,16,VN00016,16,TRX08766,0.0,276782641.0
8767,17,17,17,VN00017,17,TRX08767,898582362.19,0.0
8768,18,18,18,VN00018,18,TRX08768,0.0,132302940.55
8769,19,19,19,VN00019,19,TRX08769,0.0,826554723.73
8770,20,20,20,VN00020,20,TRX08770,530076748.45,0.0
8771,21,21,21,VN00021,21,TRX08771,0.0,649758803.7
8772,22,22,22,VN00022,22,TRX08772,0.0,541012370.5
8773,23,23,23,VN00023,23,TRX08773,660310440.19,0.0
8774,24,24,24,VN00024,24,TRX08774,895627076.41,0.0
8775,25,25,25,VN00025,25,TRX08775,0.0,230445453.92
8776,26,26,26,VN00026,26,TRX08776,348058479.95,0.0
8777,27,27,27,VN00027,27,TRX08777,850294010.19,0.0
8778,28,28,28,VN00028,28,TRX08778,0.0,585483753.35
8779,29,29,29,VN00029,29,TRX08779,103551938.15,0.0
8780,30,30,30,VN00030,30,TRX08780,3464383.82,0.0
8781,31,31,31,VN00031,31,TRX08781,212782568.32,0.0
8782,32,32,32,VN00032,32,TRX08782,714942247.82,0.0
8783,33,33,33,VN00033,33,TRX08783,330246155.98,0.0
8784,34,34,34,VN00034,34,TRX08784,448706186.28,0.0
8785,35,35,35,VN00035,35,TRX08785,0.0,202449680.65
8786,36,36,36,VN00036,36,TRX08786,381644812.41,0.0
8787,37,37,37,VN00037,37,TRX08787,101546691.55,0.0
8788,38,38,38,VN00038,38,TRX08788,0.0,99973118.57
8789,39,39,39,VN00039,39,TRX08789,374400209.34,0.0
8790,40,40,40,VN00040,40,TRX08790,999108806.54,0.0
8791,41,41,41,VN00041,41,TRX08791,0.0,944003415.54
8792,42,42,42,VN00042,42,TRX08792,503748854.51,0.0
8793,43,43,43,VN00043,43,TRX08793,570859937.63,0.0
8794,44,44,44,VN00044,44,TRX08794,721712016.6,0.0
8795,45,45,45,VN00045,45,TRX08795,0.0,20044845.89
8796,46,46,46,VN00046,46,TRX08796,0.0,206071414.24
8797,47,47,47,VN00047,47,TRX08797,292891554.09,0.0
8798,48,48,48,VN00048,48,TRX08798,0.0,88380151.77
8799,49,49,49,VN00049,49,TRX08799,176495075.81,0.0
8800,50,50,50,VN00050,50,TRX08800,0.0,467858628.0
8801,51,51,51,VN00051,51,TRX08801,0.0,593037845.4
8802,52,52,52,VN00052,52,TRX08802,0.0,692130190.82
8803,53,53,53,VN00053,53,TRX08803,309368336.59,0.0
8804,54,54,54,VN00054,54,TRX08804,370438599.97,0.0
8805,55,55,55,VN00055,55,TRX08805,863570909.53,0.0
8806,56,56,56,VN00056,56,TRX08806,313868719.63,0.0
8807,57,57,57,VN00057,57,TRX08807,708823196.13,0.0
8808,58,58,58,VN00058,58,TRX08808,0.0,922569483.75
8809,59,59,59,VN00059,59,TRX08809,0.0,860514988.7
8810,60,60,60,VN00060,60,TRX08810,0.0,241209863.86
8811,61,61,61,VN00061,61,TRX08811,0.0,617250108.08
8812,62,62,62,VN00062,62,TRX08812,0.0,813459428.61
8813,63,63,63,VN00063,63,TRX08813,205445999.3,0.0
8814,64,64,64,VN00064,64,TRX08814,529920007.28,0.0
8815,65,65,65,VN00065,65,TRX08815,0.0,677053202.9
8816,66,66,66,VN00066,66,TRX08816,0.0,573061219.51
8817,67,67,67,VN00067,67,TRX08817,967334624.58,0.0
8818,68,68,68,VN00068,68,TRX08818,200109942.82,0.0
8819,69,69,69,VN00069,69,TRX08819,0.0,396122947.16
8820,70,70,70,VN00070,70,TRX08820,985542054.06,0.0
8821,71,71,71,VN00071,71,TRX08821,80538920.01,0.0
8822,72,72,72,VN00072,72,TRX08822,0.0,826647727.17
8823,73,73,73,VN00073,73,TRX08823,0.0,862892544.34
8824,74,74,74,VN00074,74,TRX08824,819550815.38,0.0
8825,75,75,75,VN00075,75,TRX08825,421939088.11,0.0
8826,76,76,76,VN00076,76,TRX08826,0.0,803603887.91
8827,77,77,77,VN00077,77,TRX08827,639910298.73,0.0
8828,78,78,78,VN00078,78,TRX08828,640367629.62,0.0
8829,79,79,79,VN00079,79,TRX08829,72763572.68,0.0
8830,80,80,80,VN00080,80,TRX08830,0.0,891116904.8
8831,81,81,81,VN00081,81,TRX08831,0.0,589135123.19
8832,82,82,82,VN00082,82,TRX08832,0.0,623962622.04
8833,83,83,83,VN00083,83,TRX08833,604617921.2,0.0
8834,84,84,84,VN00084,84,TRX08834,0.0,168708330.25
8835,85,85,85,VN00085,85,TRX08835,0.0,724316524.34
8836,86,86,86,VN00086,86,TRX08836,0.0,356061354.69
8837,87,87,87,VN00087,87,TRX08837,482749403.51,0.0
8838,88,88,88,VN00088,88,TRX08838,738633497.41,0.0
8839,89,89,89,VN00089,89,TRX08839,113760207.34,0.0
8840,90,90,90,VN00090,90,TRX08840,216554936.44,0.0
8841,91,91,91,VN00091,91,TRX08841,806694215.49,0.0
8842,92,92,92,VN00092,92,TRX08842,0.0,464441490.53
8843,93,93,93,VN00093,93,TRX08843,0.0,139333845.25
8844,94,94,94,VN00094,94,TRX08844,0.0,948989701.51
8845,95,95,95,VN00095,95,TRX08845,31196620.53,0.0
8846,96,96,96,VN00096,96,TRX08846,762167379.34,0.0
8847,97,97,97,VN00097,97,TRX08847,250861969.77,0.0
8848,98,98,98,VN00098,98,TRX08848,504846174.05,0.0
8849,99,99,99,VN00099,99,TRX08849,0.0,664527203.51
8850,100,100,100,VN00100,100,TRX08850,165245212.31,0.0
8851,101,101,101,VN00101,101,TRX08851,0.0,448186412.17
8852,102,102,102,VN00102,102,TRX08852,0.0,785651954.15
8853,103,103,103,VN00103,103,TRX08853,699876043.82,0.0
8854,104,104,104,VN00104,104,TRX08854,0.0,620063458.55
8855,105,105,105,VN00105,105,TRX08855,157328785.64,0.0
8856,106,106,106,VN00106,106,TRX08856,0.0,559189882.83
8857,107,107,107,VN00107,107,TRX08857,719873298.26,0.0
8858,108,108,108,VN00108,108,TRX08858,741700462.97,0.0
8859,109,109,109,VN00109,109,TRX08859,0.0,842070486.6
8860,110,110,110,VN00110,110,TRX08860,0.0,741821874.66
8861,111,111,111,VN00111,111,TRX08861,559611248.46,0.0
8862,112,112,112,VN00112,112,TRX08862,482461301.91,0.0
8863,113,113,113,VN00113,113,TRX08863,0.0,76430430.19
8864,114,114,114,VN00114,114,TRX08864,0.0,160247200.0
8865,115,115,115,VN00115,115,TRX08865,604596393.68,0.0
8866,116,116,116,VN00116,116,TRX08866,0.0,789213518.08
8867,117,117,117,VN00117,117,TRX08867,942135347.45,0.0
8868,118,118,118,VN00118,118,TRX08868,0.0,897939448.48
8869,119,119,119,VN00119,119,TRX08869,0.0,969000166.18
8870,120,120,120,VN00120,120,TRX08870,404002750.85,0.0
8871,121,121,121,VN00121,121,TRX08871,992862192.41,0.0
8872,122,122,122,VN00122,122,TRX08872,0.0,17528615.4
8873,123,123,123,VN00123,123,TRX08873,0.0,382877739.21
8874,124,124,124,VN00124,124,TRX08874,0.0,711783820.34
8875,125,125,125,VN00125,125,TRX08875,0.0,886363987.62
8876,126,126,126,VN00126,126,TRX08876,571845984.48,0.0
8877,127,127,127,VN00127,127,TRX08877,0.0,885288190.72
8878,128,128,128,VN00128,128,TRX08878,208313130.91,0.0
8879,129,129,129,VN00129,129,TRX08879,0.0,538333123.46
8880,130,130,130,VN00130,130,TRX08880,865837854.29,0.0
8881,131,131,131,VN00131,131,TRX08881,0.0,191737072.02
8882,132,132,132,VN00132,132,TRX08882,721147428.77,0.0
8883,133,133,133,VN00133,133,TRX08883,0.0,130862758.31
8884,134,134,134,VN00134,134,TRX08884,872953025.79,0.0
8885,135,135,135,VN00135,135,TRX08885,535035557.89,0.0
8886,136,136,136,VN00136,136,TRX08886,0.0,575882908.44
8887,137,137,137,VN00137,137,TRX08887,677771291.12,0.0
8888,138,138,138,VN00138,138,TRX08888,541953342.22,0.0
8889,139,139,139,VN00139,139,TRX08889,144997860.52,0.0
8890,140,140,140,VN00140,140,TRX08890,0.0,111349684.36
8891,141,141,141,VN00141,141,TRX08891,0.0,319705799.14
8892,142,142,142,VN00142,142,TRX08892,0.0,189213199.77
8893,143,143,143,VN00143,143,TRX08893,0.0,38640057.69
8894,144,144,144,VN00144,144,TRX08894,0.0,778759055.43
8895,145,145,145,VN00145,145,TRX08895,0.0,410242643.53
8896,146,146,146,VN00146,146,TRX08896,0.0,90826379.96
8897,147,147,147,VN00147,147,TRX08897,490238485.6,0.0
8898,148,148,148,VN00148,148,TRX08898,0.0,397840403.73
8899,149,149,149,VN00149,149,TRX08899,542719132.31,0.0
8900,150,150,150,VN00150,150,TRX08900,579399760.16,0.0
8901,151,151,151,VN00151,151,TRX08901,166566431.57,0.0
8902,152,152,152,VN00152,152,TRX08902,228169428.92,0.0
8903,153,153,153,VN00153,153,TRX08903,0.0,216230229.13
8904,154,154,154,VN00154,154,TRX08904,0.0,384520678.7
8905,155,155,155,VN00155,155,TRX08905,0.0,944391668.5
8906,156,156,156,VN00156,156,TRX08906,0.0,35528467.77
8907,157,157,157,VN00157,157,TRX08907,369559294.04,0.0
8908,158,158,158,VN00158,158,TRX08908,0.0,746544911.51
8909,159,159,159,VN00159,159,TRX08909,0.0,723724319.82
8910,160,160,160,VN00160,160,TRX08910,778178442.6,0.0
8911,161,161,161,VN00161,161,TRX08911,0.0,595869580.33
8912,162,162,162,VN00162,162,TRX08912,0.0,620755726.66
8913,163,163,163,VN00163,163,TRX08913,0.0,941790887.85
8914,164,164,164,VN00164,164,TRX08914,621946497.32,0.0
8915,165,165,165,VN00165,165,TRX08915,51104528.97,0.0
8916,166,166,166,VN00166,166,TRX08916,0.0,575718498.05
8917,167,167,167,VN00167,167,TRX08917,0.0,76843167.2
8918,168,168,168,VN00168,168,TRX08918,0.0,90251870.47
8919,169,169,169,VN00169,169,TRX08919,296598110.27,0.0
8920,170,170,170,VN00170,170,TRX08920,0.0,118735567.99
8921,171,171,171,VN00171,171,TRX08921,855420303.88,0.0
8922,172,172,172,VN00172,172,TRX08922,464595177.04,0.0
8923,173,173,173,VN00173,173,TRX08923,521083299.32,0.0
8924,174,174,174,VN00174,174,TRX08924,0.0,798681340.59
8925,175,175,175,VN00175,175,TRX08925,0.0,113652556.52
8926,176,176,176,VN00176,176,TRX08926,758970121.55,0.0
8927,177,177,177,VN00177,177,TRX08927,0.0,727716864.22
8928,178,178,178,VN00178,178,TRX08928,0.0,86535917.19
8929,179,179,179,VN00179,179,TRX08929,0.0,78860875.88
8930,180,180,180,VN00180,180,TRX08930,0.0,522424937.08
8931,181,181,181,VN00181,181,TRX08931,0.0,769682409.68
8932,182,182,182,VN00182,182,TRX08932,0.0,548616854.08
8933,183,183,183,VN00183,183,TRX08933,833638369.86,0.0
8934,184,184,184,VN00184,184,TRX08934,0.0,978330114.74
8935,185,185,185,VN00185,185,TRX08935,642030189.52,0.0
8936,186,186,186,VN00186,186,TRX08936,973250665.38,0.0
8937,187,187,187,VN00187,187,TRX08937,0.0,785702830.66
8938,188,188,188,VN00188,188,TRX08938,0.0,123162225.62
8939,189,189,189,VN00189,189,TRX08939,225943264.71,0.0
8940,190,190,190,VN00190,190,TRX08940,243227322.06,0.0
8941,191,191,191,VN00191,191,TRX08941,749637641.3,0.0
8942,192,192,192,VN00192,192,TRX08942,0.0,577378659.22
8943,193,193,193,VN00193,193,TRX08943,59949095.31,0.0
8944,194,194,194,VN00194,194,TRX08944,160396217.78,0.0
8945,195,195,195,VN00195,195,TRX08945,0.0,517134803.13
8946,196,196,196,VN00196,196,TRX08946,0.0,561324872.32
8947,197,197,197,VN00197,197,TRX08947,991042287.35,0.0
8948,198,198,198,VN00198,198,TRX08948,0.0,554764092.36
8949,199,199,199,VN00199,199,TRX08949,6943381.21,0.0
8950,200,200,200,VN00200,200,TRX08950,669481511.26,0.0
8951,201,201,201,VN00201,201,TRX08951,84251243.37,0.0
8952,202,202,202,VN00202,202,TRX08952,0.0,740559288.34
8953,203,203,203,VN00203,203,TRX08953,0.0,957777813.18
8954,204,204,204,VN00204,204,TRX08954,360145182.14,0.0
8955,205,205,205,VN00205,205,TRX08955,934509594.27,0.0
8956,206,206,206,VN00206,206,TRX08956,246054236.42,0.0
8957,207,207,207,VN00207,207,TRX08957,0.0,420278962.18
8958,208,208,208,VN00208,208,TRX08958,483904793.25,0.0
8959,209,209,209,VN00209,209,TRX08959,242883054.19,0.0
8960,210,210,210,VN00210,210,TRX08960,0.0,591877669.47
8961,211,211,211,VN00211,211,TRX08961,330543059.1,0.0
8962,212,212,212,VN00212,212,TRX08962,492699008.54,0.0
8963,213,213,213,VN00213,213,TRX08963,0.0,559521459.46
8964,214,214,214,VN00214,214,TRX08964,66664296.52,0.0
8965,215,215,215,VN00215,215,TRX08965,177605129.28,0.0
8966,216,216,216,VN00216,216,TRX08966,0.0,725817415.42
8967,217,217,217,VN00217,217,TRX08967,0.0,336519804.43
8968,218,218,218,VN00218,218,TRX08968,745110348.26,0.0
8969,219,219,219,VN00219,219,TRX08969,0.0,789738182.72
8970,220,220,220,VN00220,220,TRX08970,0.0,541174602.59
8971,221,221,221,VN00221,221,TRX08971,431346684.38,0.0
8972,222,222,222,VN00222,222,TRX08972,0.0,919366311.51
8973,223,223,223,VN00223,223,TRX08973,0.0,876103864.9
8974,224,224,224,VN00224,224,TRX08974,0.0,4909224.82
8975,225,225,225,VN00225,225,TRX08975,0.0,842926581.44
8976,226,226,226,VN00226,226,TRX08976,51160503.12,0.0
8977,227,227,227,VN00227,227,TRX08977,0.0,193596776.98
8978,228,228,228,VN00228,228,TRX08978,54456602.94,0.0
8979,229,229,229,VN00229,229,TRX08979,0.0,3269350.59
8980,230,230,230,VN00230,230,TRX08980,0.0,921493772.92
8981,231,231,231,VN00231,231,TRX08981,299300372.34,0.0
8982,232,232,232,VN00232,232,TRX08982,772486291.19,0.0
8983,233,233,233,VN00233,233,TRX08983,0.0,864093124.07
8984,234,234,234,VN00234,234,TRX08984,0.0,520156614.97
8985,235,235,235,VN00235,235,TRX08985,190075284.63,0.0
8986,236,236,236,VN00236,236,TRX08986,0.0,844332217.42
8987,237,237,237,VN00237,237,TRX08987,686620078.8,0.0
8988,238,238,238,VN00238,238,TRX08988,949137372.2,0.0
8989,239,239,239,VN00239,239,TRX08989,600377412.84,0.0
8990,240,240,240,VN00240,240,TRX08990,0.0,955577117.5
8991,241,241,241,VN00241,241,TRX08991,0.0,401200856.92
8992,242,242,242,VN00242,242,TRX08992,104808509.79,0.0
8993,243,243,243,VN00243,243,TRX08993,0.0,664087047.39
8994,244,244,244,VN00244,244,TRX08994,0.0,947708341.21
8995,245,245,245,VN00245,245,TRX08995,0.0,893528939.99
8996,246,246,246,VN00246,246,TRX08996,0.0,770664982.98
8997,247,247,247,VN00247,247,TRX08997,0.0,486629546.32
8998,248,248,248,VN00248,248,TRX08998,0.0,23715492.58
8999,249,249,249,VN00249,249,TRX08999,0.0,161102251.8
9000,250,250,250,VN00250,250,TRX09000,0.0,514058021.99
9001,1,1,1,VN00001,1,TRX09001,955883512.96,0.0
9002,2,2,2,VN00002,2,TRX09002,8343507.51,0.0
9003,3,3,3,VN00003,3,TRX09003,364968664.88,0.0
9004,4,4,4,VN00004,4,TRX09004,0.0,682681980.49
9005,5,5,5,VN00005,5,TRX09005,0.0,62664930.9
9006,6,6,6,VN00006,6,TRX09006,679079072.13,0.0
9007,7,7,7,VN00007,7,TRX09007,0.0,146321672.3
9008,8,8,8,VN00008,8,TRX09008,731108605.45,0.0
9009,9,9,9,VN00009,9,TRX09009,0.0,523418253.47
9010,10,10,10,VN00010,10,TRX09010,0.0,697314891.27
9011,11,11,11,VN00011,11,TRX09011,377456494.71,0.0
9012,12,12,12,VN00012,12,TRX09012,0.0,529892784.91
9013,13,13,13,VN00013,13,TRX09013,0.0,502274271.07
9014,14,14,14,VN00014,14,TRX09014,0.0,97675035.43
9015,15,15,15,VN00015,15,TRX09015,0.0,413860442.13
9016,16,16,16,VN00016,16,TRX09016,25019354.51,0.0
9017,17,17,17,VN00017,17,TRX09017,0.0,269043152.53
9018,18,18,18,VN00018,18,TRX09018,477713211.26,0.0
9019,19,19,19,VN00019,19,TRX09019,0.0,700970491.45
9020,20,20,20,VN00020,20,TRX09020,493650122.43,0.0
9021,21,21,21,VN00021,21,TRX09021,0.0,645551212.09
9022,22,22,22,VN00022,22,TRX09022,18980275.25,0.0
9023,23,23,23,VN00023,23,TRX09023,0.0,727829421.08
9024,24,24,24,VN00024,24,TRX09024,0.0,781796920.26
9025,25,25,25,VN00025,25,TRX09025,0.0,290762856.09
9026,26,26,26,VN00026,26,TRX09026,0.0,553868585.66
9027,27,27,27,VN00027,27,TRX09027,0.0,810456536.58
9028,28,28,28,VN00028,28,TRX09028,0.0,677648952.31
9029,29,29,29,VN00029,29,TRX09029,0.0,216268485.87
9030,30,30,30,VN00030,30,TRX09030,0.0,824509616.75
9031,31,31,31,VN00031,31,TRX09031,474108370.84,0.0
9032,32,32,32,VN00032,32,TRX09032,0.0,664862517.28
9033,33,33,33,VN00033,33,TRX09033,338279502.7,0.0
9034,34,34,34,VN00034,34,TRX09034,712463877.99,0.0
9035,35,35,35,VN00035,35,TRX09035,79085796.64,0.0
9036,36,36,36,VN00036,36,TRX09036,0.0,623590472.2
9037,37,37,37,VN00037,37,TRX09037,0.0,331176816.32
9038,38,38,38,VN00038,38,TRX09038,0.0,962701297.57
9039,39,39,39,VN00039,39,TRX09039,0.0,699815383.3
9040,40,40,40,VN00040,40,TRX09040,0.0,134336459.05
9041,41,41,41,VN00041,41,TRX09041,0.0,411627677.25
9042,42,42,42,VN00042,42,TRX09042,273604377.45,0.0
9043,43,43,43,VN00043,43,TRX09043,0.0,309912274.25
9044,44,44,44,VN00044,44,TRX09044,0.0,648165078.58
9045,45,45,45,VN00045,45,TRX09045,97492916.45,0.0
9046,46,46,46,VN00046,46,TRX09046,0.0,621197011.84
9047,47,47,47,VN00047,47,TRX09047,0.0,81437844.3
9048,48,48,48,VN00048,48,TRX09048,242127140.48,0.0
9049,49,49,49,VN00049,49,TRX09049,0.0,36990319.06
9050,50,50,50,VN00050,50,TRX09050,0.0,528677504.15
9051,51,51,51,VN00051,51,TRX09051,0.0,134397415.72
9052,52,52,52,VN00052,52,TRX09052,0.0,98991385.18
9053,53,53,53,VN00053,53,TRX09053,0.0,242953460.11
9054,54,54,54,VN00054,54,TRX09054,0.0,804419289.22
9055,55,55,55,VN00055,55,TRX09055,0.0,483657235.28
9056,56,56,56,VN00056,56,TRX09056,620298140.65,0.0
9057,57,57,57,VN00057,57,TRX09057,0.0,368283165.29
9058,58,58,58,VN00058,58,TRX09058,506331784.87,0.0
9059,59,59,59,VN00059,59,TRX09059,952276646.34,0.0
9060,60,60,60,VN00060,60,TRX09060,713416021.19,0.0
9061,61,61,61,VN00061,61,TRX09061,507382334.48,0.0
9062,62,62,62,VN00062,62,TRX09062,201841838.71,0.0
9063,63,63,63,VN00063,63,TRX09063,635452676.66,0.0
9064,64,64,64,VN00064,64,TRX09064,0.0,378538565.36
9065,65,65,65,VN00065,65,TRX09065,495038302.88,0.0
9066,66,66,66,VN00066,66,TRX09066,0.0,844197199.1
9067,67,67,67,VN00067,67,TRX09067,0.0,589521142.08
9068,68,68,68,VN00068,68,TRX09068,0.0,381025789.88
9069,69,69,69,VN00069,69,TRX09069,0.0,418367185.92
9070,70,70,70,VN00070,70,TRX09070,103200153.89,0.0
9071,71,71,71,VN00071,71,TRX09071,179856772.17,0.0
9072,72,72,72,VN00072,72,TRX09072,0.0,399793994.04
9073,73,73,73,VN00073,73,TRX09073,169564467.46,0.0
9074,74,74,74,VN00074,74,TRX09074,0.0,236583428.66
9075,75,75,75,VN00075,75,TRX09075,413593418.8,0.0
9076,76,76,76,VN00076,76,TRX09076,620372160.61,0.0
9077,77,77,77,VN00077,77,TRX09077,281452316.89,0.0
9078,78,78,78,VN00078,78,TRX09078,509169110.63,0.0
9079,79,79,79,VN00079,79,TRX09079,0.0,562374976.2
9080,80,80,80,VN00080,80,TRX09080,0.0,617628859.73
9081,81,81,81,VN00081,81,TRX09081,0.0,189960219.88
9082,82,82,82,VN00082,82,TRX09082,0.0,607579380.02
9083,83,83,83,VN00083,83,TRX09083,0.0,979984063.77
9084,84,84,84,VN00084,84,TRX09084,199759955.33,0.0
9085,85,85,85,VN00085,85,TRX09085,0.0,581886081.45
9086,86,86,86,VN00086,86,TRX09086,0.0,392032513.59
9087,87,87,87,VN00087,87,TRX09087,0.0,477097013.65
9088,88,88,88,VN00088,88,TRX09088,804703915.81,0.0
9089,89,89,89,VN00089,89,TRX09089,608967824.49,0.0
9090,90,90,90,VN00090,90,TRX09090,688901887.69,0.0
9091,91,91,91,VN00091,91,TRX09091,615885600.15,0.0
9092,92,92,92,VN00092,92,TRX09092,0.0,594867624.1
9093,93,93,93,VN00093,93,TRX09093,0.0,549610280.09
9094,94,94,94,VN00094,94,TRX09094,570541024.98,0.0
9095,95,95,95,VN00095,95,TRX09095,724326703.36,0.0
9096,96,96,96,VN00096,96,TRX09096,283731145.58,0.0
9097,97,97,97,VN00097,97,TRX09097,0.0,423215583.14
9098,98,98,98,VN00098,98,TRX09098,0.0,27183755.69
9099,99,99,99,VN00099,99,TRX09099,422953030.36,0.0
9100,100,100,100,VN00100,100,TRX09100,178637538.11,0.0
9101,101,101,101,VN00101,101,TRX09101,0.0,536380406.57
9102,102,102,102,VN00102,102,TRX09102,233458351.78,0.0
9103,103,103,103,VN00103,103,TRX09103,0.0,152095576.76
9104,104,104,104,VN00104,104,TRX09104,0.0,90875562.52
9105,105,105,105,VN00105,105,TRX09105,0.0,15772004.47
9106,106,106,106,VN00106,106,TRX09106,634614175.26,0.0
9107,107,107,107,VN00107,107,TRX09107,556552360.36,0.0
9108,108,108,108,VN00108,108,TRX09108,0.0,499661605.51
9109,109,109,109,VN00109,109,TRX09109,108847591.2,0.0
9110,110,110,110,VN00110,110,TRX09110,230291634.56,0.0
9111,111,111,111,VN00111,111,TRX09111,0.0,61759073.26
9112,112,112,112,VN00112,112,TRX09112,0.0,343437119.81
9113,113,113,113,VN00113,113,TRX09113,0.0,856273413.0
9114,114,114,114,VN00114,114,TRX09114,0.0,291265753.18
9115,115,115,115,VN00115,115,TRX09115,495897874.21,0.0
9116,116,116,116,VN00116,116,TRX09116,943308645.75,0.0
9117,117,117,117,VN00117,117,TRX09117,0.0,114044446.69
9118,118,118,118,VN00118,118,TRX09118,0.0,381041831.0
9119,119,119,119,VN00119,119,TRX09119,0.0,200510952.78
9120,120,120,120,VN00120,120,TRX09120,0.0,642499994.62
9121,121,121,121,VN00121,121,TRX09121,292964106.57,0.0
9122,122,122,122,VN00122,122,TRX09122,936271135.59,0.0
9123,123,123,123,VN00123,123,TRX09123,529632423.09,0.0
9124,124,124,124,VN00124,124,TRX09124,0.0,396237537.05
9125,125,125,125,VN00125,125,TRX09125,0.0,689217272.77
9126,126,126,126,VN00126,126,TRX09126,899040154.82,0.0
9127,127,127,127,VN00127,127,TRX09127,73884085.6,0.0
9128,128,128,128,VN00128,128,TRX09128,168083645.9,0.0
9129,129,129,129,VN00129,129,TRX09129,660766096.21,0.0
9130,130,130,130,VN00130,130,TRX09130,781704070.82,0.0
9131,131,131,131,VN00131,131,TRX09131,0.0,107998991.92
9132,132,132,132,VN00132,132,TRX09132,0.0,820348998.09
9133,133,133,133,VN00133,133,TRX09133,0.0,424686063.61
9134,134,134,134,VN00134,134,TRX09134,0.0,371233883.37
9135,135,135,135,VN00135,135,TRX09135,726613086.65,0.0
9136,136,136,136,VN00136,136,TRX09136,294540474.55,0.0
9137,137,137,137,VN00137,137,TRX09137,383673593.41,0.0
9138,138,138,138,VN00138,138,TRX09138,0.0,6291474.29
9139,139,139,139,VN00139,139,TRX09139,0.0,474172413.56
9140,140,140,140,VN00140,140,TRX09140,0.0,816185350.16
9141,141,141,141,VN00141,141,TRX09141,0.0,765707160.22
9142,142,142,142,VN00142,142,TRX09142,0.0,495464956.82
9143,143,143,143,VN00143,143,TRX09143,887442773.24,0.0
9144,144,144,144,VN00144,144,TRX09144,569030140.32,0.0
9145,145,145,145,VN00145,145,TRX09145,0.0,357823243.37
9146,146,146,146,VN00146,146,TRX09146,0.0,832505175.38
9147,147,147,147,VN00147,147,TRX09147,0.0,966789044.24
9148,148,148,148,VN00148,148,TRX09148,0.0,725437232.16
9149,149,149,149,VN00149,149,TRX09149,919800969.05,0.0
9150,150,150,150,VN00150,150,TRX09150,195545864.71,0.0
9151,151,151,151,VN00151,151,TRX09151,0.0,781184666.85
9152,152,152,152,VN00152,152,TRX09152,0.0,416089745.51
9153,153,153,153,VN00153,153,TRX09153,0.0,142697482.12
9154,154,154,154,VN00154,154,TRX09154,394697740.46,0.0
9155,155,155,155,VN00155,155,TRX09155,0.0,922387011.26
9156,156,156,156,VN00156,156,TRX09156,0.0,928135069.22
9157,157,157,157,VN00157,157,TRX09157,0.0,495273982.74
9158,158,158,158,VN00158,158,TRX09158,680094501.26,0.0
9159,159,159,159,VN00159,159,TRX09159,775343737.75,0.0
9160,160,160,160,VN00160,160,TRX09160,0.0,424921909.68
9161,161,161,161,VN00161,161,TRX09161,0.0,919193193.2
9162,162,162,162,VN00162,162,TRX09162,958795106.36,0.0
9163,163,163,163,VN00163,163,TRX09163,0.0,541926504.58
9164,164,164,164,VN00164,164,TRX09164,0.0,268112430.41
9165,165,165,165,VN00165,165,TRX09165,789777893.65,0.0
9166,166,166,166,VN00166,166,TRX09166,293355961.57,0.0
9167,167,167,167,VN00167,167,TRX09167,0.0,583898215.28
9168,168,168,168,VN00168,168,TRX09168,846526150.36,0.0
9169,169,169,169,VN00169,169,TRX09169,737450013.57,0.0
9170,170,170,170,VN00170,170,TRX09170,923035958.36,0.0
9171,171,171,171,VN00171,171,TRX09171,0.0,39872741.04
9172,172,172,172,VN00172,172,TRX09172,0.0,970372978.74
9173,173,173,173,VN00173,173,TRX09173,0.0,559299008.03
9174,174,174,174,VN00174,174,TRX09174,778593345.58,0.0
9175,175,175,175,VN00175,175,TRX09175,0.0,907904093.19
9176,176,176,176,VN00176,176,TRX09176,40370136.64,0.0
9177,177,177,177,VN00177,177,TRX09177,854794054.44,0.0
9178,178,178,178,VN00178,178,TRX09178,882987196.23,0.0
9179,179,179,179,VN00179,179,TRX09179,774504766.67,0.0
9180,180,180,180,VN00180,180,TRX09180,0.0,131445526.14
9181,181,181,181,VN00181,181,TRX09181,0.0,154833706.51
9182,182,182,182,VN00182,182,TRX09182,661746014.95,0.0
9183,183,183,183,VN00183,183,TRX09183,382426911.03,0.0
9184,184,184,184,VN00184,184,TRX09184,558873449.89,0.0
9185,185,185,185,VN00185,185,TRX09185,163446878.38,0.0
9186,186,186,186,VN00186,186,TRX09186,0.0,337701859.01
9187,187,187,187,VN00187,187,TRX09187,672034329.07,0.0
9188,188,188,188,VN00188,188,TRX09188,835812716.11,0.0
9189,189,189,189,VN00189,189,TRX09189,0.0,722791063.77
9190,190,190,190,VN00190,190,TRX09190,0.0,55076593.5
9191,191,191,191,VN00191,191,TRX09191,0.0,206937221.11
9192,192,192,192,VN00192,192,TRX09192,928203807.35,0.0
9193,193,193,193,VN00193,193,TRX09193,195357595.53,0.0
9194,194,194,194,VN00194,194,TRX09194,0.0,270420180.68
9195,195,195,195,VN00195,195,TRX09195,0.0,490344188.99
9196,196,196,196,VN00196,196,TRX09196,381277917.37,0.0
9197,197,197,197,VN00197,197,TRX09197,0.0,341925332.19
9198,198,198,198,VN00198,198,TRX09198,0.0,755743394.28
9199,199,199,199,VN00199,199,TRX09199,0.0,246313805.65
9200,200,200,200,VN00200,200,TRX09200,494335344.54,0.0
9201,201,201,201,VN00201,201,TRX09201,395529192.4,0.0
9202,202,202,202,VN00202,202,TRX09202,764081838.12,0.0
9203,203,203,203,VN00203,203,TRX09203,786654795.68,0.0
9204,204,204,204,VN00204,204,TRX09204,0.0,945295211.2
9205,205,205,205,VN00205,205,TRX09205,0.0,613057807.75
9206,206,206,206,VN00206,206,TRX09206,0.0,955627846.25
9207,207,207,207,VN00207,207,TRX09207,622234246.35,0.0
9208,208,208,208,VN00208,208,TRX09208,0.0,285217716.58
9209,209,209,209,VN00209,209,TRX09209,759621080.49,0.0
9210,210,210,210,VN00210,210,TRX09210,988894516.85,0.0
9211,211,211,211,VN00211,211,TRX09211,0.0,970019185.07
9212,212,212,212,VN00212,212,TRX09212,0.0,425077055.44
9213,213,213,213,VN00213,213,TRX09213,802346191.46,0.0
9214,214,214,214,VN00214,214,TRX09214,574709689.06,0.0
9215,215,215,215,VN00215,215,TRX09215,333153706.29,0.0
9216,216,216,216,VN00216,216,TRX09216,189773819.47,0.0
9217,217,217,217,VN00217,217,TRX09217,145996260.28,0.0
9218,218,218,218,VN00218,218,TRX09218,127704783.29,0.0
9219,219,219,219,VN00219,219,TRX09219,422990734.19,0.0
9220,220,220,220,VN00220,220,TRX09220,916023316.77,0.0
9221,221,221,221,VN00221,221,TRX09221,0.0,262633774.97
9222,222,222,222,VN00222,222,TRX09222,0.0,499660597.88
9223,223,223,223,VN00223,223,TRX09223,475478426.63,0.0
9224,224,224,224,VN00224,224,TRX09224,161929070.67,0.0
9225,225,225,225,VN00225,225,TRX09225,768568915.46,0.0
9226,226,226,226,VN00226,226,TRX09226,290975902.72,0.0
9227,227,227,227,VN00227,227,TRX09227,722900924.81,0.0
9228,228,228,228,VN00228,228,TRX09228,115413270.03,0.0
9229,229,229,229,VN00229,229,TRX09229,768650930.36,0.0
9230,230,230,230,VN00230,230,TRX09230,0.0,133272407.63
9231,231,231,231,VN00231,231,TRX09231,0.0,842392758.64
9232,232,232,232,VN00232,232,TRX09232,853641413.66,0.0
9233,233,233,233,VN00233,233,TRX09233,0.0,589654799.05
9234,234,234,234,VN00234,234,TRX09234,0.0,423362197.43
9235,235,235,235,VN00235,235,TRX09235,312927428.8,0.0
9236,236,236,236,VN00236,236,TRX09236,977459887.55,0.0
9237,237,237,237,VN00237,237,TRX09237,424366109.22,0.0
9238,238,238,238,VN00238,238,TRX09238,986348107.02,0.0
9239,239,239,239,VN00239,239,TRX09239,0.0,22430876.97
9240,240,240,240,VN00240,240,TRX09240,152629025.08,0.0
9241,241,241,241,VN00241,241,TRX09241,489962459.3,0.0
9242,242,242,242,VN00242,242,TRX09242,0.0,15056206.24
9243,243,243,243,VN00243,243,TRX09243,0.0,934832689.79
9244,244,244,244,VN00244,244,TRX09244,651171773.14,0.0
9245,245,245,245,VN00245,245,TRX09245,717615938.26,0.0
9246,246,246,246,VN00246,246,TRX09246,0.0,156033953.46
9247,247,247,247,VN00247,247,TRX09247,0.0,995431308.58
9248,248,248,248,VN00248,248,TRX09248,0.0,519598257.89
9249,249,249,249,VN00249,249,TRX09249,524989927.4,0.0
9250,250,250,250,VN00250,250,TRX09250,0.0,693600453.16
9251,1,1,1,VN00001,1,TRX09251,0.0,33332648.54
9252,2,2,2,VN00002,2,TRX09252,899599873.78,0.0
9253,3,3,3,VN00003,3,TRX09253,0.0,214556532.68
9254,4,4,4,VN00004,4,TRX09254,691035816.82,0.0
9255,5,5,5,VN00005,5,TRX09255,0.0,323355347.96
9256,6,6,6,VN00006,6,TRX09256,134465867.66,0.0
9257,7,7,7,VN00007,7,TRX09257,0.0,153422632.63
9258,8,8,8,VN00008,8,TRX09258,894692575.43,0.0
9259,9,9,9,VN00009,9,TRX09259,0.0,296482254.26
9260,10,10,10,VN00010,10,TRX09260,840515557.25,0.0
9261,11,11,11,VN00011,11,TRX09261,617176608.71,0.0
9262,12,12,12,VN00012,12,TRX09262,739946074.63,0.0
9263,13,13,13,VN00013,13,TRX09263,69256386.9,0.0
9264,14,14,14,VN00014,14,TRX09264,127095156.84,0.0
9265,15,15,15,VN00015,15,TRX09265,797637973.54,0.0
9266,16,16,16,VN00016,16,TRX09266,376919036.36,0.0
9267,17,17,17,VN00017,17,TRX09267,0.0,843135001.45
9268,18,18,18,VN00018,18,TRX09268,0.0,596855482.29
9269,19,19,19,VN00019,19,TRX09269,611273123.22,0.0
9270,20,20,20,VN00020,20,TRX09270,0.0,286624690.37
9271,21,21,21,VN00021,21,TRX09271,0.0,107081663.49
9272,22,22,22,VN00022,22,TRX09272,0.0,2836867.15
9273,23,23,23,VN00023,23,TRX09273,178918169.57,0.0
9274,24,24,24,VN00024,24,TRX09274,0.0,603396551.46
9275,25,25,25,VN00025,25,TRX09275,0.0,784103089.72
9276,26,26,26,VN00026,26,TRX09276,549367400.33,0.0
9277,27,27,27,VN00027,27,TRX09277,927104499.64,0.0
9278,28,28,28,VN00028,28,TRX09278,77176429.64,0.0
9279,29,29,29,VN00029,29,TRX09279,0.0,211897088.07
9280,30,30,30,VN00030,30,TRX09280,87038434.72,0.0
9281,31,31,31,VN00031,31,TRX09281,0.0,336125037.14
9282,32,32,32,VN00032,32,TRX09282,420282712.73,0.0
9283,33,33,33,VN00033,33,TRX09283,0.0,187898203.61
9284,34,34,34,VN00034,34,TRX09284,0.0,922588011.64
9285,35,35,35,VN00035,35,TRX09285,644163827.31,0.0
9286,36,36,36,VN00036,36,TRX09286,0.0,220231333.26
9287,37,37,37,VN00037,37,TRX09287,823547027.29,0.0
9288,38,38,38,VN00038,38,TRX09288,0.0,956606629.45
9289,39,39,39,VN00039,39,TRX09289,846643582.69,0.0
9290,40,40,40,VN00040,40,TRX09290,224840434.11,0.0
9291,41,41,41,VN00041,41,TRX09291,596959603.01,0.0
9292,42,42,42,VN00042,42,TRX09292,0.0,809299019.01
9293,43,43,43,VN00043,43,TRX09293,752388012.42,0.0
9294,44,44,44,VN00044,44,TRX09294,0.0,213711310.26
9295,45,45,45,VN00045,45,TRX09295,0.0,243782718.38
9296,46,46,46,VN00046,46,TRX09296,716892295.88,0.0
9297,47,47,47,VN00047,47,TRX09297,0.0,373864725.59
9298,48,48,48,VN00048,48,TRX09298,811388627.85,0.0
9299,49,49,49,VN00049,49,TRX09299,0.0,218789525.92
9300,50,50,50,VN00050,50,TRX09300,0.0,762133585.33
9301,51,51,51,VN00051,51,TRX09301,288180035.04,0.0
9302,52,52,52,VN00052,52,TRX09302,805371008.82,0.0
9303,53,53,53,VN00053,53,TRX09303,0.0,265891410.8
9304,54,54,54,VN00054,54,TRX09304,703685309.02,0.0
9305,55,55,55,VN00055,55,TRX09305,0.0,328513288.24
9306,56,56,56,VN00056,56,TRX09306,0.0,181078220.9
9307,57,57,57,VN00057,57,TRX09307,703340459.99,0.0
9308,58,58,58,VN00058,58,TRX09308,0.0,704664371.35
9309,59,59,59,VN00059,59,TRX09309,0.0,994281469.76
9310,60,60,60,VN00060,60,TRX09310,894020552.74,0.0
9311,61,61,61,VN00061,61,TRX09311,625475859.08,0.0
9312,62,62,62,VN00062,62,TRX09312,0.0,79414030.93
9313,63,63,63,VN00063,63,TRX09313,0.0,531750379.39
9314,64,64,64,VN00064,64,TRX09314,199825757.71,0.0
9315,65,65,65,VN00065,65,TRX09315,63066655.95,0.0
9316,66,66,66,VN00066,66,TRX09316,0.0,64971141.22
9317,67,67,67,VN00067,67,TRX09317,399391550.03,0.0
9318,68,68,68,VN00068,68,TRX09318,0.0,991361767.62
9319,69,69,69,VN00069,69,TRX09319,148604314.32,0.0
9320,70,70,70,VN00070,70,TRX09320,669887040.69,0.0
9321,71,71,71,VN00071,71,TRX09321,0.0,924576533.33
9322,72,72,72,VN00072,72,TRX09322,0.0,407689798.29
9323,73,73,73,VN00073,73,TRX09323,301854949.1,0.0
9324,74,74,74,VN00074,74,TRX09324,0.0,264014947.74
9325,75,75,75,VN00075,75,TRX09325,0.0,496484641.2
9326,76,76,76,VN00076,76,TRX09326,0.0,269813134.1
9327,77,77,77,VN00077,77,TRX09327,0.0,372088925.29
9328,78,78,78,VN00078,78,TRX09328,987591235.87,0.0
9329,79,79,79,VN00079,79,TRX09329,0.0,718136630.8
9330,80,80,80,VN00080,80,TRX09330,0.0,896516725.86
9331,81,81,81,VN00081,81,TRX09331,955263845.46,0.0
9332,82,82,82,VN00082,82,TRX09332,0.0,413486034.07
9333,83,83,83,VN00083,83,TRX09333,0.0,98838590.16
9334,84,84,84,VN00084,84,TRX09334,943379164.31,0.0
9335,85,85,85,VN00085,85,TRX09335,0.0,112283445.81
9336,86,86,86,VN00086,86,TRX09336,575973936.86,0.0
9337,87,87,87,VN00087,87,TRX09337,0.0,21194149.12
9338,88,88,88,VN00088,88,TRX09338,0.0,816379755.63
9339,89,89,89,VN00089,89,TRX09339,0.0,457457531.68
9340,90,90,90,VN00090,90,TRX09340,0.0,716816818.58
9341,91,91,91,VN00091,91,TRX09341,907956199.96,0.0
9342,92,92,92,VN00092,92,TRX09342,496464740.42,0.0
9343,93,93,93,VN00093,93,TRX09343,175919283.81,0.0
9344,94,94,94,VN00094,94,TRX09344,787968987.85,0.0
9345,95,95,95,VN00095,95,TRX09345,374494182.98,0.0
9346,96,96,96,VN00096,96,TRX09346,0.0,359031832.66
9347,97,97,97,VN00097,97,TRX09347,313668684.53,0.0
9348,98,98,98,VN00098,98,TRX09348,961854483.37,0.0
9349,99,99,99,VN00099,99,TRX09349,0.0,469629166.83
9350,100,100,100,VN00100,100,TRX09350,0.0,222272285.15
9351,101,101,101,VN00101,101,TRX09351,759213062.66,0.0
9352,102,102,102,VN00102,102,TRX09352,0.0,173697806.92
9353,103,103,103,VN00103,103,TRX09353,541243794.17,0.0
9354,104,104,104,VN00104,104,TRX09354,768328304.94,0.0
9355,105,105,105,VN00105,105,TRX09355,973482479.57,0.0
9356,106,106,106,VN00106,106,TRX09356,552644975.78,0.0
9357,107,107,107,VN00107,107,TRX09357,344927279.48,0.0
9358,108,108,108,VN00108,108,TRX09358,995192135.05,0.0
9359,109,109,109,VN00109,109,TRX09359,0.0,620012119.22
9360,110,110,110,VN00110,110,TRX09360,351136274.36,0.0
9361,111,111,111,VN00111,111,TRX09361,0.0,737367430.08
9362,112,112,112,VN00112,112,TRX09362,784801429.1,0.0
9363,113,113,113,VN00113,113,TRX09363,667659222.08,0.0
9364,114,114,114,VN00114,114,TRX09364,0.0,710409630.19
9365,115,115,115,VN00115,115,TRX09365,88489894.39,0.0
9366,116,116,116,VN00116,116,TRX09366,0.0,334557387.01
9367,117,117,117,VN00117,117,TRX09367,168123629.18,0.0
9368,118,118,118,VN00118,118,TRX09368,0.0,556517586.39
9369,119,119,119,VN00119,119,TRX09369,725567900.01,0.0
9370,120,120,120,VN00120,120,TRX09370,440825721.26,0.0
9371,121,121,121,VN00121,121,TRX09371,0.0,615992464.46
9372,122,122,122,VN00122,122,TRX09372,445272009.45,0.0
9373,123,123,123,VN00123,123,TRX09373,112373693.19,0.0
9374,124,124,124,VN00124,124,TRX09374,299978614.22,0.0
9375,125,125,125,VN00125,125,TRX09375,263340543.96,0.0
9376,126,126,126,VN00126,126,TRX09376,0.0,705091402.08
9377,127,127,127,VN00127,127,TRX09377,0.0,832225832.52
9378,128,128,128,VN00128,128,TRX09378,0.0,270911159.6
9379,129,129,129,VN00129,129,TRX09379,0.0,481348446.5
9380,130,130,130,VN00130,130,TRX09380,0.0,7728173.77
9381,131,131,131,VN00131,131,TRX09381,11122675.31,0.0
9382,132,132,132,VN00132,132,TRX09382,607915252.47,0.0
9383,133,133,133,VN00133,133,TRX09383,247856277.93,0.0
9384,134,134,134,VN00134,134,TRX09384,0.0,343016672.86
9385,135,135,135,VN00135,135,TRX09385,0.0,238842661.68
9386,136,136,136,VN00136,136,TRX09386,955219.1,0.0
9387,137,137,137,VN00137,137,TRX09387,791566449.35,0.0
9388,138,138,138,VN00138,138,TRX09388,0.0,241119399.63
9389,139,139,139,VN00139,139,TRX09389,0.0,523980512.48
9390,140,140,140,VN00140,140,TRX09390,0.0,953833400.38
9391,141,141,141,VN00141,141,TRX09391,883691646.75,0.0
9392,142,142,142,VN00142,142,TRX09392,503971020.41,0.0
9393,143,143,143,VN00143,143,TRX09393,121970022.64,0.0
9394,144,144,144,VN00144,144,TRX09394,255729026.56,0.0
9395,145,145,145,VN00145,145,TRX09395,0.0,450286614.0
9396,146,146,146,VN00146,146,TRX09396,0.0,35948108.36
9397,147,147,147,VN00147,147,TRX09397,0.0,967884115.01
9398,148,148,148,VN00148,148,TRX09398,547435888.41,0.0
9399,149,149,149,VN00149,149,TRX09399,901141127.99,0.0
9400,150,150,150,VN00150,150,TRX09400,0.0,184807523.68
9401,151,151,151,VN00151,151,TRX09401,0.0,836186699.84
9402,152,152,152,VN00152,152,TRX09402,0.0,609753320.39
9403,153,153,153,VN00153,153,TRX09403,0.0,480510615.94
9404,154,154,154,VN00154,154,TRX09404,605525368.66,0.0
9405,155,155,155,VN00155,155,TRX09405,357445906.86,0.0
9406,156,156,156,VN00156,156,TRX09406,719663880.01,0.0
9407,157,157,157,VN00157,157,TRX09407,0.0,848245034.8
9408,158,158,158,VN00158,158,TRX09408,792548648.45,0.0
9409,159,159,159,VN00159,159,TRX09409,0.0,962732262.42
9410,160,160,160,VN00160,160,TRX09410,229763409.18,0.0
9411,161,161,161,VN00161,161,TRX09411,162329765.72,0.0
9412,162,162,162,VN00162,162,TRX09412,0.0,763582997.98
9413,163,163,163,VN00163,163,TRX09413,0.0,658987886.01
9414,164,164,164,VN00164,164,TRX09414,286750115.9,0.0
9415,165,165,165,VN00165,165,TRX09415,0.0,11985978.99
9416,166,166,166,VN00166,166,TRX09416,0.0,153213790.44
9417,167,167,167,VN00167,167,TRX09417,0.0,252294190.69
9418,168,168,168,VN00168,168,TRX09418,107151849.22,0.0
9419,169,169,169,VN00169,169,TRX09419,0.0,338343968.65
9420,170,170,170,VN00170,170,TRX09420,167755729.71,0.0
9421,171,171,171,VN00171,171,TRX09421,575142301.95,0.0
9422,172,172,172,VN00172,172,TRX09422,0.0,513512684.94
9423,173,173,173,VN00173,173,TRX09423,0.0,739715902.96
9424,174,174,174,VN00174,174,TRX09424,257672049.99,0.0
9425,175,175,175,VN00175,175,TRX09425,545980916.4,0.0
9426,176,176,176,VN00176,176,TRX09426,542216698.45,0.0
9427,177,177,177,VN00177,177,TRX09427,454491502.1,0.0
9428,178,178,178,VN00178,178,TRX09428,0.0,813156611.26
9429,179,179,179,VN00179,179,TRX09429,389008263.13,0.0
9430,180,180,180,VN00180,180,TRX09430,0.0,113069414.74
9431,181,181,181,VN00181,181,TRX09431,648245372.1,0.0
9432,182,182,182,VN00182,182,TRX09432,0.0,521994228.81
9433,183,183,183,VN00183,183,TRX09433,0.0,195179880.8
9434,184,184,184,VN00184,184,TRX09434,0.0,928409271.77
9435,185,185,185,VN00185,185,TRX09435,11911661.92,0.0
9436,186,186,186,VN00186,186,TRX09436,78128158.31,0.0
9437,187,187,187,VN00187,187,TRX09437,747643171.04,0.0
9438,188,188,188,VN00188,188,TRX09438,807024906.5,0.0
9439,189,189,189,VN00189,189,TRX09439,164556206.28,0.0
9440,190,190,190,VN00190,190,TRX09440,728355874.48,0.0
9441,191,191,191,VN00191,191,TRX09441,86364772.25,0.0
9442,192,192,192,VN00192,192,TRX09442,0.0,383899169.06
9443,193,193,193,VN00193,193,TRX09443,0.0,888752365.55
9444,194,194,194,VN00194,194,TRX09444,57958431.75,0.0
9445,195,195,195,VN00195,195,TRX09445,0.0,525252194.52
9446,196,196,196,VN00196,196,TRX09446,0.0,139958088.79
9447,197,197,197,VN00197,197,TRX09447,467272534.95,0.0
9448,198,198,198,VN00198,198,TRX09448,0.0,125957269.91
9449,199,199,199,VN00199,199,TRX09449,77272760.15,0.0
9450,200,200,200,VN00200,200,TRX09450,0.0,523551960.19
9451,201,201,201,VN00201,201,TRX09451,318263260.37,0.0
9452,202,202,202,VN00202,202,TRX09452,657968288.37,0.0
9453,203,203,203,VN00203,203,TRX09453,0.0,548707994.28
9454,204,204,204,VN00204,204,TRX09454,0.0,559966356.73
9455,205,205,205,VN00205,205,TRX09455,557649602.04,0.0
9456,206,206,206,VN00206,206,TRX09456,0.0,335181364.28
9457,207,207,207,VN00207,207,TRX09457,126461783.58,0.0
9458,208,208,208,VN00208,208,TRX09458,415268881.7,0.0
9459,209,209,209,VN00209,209,TRX09459,0.0,145446251.75
9460,210,210,210,VN00210,210,TRX09460,0.0,954481315.61
9461,211,211,211,VN00211,211,TRX09461,122347180.05,0.0
9462,212,212,212,VN00212,212,TRX09462,265454035.46,0.0
9463,213,213,213,VN00213,213,TRX09463,823686214.04,0.0
9464,214,214,214,VN00214,214,TRX09464,576043249.39,0.0
9465,215,215,215,VN00215,215,TRX09465,0.0,944348487.77
9466,216,216,216,VN00216,216,TRX09466,92856497.09,0.0
9467,217,217,217,VN00217,217,TRX09467,350961170.59,0.0
9468,218,218,218,VN00218,218,TRX09468,0.0,760383333.23
9469,219,219,219,VN00219,219,TRX09469,0.0,15793421.58
9470,220,220,220,VN00220,220,TRX09470,0.0,908748731.16
9471,221,221,221,VN00221,221,TRX09471,499205040.39,0.0
9472,222,222,222,VN00222,222,TRX09472,461484654.03,0.0
9473,223,223,223,VN00223,223,TRX09473,463858841.07,0.0
9474,224,224,224,VN00224,224,TRX09474,665653920.72,0.0
9475,225,225,225,VN00225,225,TRX09475,557689823.87,0.0
9476,226,226,226,VN00226,226,TRX09476,733921045.35,0.0
9477,227,227,227,VN00227,227,TRX09477,156512953.62,0.0
9478,228,228,228,VN00228,228,TRX09478,891440002.49,0.0
9479,229,229,229,VN00229,229,TRX09479,0.0,438789966.35
9480,230,230,230,VN00230,230,TRX09480,0.0,497635965.26
9481,231,231,231,VN00231,231,TRX09481,147897671.93,0.0
9482,232,232,232,VN00232,232,TRX09482,747269925.49,0.0
9483,233,233,233,VN00233,233,TRX09483,447230296.45,0.0
9484,234,234,234,VN00234,234,TRX09484,216893115.76,0.0
9485,235,235,235,VN00235,235,TRX09485,765623092.85,0.0
9486,236,236,236,VN00236,236,TRX09486,0.0,612019139.34
9487,237,237,237,VN00237,237,TRX09487,268519093.58,0.0
9488,238,238,238,VN00238,238,TRX09488,0.0,119840343.17
9489,239,239,239,VN00239,239,TRX09489,0.0,395696836.35
9490,240,240,240,VN00240,240,TRX09490,847961869.08,0.0
9491,241,241,241,VN00241,241,TRX09491,0.0,216697771.25
9492,242,242,242,VN00242,242,TRX09492,396243801.32,0.0
9493,243,243,243,VN00243,243,TRX09493,0.0,298272100.31
9494,244,244,244,VN00244,244,TRX09494,195511553.35,0.0
9495,245,245,245,VN00245,245,TRX09495,601848841.19,0.0
9496,246,246,246,VN00246,246,TRX09496,0.0,177012066.75
9497,247,247,247,VN00247,247,TRX09497,516605655.61,0.0
9498,248,248,248,VN00248,248,TRX09498,0.0,239644467.48
9499,249,249,249,VN00249,249,TRX09499,0.0,927232223.24
9500,250,250,250,VN00250,250,TRX09500,0.0,150842190.85
9501,1,1,1,VN00001,1,TRX09501,580317169.11,0.0
9502,2,2,2,VN00002,2,TRX09502,449757364.55,0.0
9503,3,3,3,VN00003,3,TRX09503,0.0,119157901.81
9504,4,4,4,VN00004,4,TRX09504,0.0,985842913.25
9505,5,5,5,VN00005,5,TRX09505,0.0,92323888.49
9506,6,6,6,VN00006,6,TRX09506,149797838.81,0.0
9507,7,7,7,VN00007,7,TRX09507,0.0,835245011.49
9508,8,8,8,VN00008,8,TRX09508,888605290.32,0.0
9509,9,9,9,VN00009,9,TRX09509,0.0,819979800.71
9510,10,10,10,VN00010,10,TRX09510,753292880.65,0.0
9511,11,11,11,VN00011,11,TRX09511,0.0,216450384.19
9512,12,12,12,VN00012,12,TRX09512,0.0,821061730.21
9513,13,13,13,VN00013,13,TRX09513,5872886.6,0.0
9514,14,14,14,VN00014,14,TRX09514,574680480.58,0.0
9515,15,15,15,VN00015,15,TRX09515,172476600.0,0.0
9516,16,16,16,VN00016,16,TRX09516,0.0,153141233.7
9517,17,17,17,VN00017,17,TRX09517,0.0,795664818.52
9518,18,18,18,VN00018,18,TRX09518,0.0,683496109.18
9519,19,19,19,VN00019,19,TRX09519,490943836.97,0.0
9520,20,20,20,VN00020,20,TRX09520,411082281.66,0.0
9521,21,21,21,VN00021,21,TRX09521,0.0,64593044.06
9522,22,22,22,VN00022,22,TRX09522,206071532.64,0.0
9523,23,23,23,VN00023,23,TRX09523,0.0,809894146.79
9524,24,24,24,VN00024,24,TRX09524,859268803.75,0.0
9525,25,25,25,VN00025,25,TRX09525,0.0,12118369.73
9526,26,26,26,VN00026,26,TRX09526,0.0,474449144.43
9527,27,27,27,VN00027,27,TRX09527,740685376.32,0.0
9528,28,28,28,VN00028,28,TRX09528,0.0,679691048.91
9529,29,29,29,VN00029,29,TRX09529,972290480.27,0.0
9530,30,30,30,VN00030,30,TRX09530,0.0,626684808.84
9531,31,31,31,VN00031,31,TRX09531,0.0,20619614.98
9532,32,32,32,VN00032,32,TRX09532,0.0,657019887.35
9533,33,33,33,VN00033,33,TRX09533,0.0,691401962.6
9534,34,34,34,VN00034,34,TRX09534,0.0,167320425.54
9535,35,35,35,VN00035,35,TRX09535,0.0,62403361.3
9536,36,36,36,VN00036,36,TRX09536,0.0,807104158.9
9537,37,37,37,VN00037,37,TRX09537,0.0,428727474.88
9538,38,38,38,VN00038,38,TRX09538,0.0,984442072.61
9539,39,39,39,VN00039,39,TRX09539,629750781.02,0.0
9540,40,40,40,VN00040,40,TRX09540,281301915.11,0.0
9541,41,41,41,VN00041,41,TRX09541,218907851.93,0.0
9542,42,42,42,VN00042,42,TRX09542,812368695.66,0.0
9543,43,43,43,VN00043,43,TRX09543,0.0,112787463.9
9544,44,44,44,VN00044,44,TRX09544,0.0,97051229.59
9545,45,45,45,VN00045,45,TRX09545,0.0,253150153.9
9546,46,46,46,VN00046,46,TRX09546,0.0,596871113.03
9547,47,47,47,VN00047,47,TRX09547,0.0,679628545.67
9548,48,48,48,VN00048,48,TRX09548,840890573.15,0.0
9549,49,49,49,VN00049,49,TRX09549,0.0,810044884.86
9550,50,50,50,VN00050,50,TRX09550,923033226.35,0.0
9551,51,51,51,VN00051,51,TRX09551,0.0,989400352.53
9552,52,52,52,VN00052,52,TRX09552,0.0,69027915.87
9553,53,53,53,VN00053,53,TRX09553,612777269.43,0.0
9554,54,54,54,VN00054,54,TRX09554,136780867.95,0.0
9555,55,55,55,VN00055,55,TRX09555,0.0,33140585.43
9556,56,56,56,VN00056,56,TRX09556,370254213.99,0.0
9557,57,57,57,VN00057,57,TRX09557,79092732.06,0.0
9558,58,58,58,VN00058,58,TRX09558,0.0,238208131.3
9559,59,59,59,VN00059,59,TRX09559,0.0,827574686.37
9560,60,60,60,VN00060,60,TRX09560,656605413.14,0.0
9561,61,61,61,VN00061,61,TRX09561,668039436.19,0.0
9562,62,62,62,VN00062,62,TRX09562,998526174.33,0.0
9563,63,63,63,VN00063,63,TRX09563,0.0,972299131.84
9564,64,64,64,VN00064,64,TRX09564,40825213.69,0.0
9565,65,65,65,VN00065,65,TRX09565,0.0,246763376.36
9566,66,66,66,VN00066,66,TRX09566,595977694.75,0.0
9567,67,67,67,VN00067,67,TRX09567,0.0,947046481.52
9568,68,68,68,VN00068,68,TRX09568,0.0,954684661.96
9569,69,69,69,VN00069,69,TRX09569,219390837.65,0.0
9570,70,70,70,VN00070,70,TRX09570,923756672.44,0.0
9571,71,71,71,VN00071,71,TRX09571,0.0,176326345.27
9572,72,72,72,VN00072,72,TRX09572,539855296.41,0.0
9573,73,73,73,VN00073,73,TRX09573,0.0,593231004.09
9574,74,74,74,VN00074,74,TRX09574,0.0,765350972.19
9575,75,75,75,VN00075,75,TRX09575,818604343.48,0.0
9576,76,76,76,VN00076,76,TRX09576,103138116.8,0.0
9577,77,77,77,VN00077,77,TRX09577,776529007.6,0.0
9578,78,78,78,VN00078,78,TRX09578,0.0,958651924.16
9579,79,79,79,VN00079,79,TRX09579,0.0,839677942.49
9580,80,80,80,VN00080,80,TRX09580,49525699.91,0.0
9581,81,81,81,VN00081,81,TRX09581,996066317.62,0.0
9582,82,82,82,VN00082,82,TRX09582,0.0,970892073.28
9583,83,83,83,VN00083,83,TRX09583,456847997.19,0.0
9584,84,84,84,VN00084,84,TRX09584,0.0,406119991.08
9585,85,85,85,VN00085,85,TRX09585,0.0,923365606.27
9586,86,86,86,VN00086,86,TRX09586,0.0,786121292.18
9587,87,87,87,VN00087,87,TRX09587,0.0,781958986.41
9588,88,88,88,VN00088,88,TRX09588,528121599.47,0.0
9589,89,89,89,VN00089,89,TRX09589,925355681.24,0.0
9590,90,90,90,VN00090,90,TRX09590,70473253.41,0.0
9591,91,91,91,VN00091,91,TRX09591,135609942.89,0.0
9592,92,92,92,VN00092,92,TRX09592,728440068.44,0.0
9593,93,93,93,VN00093,93,TRX09593,968651587.49,0.0
9594,94,94,94,VN00094,94,TRX09594,937654585.44,0.0
9595,95,95,95,VN00095,95,TRX09595,0.0,909802044.78
9596,96,96,96,VN00096,96,TRX09596,854701276.48,0.0
9597,97,97,97,VN00097,97,TRX09597,796223395.41,0.0
9598,98,98,98,VN00098,98,TRX09598,0.0,859713664.57
9599,99,99,99,VN00099,99,TRX09599,0.0,552262353.94
9600,100,100,100,VN00100,100,TRX09600,501106939.35,0.0
9601,101,101,101,VN00101,101,TRX09601,441387506.84,0.0
9602,102,102,102,VN00102,102,TRX09602,266320180.21,0.0
9603,103,103,103,VN00103,103,TRX09603,822443896.63,0.0
9604,104,104,104,VN00104,104,TRX09604,111262342.95,0.0
9605,105,105,105,VN00105,105,TRX09605,0.0,541548229.88
9606,106,106,106,VN00106,106,TRX09606,0.0,447437087.87
9607,107,107,107,VN00107,107,TRX09607,0.0,719240242.73
9608,108,108,108,VN00108,108,TRX09608,0.0,799037490.96
9609,109,109,109,VN00109,109,TRX09609,0.0,94966817.06
9610,110,110,110,VN00110,110,TRX09610,0.0,980931508.0
9611,111,111,111,VN00111,111,TRX09611,494474764.43,0.0
9612,112,112,112,VN00112,112,TRX09612,424282344.95,0.0
9613,113,113,113,VN00113,113,TRX09613,433006709.08,0.0
9614,114,114,114,VN00114,114,TRX09614,0.0,680066047.02
9615,115,115,115,VN00115,115,TRX09615,0.0,74137715.61
9616,116,116,116,VN00116,116,TRX09616,755402288.59,0.0
9617,117,117,117,VN00117,117,TRX09617,456473605.44,0.0
9618,118,118,118,VN00118,118,TRX09618,0.0,801599137.36
9619,119,119,119,VN00119,119,TRX09619,0.0,435249387.93
9620,120,120,120,VN00120,120,TRX09620,328508731.81,0.0
9621,121,121,121,VN00121,121,TRX09621,161001571.21,0.0
9622,122,122,122,VN00122,122,TRX09622,174542195.47,0.0
9623,123,123,123,VN00123,123,TRX09623,0.0,837926073.89
9624,124,124,124,VN00124,124,TRX09624,0.0,646755408.84
9625,125,125,125,VN00125,125,TRX09625,238992593.98,0.0
9626,126,126,126,VN00126,126,TRX09626,759148676.67,0.0
9627,127,127,127,VN00127,127,TRX09627,0.0,828787879.83
9628,128,128,128,VN00128,128,TRX09628,0.0,800361036.5
9629,129,129,129,VN00129,129,TRX09629,903945565.09,0.0
9630,130,130,130,VN00130,130,TRX09630,935900141.12,0.0
9631,131,131,131,VN00131,131,TRX09631,0.0,257048906.4
9632,132,132,132,VN00132,132,TRX09632,611560870.64,0.0
9633,133,133,133,VN00133,133,TRX09633,292715089.76,0.0
9634,134,134,134,VN00134,134,TRX09634,971014656.72,0.0
9635,135,135,135,VN00135,135,TRX09635,195546637.1,0.0
9636,136,136,136,VN00136,136,TRX09636,728127294.73,0.0
9637,137,137,137,VN00137,137,TRX09637,0.0,356535768.46
9638,138,138,138,VN00138,138,TRX09638,980813819.6,0.0
9639,139,139,139,VN00139,139,TRX09639,0.0,634096940.57
9640,140,140,140,VN00140,140,TRX09640,541369424.02,0.0
9641,141,141,141,VN00141,141,TRX09641,0.0,559191468.24
9642,142,142,142,VN00142,142,TRX09642,0.0,217466488.77
9643,143,143,143,VN00143,143,TRX09643,0.0,949090005.22
9644,144,144,144,VN00144,144,TRX09644,0.0,3634708.12
9645,145,145,145,VN00145,145,TRX09645,604173197.72,0.0
9646,146,146,146,VN00146,146,TRX09646,0.0,681125740.11
9647,147,147,147,VN00147,147,TRX09647,0.0,466659120.14
9648,148,148,148,VN00148,148,TRX09648,305135836.8,0.0
9649,149,149,149,VN00149,149,TRX09649,186043138.42,0.0
9650,150,150,150,VN00150,150,TRX09650,396073350.48,0.0
9651,151,151,151,VN00151,151,TRX09651,9312064.41,0.0
9652,152,152,152,VN00152,152,TRX09652,0.0,243866141.43
9653,153,153,153,VN00153,153,TRX09653,181467306.59,0.0
9654,154,154,154,VN00154,154,TRX09654,0.0,434483795.51
9655,155,155,155,VN00155,155,TRX09655,6886419.09,0.0
9656,156,156,156,VN00156,156,TRX09656,226082105.7,0.0
9657,157,157,157,VN00157,157,TRX09657,0.0,141296849.97
9658,158,158,158,VN00158,158,TRX09658,836392408.71,0.0
9659,159,159,159,VN00159,159,TRX09659,0.0,146701300.79
9660,160,160,160,VN00160,160,TRX09660,0.0,753344534.49
9661,161,161,161,VN00161,161,TRX09661,763934409.48,0.0
9662,162,162,162,VN00162,162,TRX09662,122339375.38,0.0
9663,163,163,163,VN00163,163,TRX09663,0.0,562288145.37
9664,164,164,164,VN00164,164,TRX09664,0.0,479143635.74
9665,165,165,165,VN00165,165,TRX09665,0.0,609727795.12
9666,166,166,166,VN00166,166,TRX09666,0.0,856802590.21
9667,167,167,167,VN00167,167,TRX09667,0.0,261746159.33
9668,168,168,168,VN00168,168,TRX09668,0.0,374073105.56
9669,169,169,169,VN00169,169,TRX09669,0.0,320519272.16
9670,170,170,170,VN00170,170,TRX09670,144024245.85,0.0
9671,171,171,171,VN00171,171,TRX09671,369157063.62,0.0
9672,172,172,172,VN00172,172,TRX09672,0.0,361953870.16
9673,173,173,173,VN00173,173,TRX09673,0.0,139092333.23
9674,174,174,174,VN00174,174,TRX09674,434091891.11,0.0
9675,175,175,175,VN00175,175,TRX09675,153298227.07,0.0
9676,176,176,176,VN00176,176,TRX09676,91452035.59,0.0
9677,177,177,177,VN00177,177,TRX09677,0.0,275431687.23
9678,178,178,178,VN00178,178,TRX09678,0.0,27647404.13
9679,179,179,179,VN00179,179,TRX09679,0.0,891646607.39
9680,180,180,180,VN00180,180,TRX09680,711628933.9,0.0
9681,181,181,181,VN00181,181,TRX09681,0.0,564283798.76
9682,182,182,182,VN00182,182,TRX09682,210054938.13,0.0
9683,183,183,183,VN00183,183,TRX09683,0.0,363873828.94
9684,184,184,184,VN00184,184,TRX09684,0.0,825104954.79
9685,185,185,185,VN00185,185,TRX09685,705136617.51,0.0
9686,186,186,186,VN00186,186,TRX09686,0.0,884174903.63
9687,187,187,187,VN00187,187,TRX09687,571853997.93,0.0
9688,188,188,188,VN00188,188,TRX09688,0.0,676077792.68
9689,189,189,189,VN00189,189,TRX09689,832617557.52,0.0
9690,190,190,190,VN00190,190,TRX09690,0.0,999097410.46
9691,191,191,191,VN00191,191,TRX09691,0.0,858798933.49
9692,192,192,192,VN00192,192,TRX09692,0.0,88214730.93
9693,193,193,193,VN00193,193,TRX09693,995552655.77,0.0
9694,194,194,194,VN00194,194,TRX09694,0.0,567316940.21
9695,195,195,195,VN00195,195,TRX09695,0.0,386142490.55
9696,196,196,196,VN00196,196,TRX09696,382968559.51,0.0
9697,197,197,197,VN00197,197,TRX09697,710219566.32,0.0
9698,198,198,198,VN00198,198,TRX09698,96140569.22,0.0
9699,199,199,199,VN00199,199,TRX09699,750673057.48,0.0
9700,200,200,200,VN00200,200,TRX09700,506595730.76,0.0
9701,201,201,201,VN00201,201,TRX09701,0.0,17669477.82
9702,202,202,202,VN00202,202,TRX09702,162392569.32,0.0
9703,203,203,203,VN00203,203,TRX09703,0.0,514630885.4
9704,204,204,204,VN00204,204,TRX09704,241042845.75,0.0
9705,205,205,205,VN00205,205,TRX09705,828018978.35,0.0
9706,206,206,206,VN00206,206,TRX09706,0.0,874891476.07
9707,207,207,207,VN00207,207,TRX09707,68418864.75,0.0
9708,208,208,208,VN00208,208,TRX09708,0.0,806529237.05
9709,209,209,209,VN00209,209,TRX09709,411241943.92,0.0
9710,210,210,210,VN00210,210,TRX09710,0.0,886460477.87
9711,211,211,211,VN00211,211,TRX09711,909941701.51,0.0
9712,212,212,212,VN00212,212,TRX09712,405633462.31,0.0
9713,213,213,213,VN00213,213,TRX09713,0.0,706938169.9
9714,214,214,214,VN00214,214,TRX09714,421491287.9,0.0
9715,215,215,215,VN00215,215,TRX09715,6211673.35,0.0
9716,216,216,216,VN00216,216,TRX09716,0.0,629010312.15
9717,217,217,217,VN00217,217,TRX09717,0.0,467761304.28
9718,218,218,218,VN00218,218,TRX09718,0.0,769000825.45
9719,219,219,219,VN00219,219,TRX09719,857924377.87,0.0
9720,220,220,220,VN00220,220,TRX09720,830535022.34,0.0
9721,221,221,221,VN00221,221,TRX09721,0.0,829415162.61
9722,222,222,222,VN00222,222,TRX09722,0.0,227584078.62
9723,223,223,223,VN00223,223,TRX09723,162435087.78,0.0
9724,224,224,224,VN00224,224,TRX09724,860689153.44,0.0
9725,225,225,225,VN00225,225,TRX09725,843407268.43,0.0
9726,226,226,226,VN00226,226,TRX09726,0.0,85907342.47
9727,227,227,227,VN00227,227,TRX09727,759354534.29,0.0
9728,228,228,228,VN00228,228,TRX09728,0.0,327078881.58
9729,229,229,229,VN00229,229,TRX09729,840681507.44,0.0
9730,230,230,230,VN00230,230,TRX09730,635725916.61,0.0
9731,231,231,231,VN00231,231,TRX09731,0.0,267244380.78
9732,232,232,232,VN00232,232,TRX09732,0.0,657299516.66
9733,233,233,233,VN00233,233,TRX09733,0.0,273656144.46
9734,234,234,234,VN00234,234,TRX09734,0.0,862832045.18
9735,235,235,235,VN00235,235,TRX09735,623169593.75,0.0
9736,236,236,236,VN00236,236,TRX09736,710470134.94,0.0
9737,237,237,237,VN00237,237,TRX09737,0.0,122935026.48
9738,238,238,238,VN00238,238,TRX09738,0.0,228123241.75
9739,239,239,239,VN00239,239,TRX09739,856231421.96,0.0
9740,240,240,240,VN00240,240,TRX09740,0.0,548949696.91
9741,241,241,241,VN00241,241,TRX09741,471435926.09,0.0
9742,242,242,242,VN00242,242,TRX09742,0.0,778534701.02
9743,243,243,243,VN00243,243,TRX09743,0.0,437320051.26
9744,244,244,244,VN00244,244,TRX09744,0.0,357432787.91
9745,245,245,245,VN00245,245,TRX09745,0.0,498513429.73
9746,246,246,246,VN00246,246,TRX09746,267346607.87,0.0
9747,247,247,247,VN00247,247,TRX09747,496741382.63,0.0
9748,248,248,248,VN00248,248,TRX09748,0.0,467702465.65
9749,249,249,249,VN00249,249,TRX09749,0.0,932018123.73
9750,250,250,250,VN00250,250,TRX09750,181534153.07,0.0
9751,1,1,1,VN00001,1,TRX09751,0.0,102775389.89
9752,2,2,2,VN00002,2,TRX09752,0.0,255324293.92
9753,3,3,3,VN00003,3,TRX09753,0.0,663946770.44
9754,4,4,4,VN00004,4,TRX09754,0.0,129590556.32
9755,5,5,5,VN00005,5,TRX09755,71701588.87,0.0
9756,6,6,6,VN00006,6,TRX09756,547702883.27,0.0
9757,7,7,7,VN00007,7,TRX09757,874618572.75,0.0
9758,8,8,8,VN00008,8,TRX09758,552749101.59,0.0
9759,9,9,9,VN00009,9,TRX09759,849161142.24,0.0
9760,10,10,10,VN00010,10,TRX09760,154359382.12,0.0
9761,11,11,11,VN00011,11,TRX09761,0.0,301201603.01
9762,12,12,12,VN00012,12,TRX09762,792561091.56,0.0
9763,13,13,13,VN00013,13,TRX09763,0.0,288493555.68
9764,14,14,14,VN00014,14,TRX09764,0.0,339821040.29
9765,15,15,15,VN00015,15,TRX09765,729758597.69,0.0
9766,16,16,16,VN00016,16,TRX09766,982716632.95,0.0
9767,17,17,17,VN00017,17,TRX09767,0.0,6769829.28
9768,18,18,18,VN00018,18,TRX09768,0.0,311430652.16
9769,19,19,19,VN00019,19,TRX09769,0.0,334410699.78
9770,20,20,20,VN00020,20,TRX09770,203246604.04,0.0
9771,21,21,21,VN00021,21,TRX09771,0.0,442682021.61
9772,22,22,22,VN00022,22,TRX09772,139429501.28,0.0
9773,23,23,23,VN00023,23,TRX09773,0.0,852377992.93
9774,24,24,24,VN00024,24,TRX09774,0.0,429678204.55
9775,25,25,25,VN00025,25,TRX09775,0.0,593936583.62
9776,26,26,26,VN00026,26,TRX09776,0.0,466785485.86
9777,27,27,27,VN00027,27,TRX09777,234174886.36,0.0
9778,28,28,28,VN00028,28,TRX09778,560984059.7,0.0
9779,29,29,29,VN00029,29,TRX09779,311186540.6,0.0
9780,30,30,30,VN00030,30,TRX09780,0.0,370000756.76
9781,31,31,31,VN00031,31,TRX09781,0.0,510187769.01
9782,32,32,32,VN00032,32,TRX09782,220140939.52,0.0
9783,33,33,33,VN00033,33,TRX09783,0.0,894239804.12
9784,34,34,34,VN00034,34,TRX09784,0.0,481388963.75
9785,35,35,35,VN00035,35,TRX09785,48815474.05,0.0
9786,36,36,36,VN00036,36,TRX09786,0.0,255788949.77
9787,37,37,37,VN00037,37,TRX09787,0.0,681860789.68
9788,38,38,38,VN00038,38,TRX09788,500892992.8,0.0
9789,39,39,39,VN00039,39,TRX09789,0.0,424953012.98
9790,40,40,40,VN00040,40,TRX09790,299899404.76,0.0
9791,41,41,41,VN00041,41,TRX09791,105807029.34,0.0
9792,42,42,42,VN00042,42,TRX09792,73734664.87,0.0
9793,43,43,43,VN00043,43,TRX09793,0.0,743176350.43
9794,44,44,44,VN00044,44,TRX09794,249487202.64,0.0
9795,45,45,45,VN00045,45,TRX09795,361503668.62,0.0
9796,46,46,46,VN00046,46,TRX09796,0.0,332611811.28
9797,47,47,47,VN00047,47,TRX09797,162499941.89,0.0
9798,48,48,48,VN00048,48,TRX09798,493603096.23,0.0
9799,49,49,49,VN00049,49,TRX09799,0.0,487142429.65
9800,50,50,50,VN00050,50,TRX09800,735107674.02,0.0
9801,51,51,51,VN00051,51,TRX09801,0.0,977744673.05
9802,52,52,52,VN00052,52,TRX09802,136632223.66,0.0
9803,53,53,53,VN00053,53,TRX09803,0.0,661385083.84
9804,54,54,54,VN00054,54,TRX09804,746601762.05,0.0
9805,55,55,55,VN00055,55,TRX09805,213225716.92,0.0
9806,56,56,56,VN00056,56,TRX09806,0.0,950820760.93
9807,57,57,57,VN00057,57,TRX09807,258605404.1,0.0
9808,58,58,58,VN00058,58,TRX09808,0.0,899924419.52
9809,59,59,59,VN00059,59,TRX09809,734802676.61,0.0
9810,60,60,60,VN00060,60,TRX09810,876991370.58,0.0
9811,61,61,61,VN00061,61,TRX09811,5658248.38,0.0
9812,62,62,62,VN00062,62,TRX09812,989447039.63,0.0
9813,63,63,63,VN00063,63,TRX09813,0.0,554118314.99
9814,64,64,64,VN00064,64,TRX09814,0.0,523073193.15
9815,65,65,65,VN00065,65,TRX09815,0.0,425002319.98
9816,66,66,66,VN00066,66,TRX09816,0.0,374018588.66
9817,67,67,67,VN00067,67,TRX09817,0.0,602553067.87
9818,68,68,68,VN00068,68,TRX09818,233580171.66,0.0
9819,69,69,69,VN00069,69,TRX09819,0.0,999397200.12
9820,70,70,70,VN00070,70,TRX09820,53680879.0,0.0
9821,71,71,71,VN00071,71,TRX09821,0.0,83103326.07
9822,72,72,72,VN00072,72,TRX09822,0.0,25496553.86
9823,73,73,73,VN00073,73,TRX09823,189054839.92,0.0
9824,74,74,74,VN00074,74,TRX09824,0.0,789694790.19
9825,75,75,75,VN00075,75,TRX09825,0.0,521774131.75
9826,76,76,76,VN00076,76,TRX09826,0.0,904609311.11
9827,77,77,77,VN00077,77,TRX09827,180360062.54,0.0
9828,78,78,78,VN00078,78,TRX09828,496309505.23,0.0
9829,79,79,79,VN00079,79,TRX09829,0.0,885282882.58
9830,80,80,80,VN00080,80,TRX09830,165443009.33,0.0
9831,81,81,81,VN00081,81,TRX09831,682637770.69,0.0
9832,82,82,82,VN00082,82,TRX09832,0.0,911552700.07
9833,83,83,83,VN00083,83,TRX09833,856659031.78,0.0
9834,84,84,84,VN00084,84,TRX09834,0.0,112141383.93
9835,85,85,85,VN00085,85,TRX09835,0.0,290998883.53
9836,86,86,86,VN00086,86,TRX09836,353344716.66,0.0
9837,87,87,87,VN00087,87,TRX09837,767995837.67,0.0
9838,88,88,88,VN00088,88,TRX09838,0.0,160496493.74
9839,89,89,89,VN00089,89,TRX09839,0.0,22309573.57
9840,90,90,90,VN00090,90,TRX09840,0.0,577186467.18
9841,91,91,91,VN00091,91,TRX09841,554759806.16,0.0
9842,92,92,92,VN00092,92,TRX09842,0.0,251593792.85
9843,93,93,93,VN00093,93,TRX09843,0.0,25394370.75
9844,94,94,94,VN00094,94,TRX09844,734726398.59,0.0
9845,95,95,95,VN00095,95,TRX09845,557475975.22,0.0
9846,96,96,96,VN00096,96,TRX09846,113212758.48,0.0
9847,97,97,97,VN00097,97,TRX09847,0.0,404256917.47
9848,98,98,98,VN00098,98,TRX09848,0.0,325609480.19
9849,99,99,99,VN00099,99,TRX09849,2235545.44,0.0
9850,100,100,100,VN00100,100,TRX09850,567433950.07,0.0
9851,101,101,101,VN00101,101,TRX09851,0.0,646419823.71
9852,102,102,102,VN00102,102,TRX09852,424340541.33,0.0
9853,103,103,103,VN00103,103,TRX09853,0.0,923979651.01
9854,104,104,104,VN00104,104,TRX09854,0.0,12768158.67
9855,105,105,105,VN00105,105,TRX09855,76193560.48,0.0
9856,106,106,106,VN00106,106,TRX09856,0.0,545379717.81
9857,107,107,107,VN00107,107,TRX09857,0.0,266989879.34
9858,108,108,108,VN00108,108,TRX09858,0.0,733655544.29
9859,109,109,109,VN00109,109,TRX09859,0.0,959539345.26
9860,110,110,110,VN00110,110,TRX09860,0.0,720008808.13
9861,111,111,111,VN00111,111,TRX09861,534335907.82,0.0
9862,112,112,112,VN00112,112,TRX09862,876168761.53,0.0
9863,113,113,113,VN00113,113,TRX09863,0.0,510736954.83
9864,114,114,114,VN00114,114,TRX09864,351686574.19,0.0
9865,115,115,115,VN00115,115,TRX09865,60447779.82,0.0
9866,116,116,116,VN00116,116,TRX09866,0.0,592952456.49
9867,117,117,117,VN00117,117,TRX09867,0.0,246304900.25
9868,118,118,118,VN00118,118,TRX09868,631258590.95,0.0
9869,119,119,119,VN00119,119,TRX09869,0.0,863772240.65
9870,120,120,120,VN00120,120,TRX09870,126656700.83,0.0
9871,121,121,121,VN00121,121,TRX09871,202186551.8,0.0
9872,122,122,122,VN00122,122,TRX09872,0.0,664558106.45
9873,123,123,123,VN00123,123,TRX09873,0.0,180343656.94
9874,124,124,124,VN00124,124,TRX09874,0.0,579525245.46
9875,125,125,125,VN00125,125,TRX09875,0.0,346571872.36
9876,126,126,126,VN00126,126,TRX09876,92546776.57,0.0
9877,127,127,127,VN00127,127,TRX09877,0.0,49062379.38
9878,128,128,128,VN00128,128,TRX09878,0.0,642404419.98
9879,129,129,129,VN00129,129,TRX09879,947962149.17,0.0
9880,130,130,130,VN00130,130,TRX09880,857304344.83,0.0
9881,131,131,131,VN00131,131,TRX09881,0.0,380891132.03
9882,132,132,132,VN00132,132,TRX09882,115663424.69,0.0
9883,133,133,133,VN00133,133,TRX09883,0.0,97882424.91
9884,134,134,134,VN00134,134,TRX09884,0.0,128704999.84
9885,135,135,135,VN00135,135,TRX09885,0.0,722655428.71
9886,136,136,136,VN00136,136,TRX09886,0.0,483835555.43
9887,137,137,137,VN00137,137,TRX09887,0.0,691532434.25
9888,138,138,138,VN00138,138,TRX09888,0.0,888718331.74
9889,139,139,139,VN00139,139,TRX09889,0.0,322728700.74
9890,140,140,140,VN00140,140,TRX09890,381338732.01,0.0
9891,141,141,141,VN00141,141,TRX09891,137975107.63,0.0
9892,142,142,142,VN00142,142,TRX09892,0.0,332830533.93
9893,143,143,143,VN00143,143,TRX09893,584049683.44,0.0
9894,144,144,144,VN00144,144,TRX09894,0.0,328193213.55
9895,145,145,145,VN00145,145,TRX09895,587678590.53,0.0
9896,146,146,146,VN00146,146,TRX09896,294852233.59,0.0
9897,147,147,147,VN00147,147,TRX09897,768395711.67,0.0
9898,148,148,148,VN00148,148,TRX09898,144445738.45,0.0
9899,149,149,149,VN00149,149,TRX09899,0.0,414097151.27
9900,150,150,150,VN00150,150,TRX09900,0.0,990331544.28
9901,151,151,151,VN00151,151,TRX09901,788703274.2,0.0
9902,152,152,152,VN00152,152,TRX09902,873198723.3,0.0
9903,153,153,153,VN00153,153,TRX09903,316126943.16,0.0
9904,154,154,154,VN00154,154,TRX09904,642211549.85,0.0
9905,155,155,155,VN00155,155,TRX09905,60124418.56,0.0
9906,156,156,156,VN00156,156,TRX09906,0.0,616716763.55
9907,157,157,157,VN00157,157,TRX09907,221896915.23,0.0
9908,158,158,158,VN00158,158,TRX09908,178807518.82,0.0
9909,159,159,159,VN00159,159,TRX09909,349180892.02,0.0
9910,160,160,160,VN00160,160,TRX09910,637060559.28,0.0
9911,161,161,161,VN00161,161,TRX09911,0.0,762841206.3
9912,162,162,162,VN00162,162,TRX09912,390709245.67,0.0
9913,163,163,163,VN00163,163,TRX09913,252663620.66,0.0
9914,164,164,164,VN00164,164,TRX09914,709030580.73,0.0
9915,165,165,165,VN00165,165,TRX09915,0.0,383819983.77
9916,166,166,166,VN00166,166,TRX09916,386832062.22,0.0
9917,167,167,167,VN00167,167,TRX09917,428225506.86,0.0
9918,168,168,168,VN00168,168,TRX09918,890050169.54,0.0
9919,169,169,169,VN00169,169,TRX09919,0.0,946635258.23
9920,170,170,170,VN00170,170,TRX09920,0.0,614426580.83
9921,171,171,171,VN00171,171,TRX09921,954879043.26,0.0
9922,172,172,172,VN00172,172,TRX09922,497630871.18,0.0
9923,173,173,173,VN00173,173,TRX09923,76161078.72,0.0
9924,174,174,174,VN00174,174,TRX09924,447102546.27,0.0
9925,175,175,175,VN00175,175,TRX09925,0.0,193490271.97
9926,176,176,176,VN00176,176,TRX09926,0.0,343066025.35
9927,177,177,177,VN00177,177,TRX09927,0.0,823234929.78
9928,178,178,178,VN00178,178,TRX09928,0.0,867120667.29
9929,179,179,179,VN00179,179,TRX09929,213919932.69,0.0
9930,180,180,180,VN00180,180,TRX09930,919383441.01,0.0
9931,181,181,181,VN00181,181,TRX09931,17058540.12,0.0
9932,182,182,182,VN00182,182,TRX09932,773952315.83,0.0
9933,183,183,183,VN00183,183,TRX09933,0.0,492834176.87
9934,184,184,184,VN00184,184,TRX09934,135542919.16,0.0
9935,185,185,185,VN00185,185,TRX09935,992300643.65,0.0
9936,186,186,186,VN00186,186,TRX09936,0.0,500276268.71
9937,187,187,187,VN00187,187,TRX09937,192408473.12,0.0
9938,188,188,188,VN00188,188,TRX09938,247483930.69,0.0
9939,189,189,189,VN00189,189,TRX09939,474711145.97,0.0
9940,190,190,190,VN00190,190,TRX09940,670202133.46,0.0
9941,191,191,191,VN00191,191,TRX09941,0.0,514821175.87
9942,192,192,192,VN00192,192,TRX09942,0.0,155831082.58
9943,193,193,193,VN00193,193,TRX09943,0.0,843944979.89
9944,194,194,194,VN00194,194,TRX09944,339204625.0,0.0
9945,195,195,195,VN00195,195,TRX09945,901472557.66,0.0
9946,196,196,196,VN00196,196,TRX09946,0.0,892391928.31
9947,197,197,197,VN00197,197,TRX09947,0.0,872148138.67
9948,198,198,198,VN00198,198,TRX09948,222415031.76,0.0
9949,199,199,199,VN00199,199,TRX09949,488013497.39,0.0
9950,200,200,200,VN00200,200,TRX09950,0.0,380731899.99
9951,201,201,201,VN00201,201,TRX09951,797962069.8,0.0
9952,202,202,202,VN00202,202,TRX09952,176288911.12,0.0
9953,203,203,203,VN00203,203,TRX09953,0.0,868101622.12
9954,204,204,204,VN00204,204,TRX09954,0.0,651723797.29
9955,205,205,205,VN00205,205,TRX09955,0.0,743054871.03
9956,206,206,206,VN00206,206,TRX09956,854893260.94,0.0
9957,207,207,207,VN00207,207,TRX09957,0.0,260517050.7
9958,208,208,208,VN00208,208,TRX09958,967521983.39,0.0
9959,209,209,209,VN00209,209,TRX09959,0.0,572620531.38
9960,210,210,210,VN00210,210,TRX09960,0.0,273631167.0
9961,211,211,211,VN00211,211,TRX09961,119182236.35,0.0
9962,212,212,212,VN00212,212,TRX09962,0.0,354780816.85
9963,213,213,213,VN00213,213,TRX09963,271299317.19,0.0
9964,214,214,214,VN00214,214,TRX09964,0.0,630311008.94
9965,215,215,215,VN00215,215,TRX09965,500800441.29,0.0
9966,216,216,216,VN00216,216,TRX09966,0.0,559270502.8
9967,217,217,217,VN00217,217,TRX09967,0.0,517159875.53
9968,218,218,218,VN00218,218,TRX09968,126131173.96,0.0
9969,219,219,219,VN00219,219,TRX09969,424924663.41,0.0
9970,220,220,220,VN00220,220,TRX09970,0.0,450763975.47
9971,221,221,221,VN00221,221,TRX09971,688566125.47,0.0
9972,222,222,222,VN00222,222,TRX09972,0.0,416579082.56
9973,223,223,223,VN00223,223,TRX09973,0.0,19326994.7
9974,224,224,224,VN00224,224,TRX09974,142837645.51,0.0
9975,225,225,225,VN00225,225,TRX09975,328091505.46,0.0
9976,226,226,226,VN00226,226,TRX09976,327932780.46,0.0
9977,227,227,227,VN00227,227,TRX09977,0.0,603115793.6
9978,228,228,228,VN00228,228,TRX09978,0.0,755561905.83
9979,229,229,229,VN00229,229,TRX09979,259985862.62,0.0
9980,230,230,230,VN00230,230,TRX09980,111774703.9,0.0
9981,231,231,231,VN00231,231,TRX09981,421418280.61,0.0
9982,232,232,232,VN00232,232,TRX09982,199206999.44,0.0
9983,233,233,233,VN00233,233,TRX09983,0.0,386273322.76
9984,234,234,234,VN00234,234,TRX09984,990544240.33,0.0
9985,235,235,235,VN00235,235,TRX09985,0.0,373005973.29
9986,236,236,236,VN00236,236,TRX09986,3917836.24,0.0
9987,237,237,237,VN00237,237,TRX09987,0.0,752167075.3
9988,238,238,238,VN00238,238,TRX09988,0.0,44050836.17
9989,239,239,239,VN00239,239,TRX09989,757099566.69,0.0
9990,240,240,240,VN00240,240,TRX09990,703421442.32,0.0
9991,241,241,241,VN00241,241,TRX09991,0.0,557145907.56
9992,242,242,242,VN00242,242,TRX09992,0.0,158926028.1
9993,243,243,243,VN00243,243,TRX09993,0.0,523525909.74
9994,244,244,244,VN00244,244,TRX09994,0.0,724733622.4
9995,245,245,245,VN00245,245,TRX09995,530775743.99,0.0
9996,246,246,246,VN00246,246,TRX09996,0.0,797819724.72
9997,247,247,247,VN00247,247,TRX09997,585060221.64,0.0
9998,248,248,248,VN00248,248,TRX09998,0.0,445073339.22
9999,249,249,249,VN00249,249,TRX09999,220662121.55,0.0
10000,250,250,250,VN00250,250,TRX10000,613297165.8,0.0